Line count,Response time,current time,app id
1,7689.452,Konnichiwa from hello-cloud-node-1h7rl in cloud-node,5
2,4693.633,Konnichiwa from hello-cloud-node-1h7rl in cloud-node,2
3,5.343,Konnichiwa from hello-cloud-node-1h7rl in cloud-node,5
4,5.665,Konnichiwa from hello-cloud-node-1h7rl in cloud-node,2
5,5.799,Konnichiwa from hello-cloud-node-1h7rl in cloud-node,5
6,4.773000000000001,Konnichiwa from hello-cloud-node-1h7rl in cloud-node,2
7,5.478000000000001,Konnichiwa from hello-cloud-node-1h7rl in cloud-node,5
8,4.646,Konnichiwa from hello-cloud-node-1h7rl in cloud-node,5
9,3.987,Konnichiwa from hello-cloud-node-1h7rl in cloud-node,2
10,4.233,Konnichiwa from hello-cloud-node-1h7rl in cloud-node,5
11,358.159,Konnichiwa from hello-edge-node-e1zri in edge-node,2
12,93.72999999999999,Konnichiwa from hello-edge-node-e1zri in edge-node,5
13,80.491,Konnichiwa from hello-edge-node-e1zri in edge-node,2
14,71.89099999999999,Konnichiwa from hello-edge-node-e1zri in edge-node,5
15,79.527,Konnichiwa from hello-edge-node-e1zri in edge-node,2
16,83.688,Konnichiwa from hello-edge-node-e1zri in edge-node,5
17,77.029,Konnichiwa from hello-edge-node-e1zri in edge-node,2
18,1672.593,Konnichiwa from hello-edge-node-e1zri in edge-node,5
19,1673.583,Konnichiwa from hello-cloud-node-s74g1 in cloud-node,2
20,5005.958,Konnichiwa from hello-cloud-node-s74g1 in cloud-node,5
21,1672.73,Konnichiwa from hello-cloud-node-s74g1 in cloud-node,2
22,5007.621,Konnichiwa from hello-cloud-node-s74g1 in cloud-node,5
23,10008.044,Konnichiwa from hello-cloud-node-s74g1 in cloud-node,2
24,2007.5539999999999,Konnichiwa from hello-cloud-node-s74g1 in cloud-node,5
25,2508.562,Konnichiwa from hello-cloud-node-s74g1 in cloud-node,2
26,2007.038,Konnichiwa from hello-cloud-node-s74g1 in cloud-node,5
27,2506.906,Konnichiwa from hello-cloud-node-s74g1 in cloud-node,2
28,2006.672,Konnichiwa from hello-cloud-node-s74g1 in cloud-node,5
29,2508.185,Konnichiwa from hello-cloud-node-s74g1 in cloud-node,2
30,1435.602,Konnichiwa from hello-cloud-node-s74g1 in cloud-node,5
31,3340.279,Konnichiwa from hello-cloud-node-s74g1 in cloud-node,2
32,1434.7540000000001,Konnichiwa from hello-cloud-node-s74g1 in cloud-node,5
33,3339.263,Konnichiwa from hello-cloud-node-s74g1 in cloud-node,2
34,1434.345,Konnichiwa from hello-cloud-node-s74g1 in cloud-node,5
35,3339.621,Konnichiwa from hello-cloud-node-s74g1 in cloud-node,2
36,1436.303,Konnichiwa from hello-cloud-node-s74g1 in cloud-node,5
37,916.1310000000001,Konnichiwa from hello-cloud-node-s74g1 in cloud-node,2
38,1437.0240000000001,Konnichiwa from hello-cloud-node-s74g1 in cloud-node,5
39,917.572,Konnichiwa from hello-cloud-node-s74g1 in cloud-node,2
40,1434.616,Konnichiwa from hello-cloud-node-s74g1 in cloud-node,5
41,915.366,Konnichiwa from hello-cloud-node-s74g1 in cloud-node,2
42,1434.427,Konnichiwa from hello-cloud-node-s74g1 in cloud-node,5
43,915.15,Konnichiwa from hello-cloud-node-s74g1 in cloud-node,2
44,1434.4779999999998,Konnichiwa from hello-cloud-node-s74g1 in cloud-node,5
45,915.0859999999999,Konnichiwa from hello-cloud-node-s74g1 in cloud-node,2
46,2506.475,Konnichiwa from hello-cloud-node-s74g1 in cloud-node,5
47,5006.9800000000005,Konnichiwa from hello-cloud-node-s74g1 in cloud-node,2
48,2507.794,Konnichiwa from hello-cloud-node-s74g1 in cloud-node,5
49,5006.921,Konnichiwa from hello-cloud-node-s74g1 in cloud-node,2
50,2007.601,Konnichiwa from hello-cloud-node-s74g1 in cloud-node,5
51,3339.929,Konnichiwa from hello-cloud-node-s74g1 in cloud-node,2
52,2007.6860000000001,Konnichiwa from hello-cloud-node-s74g1 in cloud-node,5
53,3340.3559999999998,Konnichiwa from hello-cloud-node-s74g1 in cloud-node,2
54,2506.346,Konnichiwa from hello-cloud-node-s74g1 in cloud-node,5
55,1435.492,Konnichiwa from hello-cloud-node-s74g1 in cloud-node,2
56,2505.495,Konnichiwa from hello-cloud-node-s74g1 in cloud-node,5
57,1436.549,Konnichiwa from hello-cloud-node-s74g1 in cloud-node,2
58,2509.1009999999997,Konnichiwa from hello-cloud-node-s74g1 in cloud-node,5
59,1435.2350000000001,Konnichiwa from hello-cloud-node-s74g1 in cloud-node,2
60,10007.236,Konnichiwa from hello-cloud-node-s74g1 in cloud-node,5
61,1435.855,Konnichiwa from hello-cloud-node-s74g1 in cloud-node,2
62,2506.687,Konnichiwa from hello-cloud-node-s74g1 in cloud-node,5
63,1436.5,Konnichiwa from hello-cloud-node-s74g1 in cloud-node,2
64,2506.981,Konnichiwa from hello-cloud-node-s74g1 in cloud-node,5
65,1436.316,Konnichiwa from hello-cloud-node-s74g1 in cloud-node,2
66,2507.043,Konnichiwa from hello-cloud-node-s74g1 in cloud-node,5
67,2508.078,Konnichiwa from hello-cloud-node-s74g1 in cloud-node,2
68,1435.14,Konnichiwa from hello-cloud-node-s74g1 in cloud-node,5
69,2506.361,Konnichiwa from hello-cloud-node-s74g1 in cloud-node,2
70,1434.999,Konnichiwa from hello-cloud-node-s74g1 in cloud-node,5
71,2508.364,Konnichiwa from hello-cloud-node-s74g1 in cloud-node,2
72,1435.7040000000002,Konnichiwa from hello-cloud-node-s74g1 in cloud-node,5
73,3339.54,Konnichiwa from hello-cloud-node-s74g1 in cloud-node,2
74,10007.472,Konnichiwa from hello-cloud-node-s74g1 in cloud-node,5
75,1437.0629999999999,Konnichiwa from hello-cloud-node-s74g1 in cloud-node,2
76,5007.677000000001,Konnichiwa from hello-cloud-node-s74g1 in cloud-node,5
77,1436.192,Konnichiwa from hello-cloud-node-s74g1 in cloud-node,2
78,5007.558999999999,Konnichiwa from hello-cloud-node-s74g1 in cloud-node,5
79,5007.241,Konnichiwa from hello-cloud-node-s74g1 in cloud-node,2
80,3340.9179999999997,Konnichiwa from hello-cloud-node-s74g1 in cloud-node,5
81,5007.236,Konnichiwa from hello-cloud-node-s74g1 in cloud-node,2
82,3341.0730000000003,Konnichiwa from hello-cloud-node-s74g1 in cloud-node,5
83,2507.385,Konnichiwa from hello-cloud-node-s74g1 in cloud-node,2
84,2007.0489999999998,Konnichiwa from hello-cloud-node-s74g1 in cloud-node,5
85,2507.027,Konnichiwa from hello-cloud-node-s74g1 in cloud-node,2
86,2008.515,Konnichiwa from hello-cloud-node-s74g1 in cloud-node,5
87,2508.0550000000003,Konnichiwa from hello-cloud-node-s74g1 in cloud-node,2
88,2008.724,Konnichiwa from hello-cloud-node-s74g1 in cloud-node,5
89,2007.888,Konnichiwa from hello-cloud-node-s74g1 in cloud-node,2
90,2006.032,Konnichiwa from hello-cloud-node-s74g1 in cloud-node,5
91,2006.4639999999997,Konnichiwa from hello-cloud-node-s74g1 in cloud-node,2
92,2007.1080000000002,Konnichiwa from hello-cloud-node-s74g1 in cloud-node,5
93,2007.766,Konnichiwa from hello-cloud-node-s74g1 in cloud-node,2
94,2007.1729999999998,Konnichiwa from hello-cloud-node-s74g1 in cloud-node,5
95,2007.025,Konnichiwa from hello-cloud-node-s74g1 in cloud-node,2
96,2507.4900000000002,Konnichiwa from hello-cloud-node-s74g1 in cloud-node,5
97,2007.5669999999998,Konnichiwa from hello-cloud-node-s74g1 in cloud-node,2
98,2505.575,Konnichiwa from hello-cloud-node-s74g1 in cloud-node,5
99,2006.03,Konnichiwa from hello-cloud-node-s74g1 in cloud-node,2
100,2505.997,Konnichiwa from hello-cloud-node-s74g1 in cloud-node,5
101,2507.7729999999997,Konnichiwa from hello-cloud-node-s74g1 in cloud-node,2
102,1437.337,Konnichiwa from hello-cloud-node-s74g1 in cloud-node,5
103,2505.982,Konnichiwa from hello-cloud-node-s74g1 in cloud-node,2
104,1435.295,Konnichiwa from hello-cloud-node-s74g1 in cloud-node,5
105,2506.026,Konnichiwa from hello-cloud-node-s74g1 in cloud-node,2
106,1435.92,Konnichiwa from hello-cloud-node-s74g1 in cloud-node,5
107,2508.288,Konnichiwa from hello-cloud-node-s74g1 in cloud-node,2
108,2007.3490000000002,Konnichiwa from hello-cloud-node-s74g1 in cloud-node,5
109,2507.492,Konnichiwa from hello-cloud-node-s74g1 in cloud-node,2
110,2007.2749999999999,Konnichiwa from hello-cloud-node-s74g1 in cloud-node,5
111,2506.8030000000003,Konnichiwa from hello-cloud-node-s74g1 in cloud-node,2
112,2006.7620000000002,Konnichiwa from hello-cloud-node-s74g1 in cloud-node,5
113,2506.461,Konnichiwa from hello-cloud-node-s74g1 in cloud-node,2
114,10005.733,Konnichiwa from hello-cloud-node-s74g1 in cloud-node,5
115,2506.3970000000004,Konnichiwa from hello-cloud-node-s74g1 in cloud-node,2
116,1435.686,Konnichiwa from hello-cloud-node-s74g1 in cloud-node,5
117,2507.476,Konnichiwa from hello-cloud-node-s74g1 in cloud-node,2
118,1436.048,Konnichiwa from hello-cloud-node-s74g1 in cloud-node,5
119,2506.6639999999998,Konnichiwa from hello-cloud-node-s74g1 in cloud-node,2
120,1434.6950000000002,Konnichiwa from hello-cloud-node-s74g1 in cloud-node,5
121,1118.4270000000001,Konnichiwa from hello-cloud-node-s74g1 in cloud-node,2
122,3341.797,Konnichiwa from hello-cloud-node-s74g1 in cloud-node,5
123,1118.542,Konnichiwa from hello-cloud-node-s74g1 in cloud-node,2
124,3339.689,Konnichiwa from hello-cloud-node-s74g1 in cloud-node,5
125,1117.98,Konnichiwa from hello-cloud-node-s74g1 in cloud-node,2
126,3340.395,Konnichiwa from hello-cloud-node-s74g1 in cloud-node,5
127,10006.137,Konnichiwa from hello-cloud-node-s74g1 in cloud-node,2
128,3340.643,Konnichiwa from hello-cloud-node-s74g1 in cloud-node,5
129,1675.533,Konnichiwa from hello-cloud-node-s74g1 in cloud-node,2
130,3341.661,Konnichiwa from hello-cloud-node-s74g1 in cloud-node,5
131,1674.433,Konnichiwa from hello-cloud-node-s74g1 in cloud-node,2
132,2506.98,Konnichiwa from hello-cloud-node-s74g1 in cloud-node,5
133,1674.6129999999998,Konnichiwa from hello-cloud-node-s74g1 in cloud-node,2
134,2506.6769999999997,Konnichiwa from hello-cloud-node-s74g1 in cloud-node,5
135,2507.0139999999997,Konnichiwa from hello-cloud-node-s74g1 in cloud-node,2
136,2506.894,Konnichiwa from hello-cloud-node-s74g1 in cloud-node,5
137,2506.974,Konnichiwa from hello-cloud-node-s74g1 in cloud-node,2
138,1673.89,Konnichiwa from hello-cloud-node-s74g1 in cloud-node,5
139,2507.031,Konnichiwa from hello-cloud-node-s74g1 in cloud-node,2
140,1675.004,Konnichiwa from hello-cloud-node-s74g1 in cloud-node,5
141,5008.221,Konnichiwa from hello-cloud-node-s74g1 in cloud-node,2
142,5006.648,Konnichiwa from hello-cloud-node-s74g1 in cloud-node,5
143,1674.04,Konnichiwa from hello-cloud-node-s74g1 in cloud-node,2
144,5006.289,Konnichiwa from hello-cloud-node-s74g1 in cloud-node,5
145,1672.981,Konnichiwa from hello-cloud-node-s74g1 in cloud-node,2
146,1435.022,Konnichiwa from hello-cloud-node-s74g1 in cloud-node,5
147,1672.2079999999999,Konnichiwa from hello-cloud-node-s74g1 in cloud-node,2
148,1435.095,Konnichiwa from hello-cloud-node-s74g1 in cloud-node,5
149,1673.215,Konnichiwa from hello-cloud-node-s74g1 in cloud-node,2
150,1434.752,Konnichiwa from hello-cloud-node-s74g1 in cloud-node,5
151,1672.843,Konnichiwa from hello-cloud-node-s74g1 in cloud-node,2
152,1434.8860000000002,Konnichiwa from hello-cloud-node-s74g1 in cloud-node,5
153,1672.521,Konnichiwa from hello-cloud-node-s74g1 in cloud-node,2
154,1119.323,Konnichiwa from hello-cloud-node-s74g1 in cloud-node,5
155,1672.964,Konnichiwa from hello-cloud-node-s74g1 in cloud-node,2
156,1117.467,Konnichiwa from hello-cloud-node-s74g1 in cloud-node,5
157,1674.105,Konnichiwa from hello-cloud-node-s74g1 in cloud-node,2
158,1116.7450000000001,Konnichiwa from hello-cloud-node-s74g1 in cloud-node,5
159,1671.975,Konnichiwa from hello-cloud-node-s74g1 in cloud-node,2
160,1118.4099999999999,Konnichiwa from hello-cloud-node-s74g1 in cloud-node,5
161,1672.733,Konnichiwa from hello-cloud-node-s74g1 in cloud-node,2
162,3340.919,Konnichiwa from hello-cloud-node-s74g1 in cloud-node,5
163,916.569,Konnichiwa from hello-cloud-node-s74g1 in cloud-node,2
164,3339.8210000000004,Konnichiwa from hello-cloud-node-s74g1 in cloud-node,5
165,914.3449999999999,Konnichiwa from hello-cloud-node-s74g1 in cloud-node,2
166,3339.686,Konnichiwa from hello-cloud-node-s74g1 in cloud-node,5
167,916.169,Konnichiwa from hello-cloud-node-s74g1 in cloud-node,2
168,840.187,Konnichiwa from hello-cloud-node-s74g1 in cloud-node,5
169,1674.9350000000002,Konnichiwa from hello-cloud-node-s74g1 in cloud-node,2
170,840.899,Konnichiwa from hello-cloud-node-s74g1 in cloud-node,5
171,1672.846,Konnichiwa from hello-cloud-node-s74g1 in cloud-node,2
172,839.8050000000001,Konnichiwa from hello-cloud-node-s74g1 in cloud-node,5
173,1673.632,Konnichiwa from hello-cloud-node-s74g1 in cloud-node,2
174,839.2239999999999,Konnichiwa from hello-cloud-node-s74g1 in cloud-node,5
175,1672.896,Konnichiwa from hello-cloud-node-s74g1 in cloud-node,2
176,10006.835000000001,Konnichiwa from hello-cloud-node-s74g1 in cloud-node,5
177,5007.360000000001,Konnichiwa from hello-cloud-node-s74g1 in cloud-node,2
178,2007.4999999999998,Konnichiwa from hello-cloud-node-s74g1 in cloud-node,5
179,5005.728999999999,Konnichiwa from hello-cloud-node-s74g1 in cloud-node,2
180,2005.7990000000002,Konnichiwa from hello-cloud-node-s74g1 in cloud-node,5
181,1675.223,Konnichiwa from hello-cloud-node-s74g1 in cloud-node,2
182,2008.139,Konnichiwa from hello-cloud-node-s74g1 in cloud-node,5
183,1672.829,Konnichiwa from hello-cloud-node-s74g1 in cloud-node,2
184,2007.2969999999998,Konnichiwa from hello-cloud-node-s74g1 in cloud-node,5
185,1672.852,Konnichiwa from hello-cloud-node-s74g1 in cloud-node,2
186,2006.393,Konnichiwa from hello-cloud-node-s74g1 in cloud-node,5
187,3340.849,Konnichiwa from hello-cloud-node-s74g1 in cloud-node,2
188,1436.744,Konnichiwa from hello-cloud-node-s74g1 in cloud-node,5
189,3340.364,Konnichiwa from hello-cloud-node-s74g1 in cloud-node,2
190,1434.475,Konnichiwa from hello-cloud-node-s74g1 in cloud-node,5
191,3340.119,Konnichiwa from hello-cloud-node-s74g1 in cloud-node,2
192,1434.893,Konnichiwa from hello-cloud-node-s74g1 in cloud-node,5
193,2506.097,Konnichiwa from hello-cloud-node-s74g1 in cloud-node,2
194,3341.1330000000003,Konnichiwa from hello-cloud-node-s74g1 in cloud-node,5
195,2507.7889999999998,Konnichiwa from hello-cloud-node-s74g1 in cloud-node,2
196,3340.852,Konnichiwa from hello-cloud-node-s74g1 in cloud-node,5
197,1119.146,Konnichiwa from hello-cloud-node-s74g1 in cloud-node,2
198,1436.087,Konnichiwa from hello-cloud-node-s74g1 in cloud-node,5
199,1118.953,Konnichiwa from hello-cloud-node-s74g1 in cloud-node,2
200,1435.472,Konnichiwa from hello-cloud-node-s74g1 in cloud-node,5
201,1117.142,Konnichiwa from hello-cloud-node-s74g1 in cloud-node,2
202,1435.484,Konnichiwa from hello-cloud-node-s74g1 in cloud-node,5
203,1116.983,Konnichiwa from hello-cloud-node-s74g1 in cloud-node,2
204,1435.1560000000002,Konnichiwa from hello-cloud-node-s74g1 in cloud-node,5
205,1675.115,Konnichiwa from hello-cloud-node-s74g1 in cloud-node,2
206,1674.7620000000002,Konnichiwa from hello-cloud-node-s74g1 in cloud-node,5
207,1673.694,Konnichiwa from hello-cloud-node-s74g1 in cloud-node,2
208,1674.407,Konnichiwa from hello-cloud-node-s74g1 in cloud-node,5
209,1675.4560000000001,Konnichiwa from hello-cloud-node-s74g1 in cloud-node,2
210,1672.567,Konnichiwa from hello-cloud-node-s74g1 in cloud-node,5
211,3340.7650000000003,Konnichiwa from hello-cloud-node-s74g1 in cloud-node,2
212,2507.127,Konnichiwa from hello-cloud-node-s74g1 in cloud-node,5
213,3339.4970000000003,Konnichiwa from hello-cloud-node-s74g1 in cloud-node,2
214,2506.3900000000003,Konnichiwa from hello-cloud-node-s74g1 in cloud-node,5
215,1674.8229999999999,Konnichiwa from hello-cloud-node-s74g1 in cloud-node,2
216,3341.05,Konnichiwa from hello-cloud-node-s74g1 in cloud-node,5
217,1674.0720000000001,Konnichiwa from hello-cloud-node-s74g1 in cloud-node,2
218,3339.6690000000003,Konnichiwa from hello-cloud-node-s74g1 in cloud-node,5
219,2507.791,Konnichiwa from hello-cloud-node-s74g1 in cloud-node,2
220,3339.6789999999996,Konnichiwa from hello-cloud-node-s74g1 in cloud-node,5
221,2507.8070000000002,Konnichiwa from hello-cloud-node-s74g1 in cloud-node,2
222,3341.7340000000004,Konnichiwa from hello-cloud-node-s74g1 in cloud-node,5
223,2509.319,Konnichiwa from hello-cloud-node-s74g1 in cloud-node,2
224,5008.517000000001,Konnichiwa from hello-cloud-node-s74g1 in cloud-node,5
225,2507.089,Konnichiwa from hello-cloud-node-s74g1 in cloud-node,2
226,5006.984,Konnichiwa from hello-cloud-node-s74g1 in cloud-node,5
227,1436.026,Konnichiwa from hello-cloud-node-s74g1 in cloud-node,2
228,2506.936,Konnichiwa from hello-cloud-node-s74g1 in cloud-node,5
229,1434.672,Konnichiwa from hello-cloud-node-s74g1 in cloud-node,2
230,2506.4139999999998,Konnichiwa from hello-cloud-node-s74g1 in cloud-node,5
231,1434.24,Konnichiwa from hello-cloud-node-s74g1 in cloud-node,2
232,2505.831,Konnichiwa from hello-cloud-node-s74g1 in cloud-node,5
233,2507.311,Konnichiwa from hello-cloud-node-s74g1 in cloud-node,2
234,2507.593,Konnichiwa from hello-cloud-node-s74g1 in cloud-node,5
235,2508.582,Konnichiwa from hello-cloud-node-s74g1 in cloud-node,2
236,2509.9100000000003,Konnichiwa from hello-cloud-node-s74g1 in cloud-node,5
237,5010.874000000001,Konnichiwa from hello-cloud-node-s74g1 in cloud-node,2
238,5008.661,Konnichiwa from hello-cloud-node-s74g1 in cloud-node,5
239,1437.33,Konnichiwa from hello-cloud-node-s74g1 in cloud-node,2
240,5006.362,Konnichiwa from hello-cloud-node-s74g1 in cloud-node,5
241,1434.105,Konnichiwa from hello-cloud-node-s74g1 in cloud-node,2
242,2007.799,Konnichiwa from hello-cloud-node-s74g1 in cloud-node,5
243,1435.8010000000002,Konnichiwa from hello-cloud-node-s74g1 in cloud-node,2
244,2006.6090000000002,Konnichiwa from hello-cloud-node-s74g1 in cloud-node,5
245,1256.02,Konnichiwa from hello-cloud-node-s74g1 in cloud-node,2
246,2007.697,Konnichiwa from hello-cloud-node-s74g1 in cloud-node,5
247,1257.729,Konnichiwa from hello-cloud-node-s74g1 in cloud-node,2
248,2009.3909999999998,Konnichiwa from hello-cloud-node-s74g1 in cloud-node,5
249,1259.7240000000002,Konnichiwa from hello-cloud-node-s74g1 in cloud-node,2
250,2009.592,Konnichiwa from hello-cloud-node-s74g1 in cloud-node,5
251,1256.087,Konnichiwa from hello-cloud-node-s74g1 in cloud-node,2
252,2006.6609999999998,Konnichiwa from hello-cloud-node-s74g1 in cloud-node,5
253,1118.557,Konnichiwa from hello-cloud-node-s74g1 in cloud-node,2
254,2006.4850000000001,Konnichiwa from hello-cloud-node-s74g1 in cloud-node,5
255,1118.4650000000001,Konnichiwa from hello-cloud-node-s74g1 in cloud-node,2
256,2006.3770000000002,Konnichiwa from hello-cloud-node-s74g1 in cloud-node,5
257,1116.9,Konnichiwa from hello-cloud-node-s74g1 in cloud-node,2
258,1673.583,Konnichiwa from hello-cloud-node-s74g1 in cloud-node,5
259,1117.9779999999998,Konnichiwa from hello-cloud-node-s74g1 in cloud-node,2
260,1674.731,Konnichiwa from hello-cloud-node-s74g1 in cloud-node,5
261,1675.179,Konnichiwa from hello-cloud-node-s74g1 in cloud-node,2
262,1672.205,Konnichiwa from hello-cloud-node-s74g1 in cloud-node,5
263,1672.031,Konnichiwa from hello-cloud-node-s74g1 in cloud-node,2
264,1672.337,Konnichiwa from hello-cloud-node-s74g1 in cloud-node,5
265,1672.3539999999998,Konnichiwa from hello-cloud-node-s74g1 in cloud-node,2
266,3339.683,Konnichiwa from hello-cloud-node-s74g1 in cloud-node,5
267,2507.041,Konnichiwa from hello-cloud-node-s74g1 in cloud-node,2
268,3351.216,Konnichiwa from hello-cloud-node-s74g1 in cloud-node,5
269,2517.989,Konnichiwa from hello-cloud-node-s74g1 in cloud-node,2
270,2007.0770000000002,Konnichiwa from hello-cloud-node-s74g1 in cloud-node,5
271,5006.982,Konnichiwa from hello-cloud-node-s74g1 in cloud-node,2
272,2006.209,Konnichiwa from hello-cloud-node-s74g1 in cloud-node,5
273,5006.0779999999995,Konnichiwa from hello-cloud-node-s74g1 in cloud-node,2
274,1255.719,Konnichiwa from hello-cloud-node-s74g1 in cloud-node,5
275,3339.23,Konnichiwa from hello-cloud-node-s74g1 in cloud-node,2
276,1255.1870000000001,Konnichiwa from hello-cloud-node-s74g1 in cloud-node,5
277,3338.8399999999997,Konnichiwa from hello-cloud-node-s74g1 in cloud-node,2
278,1255.708,Konnichiwa from hello-cloud-node-s74g1 in cloud-node,5
279,3339.521,Konnichiwa from hello-cloud-node-s74g1 in cloud-node,2
280,2006.726,Konnichiwa from hello-cloud-node-s74g1 in cloud-node,5
281,2006.6739999999998,Konnichiwa from hello-cloud-node-s74g1 in cloud-node,2
282,2006.6779999999999,Konnichiwa from hello-cloud-node-s74g1 in cloud-node,5
283,2007.219,Konnichiwa from hello-cloud-node-s74g1 in cloud-node,2
284,2007.3850000000002,Konnichiwa from hello-cloud-node-s74g1 in cloud-node,5
285,2006.894,Konnichiwa from hello-cloud-node-s74g1 in cloud-node,2
286,1673.559,Konnichiwa from hello-cloud-node-s74g1 in cloud-node,5
287,2507.2549999999997,Konnichiwa from hello-cloud-node-s74g1 in cloud-node,2
288,1673.047,Konnichiwa from hello-cloud-node-s74g1 in cloud-node,5
289,2506.107,Konnichiwa from hello-cloud-node-s74g1 in cloud-node,2
290,1672.559,Konnichiwa from hello-cloud-node-s74g1 in cloud-node,5
291,2505.9170000000004,Konnichiwa from hello-cloud-node-s74g1 in cloud-node,2
292,2506.593,Konnichiwa from hello-cloud-node-s74g1 in cloud-node,5
293,1673.262,Konnichiwa from hello-cloud-node-s74g1 in cloud-node,2
294,2505.712,Konnichiwa from hello-cloud-node-s74g1 in cloud-node,5
295,1673.0929999999998,Konnichiwa from hello-cloud-node-s74g1 in cloud-node,2
296,2506.1279999999997,Konnichiwa from hello-cloud-node-s74g1 in cloud-node,5
297,1671.998,Konnichiwa from hello-cloud-node-s74g1 in cloud-node,2
298,2005.862,Konnichiwa from hello-cloud-node-s74g1 in cloud-node,5
299,1673.8500000000001,Konnichiwa from hello-cloud-node-s74g1 in cloud-node,2
300,2007.964,Konnichiwa from hello-cloud-node-s74g1 in cloud-node,5
301,1673.979,Konnichiwa from hello-cloud-node-s74g1 in cloud-node,2
302,2006.1019999999999,Konnichiwa from hello-cloud-node-s74g1 in cloud-node,5
303,1672.578,Konnichiwa from hello-cloud-node-s74g1 in cloud-node,2
304,2008.284,Konnichiwa from hello-cloud-node-s74g1 in cloud-node,5
305,1436.286,Konnichiwa from hello-cloud-node-s74g1 in cloud-node,2
306,2005.9759999999999,Konnichiwa from hello-cloud-node-s74g1 in cloud-node,5
307,1434.561,Konnichiwa from hello-cloud-node-s74g1 in cloud-node,2
308,2008.8059999999998,Konnichiwa from hello-cloud-node-s74g1 in cloud-node,5
309,1436.3319999999999,Konnichiwa from hello-cloud-node-s74g1 in cloud-node,2
310,3338.923,Konnichiwa from hello-cloud-node-s74g1 in cloud-node,5
311,2006.4920000000002,Konnichiwa from hello-cloud-node-s74g1 in cloud-node,2
312,3339.991,Konnichiwa from hello-cloud-node-s74g1 in cloud-node,5
313,2007.46,Konnichiwa from hello-cloud-node-s74g1 in cloud-node,2
314,2007.7880000000002,Konnichiwa from hello-cloud-node-s74g1 in cloud-node,5
315,2007.2060000000001,Konnichiwa from hello-cloud-node-s74g1 in cloud-node,2
316,2006.294,Konnichiwa from hello-cloud-node-s74g1 in cloud-node,5
317,5007.2080000000005,Konnichiwa from hello-cloud-node-s74g1 in cloud-node,2
318,1119.521,Konnichiwa from hello-cloud-node-s74g1 in cloud-node,5
319,5007.846,Konnichiwa from hello-cloud-node-s74g1 in cloud-node,2
320,1118.253,Konnichiwa from hello-cloud-node-s74g1 in cloud-node,5
321,1674.277,Konnichiwa from hello-cloud-node-s74g1 in cloud-node,2
322,1117.751,Konnichiwa from hello-cloud-node-s74g1 in cloud-node,5
323,1672.556,Konnichiwa from hello-cloud-node-s74g1 in cloud-node,2
324,1435.9360000000001,Konnichiwa from hello-cloud-node-s74g1 in cloud-node,5
325,1672.245,Konnichiwa from hello-cloud-node-s74g1 in cloud-node,2
326,1434.755,Konnichiwa from hello-cloud-node-s74g1 in cloud-node,5
327,1672.8799999999999,Konnichiwa from hello-cloud-node-s74g1 in cloud-node,2
328,1435.558,Konnichiwa from hello-cloud-node-s74g1 in cloud-node,5
329,1256.66,Konnichiwa from hello-cloud-node-s74g1 in cloud-node,2
330,1435.564,Konnichiwa from hello-cloud-node-s74g1 in cloud-node,5
331,1256.161,Konnichiwa from hello-cloud-node-s74g1 in cloud-node,2
332,1673.231,Konnichiwa from hello-cloud-node-s74g1 in cloud-node,5
333,1257.0410000000002,Konnichiwa from hello-cloud-node-s74g1 in cloud-node,2
334,1674.3159999999998,Konnichiwa from hello-cloud-node-s74g1 in cloud-node,5
335,1256.409,Konnichiwa from hello-cloud-node-s74g1 in cloud-node,2
336,1672.2189999999998,Konnichiwa from hello-cloud-node-s74g1 in cloud-node,5
337,2506.545,Konnichiwa from hello-cloud-node-s74g1 in cloud-node,2
338,2507.174,Konnichiwa from hello-cloud-node-s74g1 in cloud-node,5
339,2507.3430000000003,Konnichiwa from hello-cloud-node-s74g1 in cloud-node,2
340,2507.6420000000003,Konnichiwa from hello-cloud-node-s74g1 in cloud-node,5
341,1435.7459999999999,Konnichiwa from hello-cloud-node-s74g1 in cloud-node,2
342,2507.4990000000003,Konnichiwa from hello-cloud-node-s74g1 in cloud-node,5
343,1434.74,Konnichiwa from hello-cloud-node-s74g1 in cloud-node,2
344,1118.626,Konnichiwa from hello-cloud-node-s74g1 in cloud-node,5
345,1435.468,Konnichiwa from hello-cloud-node-s74g1 in cloud-node,2
346,1117.203,Konnichiwa from hello-cloud-node-s74g1 in cloud-node,5
347,1434.7369999999999,Konnichiwa from hello-cloud-node-s74g1 in cloud-node,2
348,1116.93,Konnichiwa from hello-cloud-node-s74g1 in cloud-node,5
349,1256.184,Konnichiwa from hello-cloud-node-s74g1 in cloud-node,2
350,1117.016,Konnichiwa from hello-cloud-node-s74g1 in cloud-node,5
351,1256.2089999999998,Konnichiwa from hello-cloud-node-s74g1 in cloud-node,2
352,1117.866,Konnichiwa from hello-cloud-node-s74g1 in cloud-node,5
353,1257.414,Konnichiwa from hello-cloud-node-s74g1 in cloud-node,2
354,2007.6390000000001,Konnichiwa from hello-cloud-node-s74g1 in cloud-node,5
355,1257.2740000000001,Konnichiwa from hello-cloud-node-s74g1 in cloud-node,2
356,2005.839,Konnichiwa from hello-cloud-node-s74g1 in cloud-node,5
357,3341.3759999999997,Konnichiwa from hello-cloud-node-s74g1 in cloud-node,2
358,2007.188,Konnichiwa from hello-cloud-node-s74g1 in cloud-node,5
359,3341.248,Konnichiwa from hello-cloud-node-s74g1 in cloud-node,2
360,1672.69,Konnichiwa from hello-cloud-node-s74g1 in cloud-node,5
361,1437.854,Konnichiwa from hello-cloud-node-s74g1 in cloud-node,2
362,1673.343,Konnichiwa from hello-cloud-node-s74g1 in cloud-node,5
363,1435.058,Konnichiwa from hello-cloud-node-s74g1 in cloud-node,2
364,1672.9279999999999,Konnichiwa from hello-cloud-node-s74g1 in cloud-node,5
365,1435.208,Konnichiwa from hello-cloud-node-s74g1 in cloud-node,2
366,1673.435,Konnichiwa from hello-cloud-node-s74g1 in cloud-node,5
367,1434.232,Konnichiwa from hello-cloud-node-s74g1 in cloud-node,2
368,3340.4440000000004,Konnichiwa from hello-cloud-node-s74g1 in cloud-node,5
369,3340.163,Konnichiwa from hello-cloud-node-s74g1 in cloud-node,2
370,3338.85,Konnichiwa from hello-cloud-node-s74g1 in cloud-node,5
371,3340.408,Konnichiwa from hello-cloud-node-s74g1 in cloud-node,2
372,1675.633,Konnichiwa from hello-cloud-node-s74g1 in cloud-node,5
373,1437.577,Konnichiwa from hello-cloud-node-s74g1 in cloud-node,2
374,1673.8090000000002,Konnichiwa from hello-cloud-node-s74g1 in cloud-node,5
375,1435.891,Konnichiwa from hello-cloud-node-s74g1 in cloud-node,2
376,1674.011,Konnichiwa from hello-cloud-node-s74g1 in cloud-node,5
377,1436.568,Konnichiwa from hello-cloud-node-s74g1 in cloud-node,2
378,1674.784,Konnichiwa from hello-cloud-node-s74g1 in cloud-node,5
379,1435.952,Konnichiwa from hello-cloud-node-s74g1 in cloud-node,2
380,3341.603,Konnichiwa from hello-cloud-node-s74g1 in cloud-node,5
381,1258.838,Konnichiwa from hello-cloud-node-s74g1 in cloud-node,2
382,3340.812,Konnichiwa from hello-cloud-node-s74g1 in cloud-node,5
383,1256.828,Konnichiwa from hello-cloud-node-s74g1 in cloud-node,2
384,3341.447,Konnichiwa from hello-cloud-node-s74g1 in cloud-node,5
385,1258.914,Konnichiwa from hello-cloud-node-s74g1 in cloud-node,2
386,3341.897,Konnichiwa from hello-cloud-node-s74g1 in cloud-node,5
387,1673.9109999999998,Konnichiwa from hello-cloud-node-s74g1 in cloud-node,2
388,3341.54,Konnichiwa from hello-cloud-node-s74g1 in cloud-node,5
389,1674.137,Konnichiwa from hello-cloud-node-s74g1 in cloud-node,2
390,2006.5149999999999,Konnichiwa from hello-cloud-node-s74g1 in cloud-node,5
391,1673.625,Konnichiwa from hello-cloud-node-s74g1 in cloud-node,2
392,2007.3180000000002,Konnichiwa from hello-cloud-node-s74g1 in cloud-node,5
393,5007.37,Konnichiwa from hello-cloud-node-s74g1 in cloud-node,2
394,2506.708,Konnichiwa from hello-cloud-node-s74g1 in cloud-node,5
395,5007.046,Konnichiwa from hello-cloud-node-s74g1 in cloud-node,2
396,2506.399,Konnichiwa from hello-cloud-node-s74g1 in cloud-node,5
397,1672.376,Konnichiwa from hello-cloud-node-s74g1 in cloud-node,2
398,5005.913,Konnichiwa from hello-cloud-node-s74g1 in cloud-node,5
399,1671.907,Konnichiwa from hello-cloud-node-s74g1 in cloud-node,2
400,5006.195,Konnichiwa from hello-cloud-node-s74g1 in cloud-node,5
401,5007.341,Konnichiwa from hello-cloud-node-s74g1 in cloud-node,2
402,3338.953,Konnichiwa from hello-cloud-node-s74g1 in cloud-node,5
403,5006.515,Konnichiwa from hello-cloud-node-s74g1 in cloud-node,2
404,3339.347,Konnichiwa from hello-cloud-node-s74g1 in cloud-node,5
405,1257.8039999999999,Konnichiwa from hello-cloud-node-s74g1 in cloud-node,2
406,2007.145,Konnichiwa from hello-cloud-node-s74g1 in cloud-node,5
407,1257.877,Konnichiwa from hello-cloud-node-s74g1 in cloud-node,2
408,2005.777,Konnichiwa from hello-cloud-node-s74g1 in cloud-node,5
409,1256.389,Konnichiwa from hello-cloud-node-s74g1 in cloud-node,2
410,2006.8100000000002,Konnichiwa from hello-cloud-node-s74g1 in cloud-node,5
411,1257.483,Konnichiwa from hello-cloud-node-s74g1 in cloud-node,2
412,2006.3439999999998,Konnichiwa from hello-cloud-node-s74g1 in cloud-node,5
413,10007.322,Konnichiwa from hello-cloud-node-s74g1 in cloud-node,2
414,1436.53,Konnichiwa from hello-cloud-node-s74g1 in cloud-node,5
415,3339.083,Konnichiwa from hello-cloud-node-s74g1 in cloud-node,2
416,1433.711,Konnichiwa from hello-cloud-node-s74g1 in cloud-node,5
417,3338.316,Konnichiwa from hello-cloud-node-s74g1 in cloud-node,2
418,1434.723,Konnichiwa from hello-cloud-node-s74g1 in cloud-node,5
419,3338.693,Konnichiwa from hello-cloud-node-s74g1 in cloud-node,2
420,2006.7710000000002,Konnichiwa from hello-cloud-node-s74g1 in cloud-node,5
421,1673.482,Konnichiwa from hello-cloud-node-s74g1 in cloud-node,2
422,2006.7569999999998,Konnichiwa from hello-cloud-node-s74g1 in cloud-node,5
423,1673.5420000000001,Konnichiwa from hello-cloud-node-s74g1 in cloud-node,2
424,2005.814,Konnichiwa from hello-cloud-node-s74g1 in cloud-node,5
425,1673.174,Konnichiwa from hello-cloud-node-s74g1 in cloud-node,2
426,3338.989,Konnichiwa from hello-cloud-node-s74g1 in cloud-node,5
427,2506.334,Konnichiwa from hello-cloud-node-s74g1 in cloud-node,2
428,3338.756,Konnichiwa from hello-cloud-node-s74g1 in cloud-node,5
429,2506.7050000000004,Konnichiwa from hello-cloud-node-s74g1 in cloud-node,2
430,2507.628,Konnichiwa from hello-cloud-node-s74g1 in cloud-node,5
431,2506.69,Konnichiwa from hello-cloud-node-s74g1 in cloud-node,2
432,2506.218,Konnichiwa from hello-cloud-node-s74g1 in cloud-node,5
433,2506.0,Konnichiwa from hello-cloud-node-s74g1 in cloud-node,2
434,2506.591,Konnichiwa from hello-cloud-node-s74g1 in cloud-node,5
435,1257.205,Konnichiwa from hello-cloud-node-s74g1 in cloud-node,2
436,2506.1059999999998,Konnichiwa from hello-cloud-node-s74g1 in cloud-node,5
437,1256.7939999999999,Konnichiwa from hello-cloud-node-s74g1 in cloud-node,2
438,2507.7639999999997,Konnichiwa from hello-cloud-node-s74g1 in cloud-node,5
439,1258.022,Konnichiwa from hello-cloud-node-s74g1 in cloud-node,2
440,1006.4820000000001,Konnichiwa from hello-cloud-node-s74g1 in cloud-node,5
441,1259.1680000000001,Konnichiwa from hello-cloud-node-s74g1 in cloud-node,2
442,1007.4129999999999,Konnichiwa from hello-cloud-node-s74g1 in cloud-node,5
443,2505.9779999999996,Konnichiwa from hello-cloud-node-s74g1 in cloud-node,2
444,1006.271,Konnichiwa from hello-cloud-node-s74g1 in cloud-node,5
445,2507.341,Konnichiwa from hello-cloud-node-s74g1 in cloud-node,2
446,1006.1999999999999,Konnichiwa from hello-cloud-node-s74g1 in cloud-node,5
447,2505.816,Konnichiwa from hello-cloud-node-s74g1 in cloud-node,2
448,1672.9940000000001,Konnichiwa from hello-cloud-node-s74g1 in cloud-node,5
449,2010.017,Konnichiwa from hello-cloud-node-s74g1 in cloud-node,2
450,1675.459,Konnichiwa from hello-cloud-node-s74g1 in cloud-node,5
451,2006.245,Konnichiwa from hello-cloud-node-s74g1 in cloud-node,2
452,1672.733,Konnichiwa from hello-cloud-node-s74g1 in cloud-node,5
453,2006.653,Konnichiwa from hello-cloud-node-s74g1 in cloud-node,2
454,1009.039,Konnichiwa from hello-cloud-node-s74g1 in cloud-node,5
455,1672.789,Konnichiwa from hello-cloud-node-s74g1 in cloud-node,2
456,1005.9229999999999,Konnichiwa from hello-cloud-node-s74g1 in cloud-node,5
457,1671.896,Konnichiwa from hello-cloud-node-s74g1 in cloud-node,2
458,1006.9449999999999,Konnichiwa from hello-cloud-node-s74g1 in cloud-node,5
459,1673.061,Konnichiwa from hello-cloud-node-s74g1 in cloud-node,2
460,1005.8059999999999,Konnichiwa from hello-cloud-node-s74g1 in cloud-node,5
461,1672.971,Konnichiwa from hello-cloud-node-s74g1 in cloud-node,2
462,1673.769,Konnichiwa from hello-cloud-node-s74g1 in cloud-node,5
463,2506.914,Konnichiwa from hello-cloud-node-s74g1 in cloud-node,2
464,1672.3539999999998,Konnichiwa from hello-cloud-node-s74g1 in cloud-node,5
465,2506.685,Konnichiwa from hello-cloud-node-s74g1 in cloud-node,2
466,1673.183,Konnichiwa from hello-cloud-node-s74g1 in cloud-node,5
467,2505.612,Konnichiwa from hello-cloud-node-s74g1 in cloud-node,2
468,5006.8679999999995,Konnichiwa from hello-cloud-node-s74g1 in cloud-node,5
469,2007.37,Konnichiwa from hello-cloud-node-s74g1 in cloud-node,2
470,5007.213,Konnichiwa from hello-cloud-node-s74g1 in cloud-node,5
471,2005.325,Konnichiwa from hello-cloud-node-s74g1 in cloud-node,2
472,2007.9009999999998,Konnichiwa from hello-cloud-node-s74g1 in cloud-node,5
473,2007.78,Konnichiwa from hello-cloud-node-s74g1 in cloud-node,2
474,2006.662,Konnichiwa from hello-cloud-node-s74g1 in cloud-node,5
475,2006.8670000000002,Konnichiwa from hello-cloud-node-s74g1 in cloud-node,2
476,2009.199,Konnichiwa from hello-cloud-node-s74g1 in cloud-node,5
477,2008.944,Konnichiwa from hello-cloud-node-s74g1 in cloud-node,2
478,2507.0280000000002,Konnichiwa from hello-cloud-node-s74g1 in cloud-node,5
479,1436.6380000000001,Konnichiwa from hello-cloud-node-s74g1 in cloud-node,2
480,2508.3579999999997,Konnichiwa from hello-cloud-node-s74g1 in cloud-node,5
481,1434.211,Konnichiwa from hello-cloud-node-s74g1 in cloud-node,2
482,2507.032,Konnichiwa from hello-cloud-node-s74g1 in cloud-node,5
483,1435.189,Konnichiwa from hello-cloud-node-s74g1 in cloud-node,2
484,1436.126,Konnichiwa from hello-cloud-node-s74g1 in cloud-node,5
485,1674.345,Konnichiwa from hello-cloud-node-s74g1 in cloud-node,2
486,1435.274,Konnichiwa from hello-cloud-node-s74g1 in cloud-node,5
487,1673.2169999999999,Konnichiwa from hello-cloud-node-s74g1 in cloud-node,2
488,1435.6390000000001,Konnichiwa from hello-cloud-node-s74g1 in cloud-node,5
489,1673.295,Konnichiwa from hello-cloud-node-s74g1 in cloud-node,2
490,1434.587,Konnichiwa from hello-cloud-node-s74g1 in cloud-node,5
491,1672.8780000000002,Konnichiwa from hello-cloud-node-s74g1 in cloud-node,2
492,5005.969,Konnichiwa from hello-cloud-node-s74g1 in cloud-node,5
493,1118.017,Konnichiwa from hello-cloud-node-s74g1 in cloud-node,2
494,5006.086,Konnichiwa from hello-cloud-node-s74g1 in cloud-node,5
495,1116.117,Konnichiwa from hello-cloud-node-s74g1 in cloud-node,2
496,1673.417,Konnichiwa from hello-cloud-node-s74g1 in cloud-node,5
497,1117.797,Konnichiwa from hello-cloud-node-s74g1 in cloud-node,2
498,1673.1229999999998,Konnichiwa from hello-cloud-node-s74g1 in cloud-node,5
499,2006.7279999999998,Konnichiwa from hello-cloud-node-s74g1 in cloud-node,2
500,1672.468,Konnichiwa from hello-cloud-node-s74g1 in cloud-node,5
501,2005.433,Konnichiwa from hello-cloud-node-s74g1 in cloud-node,2
502,2506.636,Konnichiwa from hello-cloud-node-s74g1 in cloud-node,5
503,2006.2890000000002,Konnichiwa from hello-cloud-node-s74g1 in cloud-node,2
504,2505.759,Konnichiwa from hello-cloud-node-s74g1 in cloud-node,5
505,1673.263,Konnichiwa from hello-cloud-node-s74g1 in cloud-node,2
506,2506.192,Konnichiwa from hello-cloud-node-s74g1 in cloud-node,5
507,1674.196,Konnichiwa from hello-cloud-node-s74g1 in cloud-node,2
508,5006.903,Konnichiwa from hello-cloud-node-s74g1 in cloud-node,5
509,1673.397,Konnichiwa from hello-cloud-node-s74g1 in cloud-node,2
510,5007.349999999999,Konnichiwa from hello-cloud-node-s74g1 in cloud-node,5
511,1673.798,Konnichiwa from hello-cloud-node-s74g1 in cloud-node,2
512,1436.033,Konnichiwa from hello-cloud-node-s74g1 in cloud-node,5
513,1672.375,Konnichiwa from hello-cloud-node-s74g1 in cloud-node,2
514,1434.05,Konnichiwa from hello-cloud-node-s74g1 in cloud-node,5
515,1434.98,Konnichiwa from hello-cloud-node-s74g1 in cloud-node,2
516,1435.5990000000002,Konnichiwa from hello-cloud-node-s74g1 in cloud-node,5
517,1435.2659999999998,Konnichiwa from hello-cloud-node-s74g1 in cloud-node,2
518,1435.4940000000001,Konnichiwa from hello-cloud-node-s74g1 in cloud-node,5
519,1436.2189999999998,Konnichiwa from hello-cloud-node-s74g1 in cloud-node,2
520,1674.546,Konnichiwa from hello-cloud-node-s74g1 in cloud-node,5
521,1434.66,Konnichiwa from hello-cloud-node-s74g1 in cloud-node,2
522,1672.9650000000001,Konnichiwa from hello-cloud-node-s74g1 in cloud-node,5
523,1435.48,Konnichiwa from hello-cloud-node-s74g1 in cloud-node,2
524,1672.612,Konnichiwa from hello-cloud-node-s74g1 in cloud-node,5
525,1436.404,Konnichiwa from hello-cloud-node-s74g1 in cloud-node,2
526,1674.809,Konnichiwa from hello-cloud-node-s74g1 in cloud-node,5
527,1434.215,Konnichiwa from hello-cloud-node-s74g1 in cloud-node,2
528,3339.682,Konnichiwa from hello-cloud-node-s74g1 in cloud-node,5
529,1010.222,Konnichiwa from hello-cloud-node-s74g1 in cloud-node,2
530,3343.285,Konnichiwa from hello-cloud-node-s74g1 in cloud-node,5
531,1005.495,Konnichiwa from hello-cloud-node-s74g1 in cloud-node,2
532,3338.667,Konnichiwa from hello-cloud-node-s74g1 in cloud-node,5
533,1007.007,Konnichiwa from hello-cloud-node-s74g1 in cloud-node,2
534,1673.052,Konnichiwa from hello-cloud-node-s74g1 in cloud-node,5
535,3341.0890000000004,Konnichiwa from hello-cloud-node-s74g1 in cloud-node,2
536,1673.171,Konnichiwa from hello-cloud-node-s74g1 in cloud-node,5
537,3340.643,Konnichiwa from hello-cloud-node-s74g1 in cloud-node,2
538,10008.65,Konnichiwa from hello-cloud-node-s74g1 in cloud-node,5
539,1259.047,Konnichiwa from hello-cloud-node-s74g1 in cloud-node,2
540,1256.346,Konnichiwa from hello-cloud-node-s74g1 in cloud-node,5
541,1255.4129999999998,Konnichiwa from hello-cloud-node-s74g1 in cloud-node,2
542,1257.457,Konnichiwa from hello-cloud-node-s74g1 in cloud-node,5
543,1256.526,Konnichiwa from hello-cloud-node-s74g1 in cloud-node,2
544,1255.426,Konnichiwa from hello-cloud-node-s74g1 in cloud-node,5
545,1256.386,Konnichiwa from hello-cloud-node-s74g1 in cloud-node,2
546,1257.1429999999998,Konnichiwa from hello-cloud-node-s74g1 in cloud-node,5
547,1119.0910000000001,Konnichiwa from hello-cloud-node-s74g1 in cloud-node,2
548,1256.726,Konnichiwa from hello-cloud-node-s74g1 in cloud-node,5
549,1117.9399999999998,Konnichiwa from hello-cloud-node-s74g1 in cloud-node,2
550,1673.552,Konnichiwa from hello-cloud-node-s74g1 in cloud-node,5
551,1118.2430000000002,Konnichiwa from hello-cloud-node-s74g1 in cloud-node,2
552,1672.2030000000002,Konnichiwa from hello-cloud-node-s74g1 in cloud-node,5
553,1117.039,Konnichiwa from hello-cloud-node-s74g1 in cloud-node,2
554,1674.493,Konnichiwa from hello-cloud-node-s74g1 in cloud-node,5
555,5007.376,Konnichiwa from hello-cloud-node-s74g1 in cloud-node,2
556,1435.0810000000001,Konnichiwa from hello-cloud-node-s74g1 in cloud-node,5
557,5006.281999999999,Konnichiwa from hello-cloud-node-s74g1 in cloud-node,2
558,1434.039,Konnichiwa from hello-cloud-node-s74g1 in cloud-node,5
559,10008.711,Konnichiwa from hello-cloud-node-s74g1 in cloud-node,2
560,5007.787,Konnichiwa from hello-cloud-node-s74g1 in cloud-node,5
561,2007.565,Konnichiwa from hello-cloud-node-s74g1 in cloud-node,2
562,5006.428,Konnichiwa from hello-cloud-node-s74g1 in cloud-node,5
563,2007.0100000000002,Konnichiwa from hello-cloud-node-s74g1 in cloud-node,2
564,2506.927,Konnichiwa from hello-cloud-node-s74g1 in cloud-node,5
565,1256.93,Konnichiwa from hello-cloud-node-s74g1 in cloud-node,2
566,2505.539,Konnichiwa from hello-cloud-node-s74g1 in cloud-node,5
567,1256.662,Konnichiwa from hello-cloud-node-s74g1 in cloud-node,2
568,2506.627,Konnichiwa from hello-cloud-node-s74g1 in cloud-node,5
569,1256.895,Konnichiwa from hello-cloud-node-s74g1 in cloud-node,2
570,2006.82,Konnichiwa from hello-cloud-node-s74g1 in cloud-node,5
571,1672.78,Konnichiwa from hello-cloud-node-s74g1 in cloud-node,2
572,2005.627,Konnichiwa from hello-cloud-node-s74g1 in cloud-node,5
573,1671.792,Konnichiwa from hello-cloud-node-s74g1 in cloud-node,2
574,2007.0269999999998,Konnichiwa from hello-cloud-node-s74g1 in cloud-node,5
575,1673.72,Konnichiwa from hello-cloud-node-s74g1 in cloud-node,2
576,3340.132,Konnichiwa from hello-cloud-node-s74g1 in cloud-node,5
577,10006.966999999999,Konnichiwa from hello-cloud-node-s74g1 in cloud-node,2
578,1435.268,Konnichiwa from hello-cloud-node-s74g1 in cloud-node,5
579,2507.368,Konnichiwa from hello-cloud-node-s74g1 in cloud-node,2
580,1434.547,Konnichiwa from hello-cloud-node-s74g1 in cloud-node,5
581,2506.162,Konnichiwa from hello-cloud-node-s74g1 in cloud-node,2
582,1433.855,Konnichiwa from hello-cloud-node-s74g1 in cloud-node,5
583,2506.361,Konnichiwa from hello-cloud-node-s74g1 in cloud-node,2
584,2006.5080000000003,Konnichiwa from hello-cloud-node-s74g1 in cloud-node,5
585,1674.5049999999999,Konnichiwa from hello-cloud-node-s74g1 in cloud-node,2
586,2008.043,Konnichiwa from hello-cloud-node-s74g1 in cloud-node,5
587,1674.547,Konnichiwa from hello-cloud-node-s74g1 in cloud-node,2
588,2008.699,Konnichiwa from hello-cloud-node-s74g1 in cloud-node,5
589,1674.15,Konnichiwa from hello-cloud-node-s74g1 in cloud-node,2
590,2506.1040000000003,Konnichiwa from hello-cloud-node-s74g1 in cloud-node,5
591,1674.086,Konnichiwa from hello-cloud-node-s74g1 in cloud-node,2
592,2505.776,Konnichiwa from hello-cloud-node-s74g1 in cloud-node,5
593,1672.698,Konnichiwa from hello-cloud-node-s74g1 in cloud-node,2
594,2505.5550000000003,Konnichiwa from hello-cloud-node-s74g1 in cloud-node,5
595,1673.192,Konnichiwa from hello-cloud-node-s74g1 in cloud-node,2
596,2506.73,Konnichiwa from hello-cloud-node-s74g1 in cloud-node,5
597,1673.6519999999998,Konnichiwa from hello-cloud-node-s74g1 in cloud-node,2
598,2505.9610000000002,Konnichiwa from hello-cloud-node-s74g1 in cloud-node,5
599,1672.281,Konnichiwa from hello-cloud-node-s74g1 in cloud-node,2
600,2506.222,Konnichiwa from hello-cloud-node-s74g1 in cloud-node,5
601,1674.043,Konnichiwa from hello-cloud-node-s74g1 in cloud-node,2
602,5007.005,Konnichiwa from hello-cloud-node-s74g1 in cloud-node,5
603,3341.24,Konnichiwa from hello-cloud-node-s74g1 in cloud-node,2
604,5007.616,Konnichiwa from hello-cloud-node-s74g1 in cloud-node,5
605,3339.963,Konnichiwa from hello-cloud-node-s74g1 in cloud-node,2
606,2007.539,Konnichiwa from hello-cloud-node-s74g1 in cloud-node,5
607,1435.87,Konnichiwa from hello-cloud-node-s74g1 in cloud-node,2
608,2007.341,Konnichiwa from hello-cloud-node-s74g1 in cloud-node,5
609,1435.138,Konnichiwa from hello-cloud-node-s74g1 in cloud-node,2
610,2007.2869999999998,Konnichiwa from hello-cloud-node-s74g1 in cloud-node,5
611,1434.5049999999999,Konnichiwa from hello-cloud-node-s74g1 in cloud-node,2
612,1673.308,Konnichiwa from hello-cloud-node-s74g1 in cloud-node,5
613,1434.978,Konnichiwa from hello-cloud-node-s74g1 in cloud-node,2
614,1672.736,Konnichiwa from hello-cloud-node-s74g1 in cloud-node,5
615,3339.966,Konnichiwa from hello-cloud-node-s74g1 in cloud-node,2
616,1672.6000000000001,Konnichiwa from hello-cloud-node-s74g1 in cloud-node,5
617,3339.8439999999996,Konnichiwa from hello-cloud-node-s74g1 in cloud-node,2
618,5007.138,Konnichiwa from hello-cloud-node-s74g1 in cloud-node,5
619,2507.729,Konnichiwa from hello-cloud-node-s74g1 in cloud-node,2
620,5007.411,Konnichiwa from hello-cloud-node-s74g1 in cloud-node,5
621,2507.353,Konnichiwa from hello-cloud-node-s74g1 in cloud-node,2
622,3340.2470000000003,Konnichiwa from hello-cloud-node-s74g1 in cloud-node,5
623,5006.926,Konnichiwa from hello-cloud-node-s74g1 in cloud-node,2
624,3338.318,Konnichiwa from hello-cloud-node-s74g1 in cloud-node,5
625,5006.098,Konnichiwa from hello-cloud-node-s74g1 in cloud-node,2
626,2005.893,Konnichiwa from hello-cloud-node-s74g1 in cloud-node,5
627,2506.168,Konnichiwa from hello-cloud-node-s74g1 in cloud-node,2
628,2006.1399999999999,Konnichiwa from hello-cloud-node-s74g1 in cloud-node,5
629,2505.921,Konnichiwa from hello-cloud-node-s74g1 in cloud-node,2
630,2006.548,Konnichiwa from hello-cloud-node-s74g1 in cloud-node,5
631,2507.332,Konnichiwa from hello-cloud-node-s74g1 in cloud-node,2
632,1437.06,Konnichiwa from hello-cloud-node-s74g1 in cloud-node,5
633,841.573,Konnichiwa from hello-cloud-node-s74g1 in cloud-node,2
634,1435.923,Konnichiwa from hello-cloud-node-s74g1 in cloud-node,5
635,840.0419999999999,Konnichiwa from hello-cloud-node-s74g1 in cloud-node,2
636,1435.906,Konnichiwa from hello-cloud-node-s74g1 in cloud-node,5
637,840.022,Konnichiwa from hello-cloud-node-s74g1 in cloud-node,2
638,1435.786,Konnichiwa from hello-cloud-node-s74g1 in cloud-node,5
639,841.992,Konnichiwa from hello-cloud-node-s74g1 in cloud-node,2
640,1436.61,Konnichiwa from hello-cloud-node-s74g1 in cloud-node,5
641,841.292,Konnichiwa from hello-cloud-node-s74g1 in cloud-node,2
642,2008.092,Konnichiwa from hello-cloud-node-s74g1 in cloud-node,5
643,2508.188,Konnichiwa from hello-cloud-node-s74g1 in cloud-node,2
644,2007.079,Konnichiwa from hello-cloud-node-s74g1 in cloud-node,5
645,2506.455,Konnichiwa from hello-cloud-node-s74g1 in cloud-node,2
646,2007.2,Konnichiwa from hello-cloud-node-s74g1 in cloud-node,5
647,2507.142,Konnichiwa from hello-cloud-node-s74g1 in cloud-node,2
648,1673.0149999999999,Konnichiwa from hello-cloud-node-s74g1 in cloud-node,5
649,5008.742,Konnichiwa from hello-cloud-node-s74g1 in cloud-node,2
650,1676.034,Konnichiwa from hello-cloud-node-s74g1 in cloud-node,5
651,5005.853,Konnichiwa from hello-cloud-node-s74g1 in cloud-node,2
652,1673.306,Konnichiwa from hello-cloud-node-s74g1 in cloud-node,5
653,3340.926,Konnichiwa from hello-cloud-node-s74g1 in cloud-node,2
654,1673.139,Konnichiwa from hello-cloud-node-s74g1 in cloud-node,5
655,3340.672,Konnichiwa from hello-cloud-node-s74g1 in cloud-node,2
656,2007.4879999999998,Konnichiwa from hello-cloud-node-s74g1 in cloud-node,5
657,1673.471,Konnichiwa from hello-cloud-node-s74g1 in cloud-node,2
658,2006.38,Konnichiwa from hello-cloud-node-s74g1 in cloud-node,5
659,1672.942,Konnichiwa from hello-cloud-node-s74g1 in cloud-node,2
660,2005.6970000000001,Konnichiwa from hello-cloud-node-s74g1 in cloud-node,5
661,1672.689,Konnichiwa from hello-cloud-node-s74g1 in cloud-node,2
662,2007.083,Konnichiwa from hello-cloud-node-s74g1 in cloud-node,5
663,10006.405,Konnichiwa from hello-cloud-node-s74g1 in cloud-node,2
664,10006.983999999999,Konnichiwa from hello-cloud-node-s74g1 in cloud-node,5
665,10006.769999999999,Konnichiwa from hello-cloud-node-s74g1 in cloud-node,2
666,10005.815,Konnichiwa from hello-cloud-node-s74g1 in cloud-node,5
667,2008.0149999999999,Konnichiwa from hello-cloud-node-s74g1 in cloud-node,2
668,2507.5319999999997,Konnichiwa from hello-cloud-node-s74g1 in cloud-node,5
669,2005.8060000000003,Konnichiwa from hello-cloud-node-s74g1 in cloud-node,2
670,2505.674,Konnichiwa from hello-cloud-node-s74g1 in cloud-node,5
671,2006.276,Konnichiwa from hello-cloud-node-s74g1 in cloud-node,2
672,2505.799,Konnichiwa from hello-cloud-node-s74g1 in cloud-node,5
673,10005.778,Konnichiwa from hello-cloud-node-s74g1 in cloud-node,2
674,1673.926,Konnichiwa from hello-cloud-node-s74g1 in cloud-node,5
675,1673.872,Konnichiwa from hello-cloud-node-s74g1 in cloud-node,2
676,1672.384,Konnichiwa from hello-cloud-node-s74g1 in cloud-node,5
677,1672.156,Konnichiwa from hello-cloud-node-s74g1 in cloud-node,2
678,1674.192,Konnichiwa from hello-cloud-node-s74g1 in cloud-node,5
679,1673.743,Konnichiwa from hello-cloud-node-s74g1 in cloud-node,2
680,3339.979,Konnichiwa from hello-cloud-node-s74g1 in cloud-node,5
681,1672.7920000000001,Konnichiwa from hello-cloud-node-s74g1 in cloud-node,2
682,3339.39,Konnichiwa from hello-cloud-node-s74g1 in cloud-node,5
683,1674.423,Konnichiwa from hello-cloud-node-s74g1 in cloud-node,2
684,5010.142,Konnichiwa from hello-cloud-node-s74g1 in cloud-node,5
685,1121.962,Konnichiwa from hello-cloud-node-s74g1 in cloud-node,2
686,5006.399,Konnichiwa from hello-cloud-node-s74g1 in cloud-node,5
687,1118.549,Konnichiwa from hello-cloud-node-s74g1 in cloud-node,2
688,2008.2369999999999,Konnichiwa from hello-cloud-node-s74g1 in cloud-node,5
689,1119.229,Konnichiwa from hello-cloud-node-s74g1 in cloud-node,2
690,2008.9920000000002,Konnichiwa from hello-cloud-node-s74g1 in cloud-node,5
691,3342.925,Konnichiwa from hello-cloud-node-s74g1 in cloud-node,2
692,2006.768,Konnichiwa from hello-cloud-node-s74g1 in cloud-node,5
693,3339.4539999999997,Konnichiwa from hello-cloud-node-s74g1 in cloud-node,2
694,3340.112,Konnichiwa from hello-cloud-node-s74g1 in cloud-node,5
695,3339.471,Konnichiwa from hello-cloud-node-s74g1 in cloud-node,2
696,3339.2200000000003,Konnichiwa from hello-cloud-node-s74g1 in cloud-node,5
697,3340.2349999999997,Konnichiwa from hello-cloud-node-s74g1 in cloud-node,2
698,1257.4579999999999,Konnichiwa from hello-cloud-node-s74g1 in cloud-node,5
699,5007.792,Konnichiwa from hello-cloud-node-s74g1 in cloud-node,2
700,1257.365,Konnichiwa from hello-cloud-node-s74g1 in cloud-node,5
701,5007.19,Konnichiwa from hello-cloud-node-s74g1 in cloud-node,2
702,1673.4569999999999,Konnichiwa from hello-cloud-node-s74g1 in cloud-node,5
703,917.5269999999999,Konnichiwa from hello-cloud-node-s74g1 in cloud-node,2
704,1673.5739999999998,Konnichiwa from hello-cloud-node-s74g1 in cloud-node,5
705,914.727,Konnichiwa from hello-cloud-node-s74g1 in cloud-node,2
706,1672.612,Konnichiwa from hello-cloud-node-s74g1 in cloud-node,5
707,916.379,Konnichiwa from hello-cloud-node-s74g1 in cloud-node,2
708,1672.857,Konnichiwa from hello-cloud-node-s74g1 in cloud-node,5
709,914.948,Konnichiwa from hello-cloud-node-s74g1 in cloud-node,2
710,3339.35,Konnichiwa from hello-cloud-node-s74g1 in cloud-node,5
711,3342.355,Konnichiwa from hello-cloud-node-s74g1 in cloud-node,2
712,3342.5699999999997,Konnichiwa from hello-cloud-node-s74g1 in cloud-node,5
713,3340.3179999999998,Konnichiwa from hello-cloud-node-s74g1 in cloud-node,2
714,1257.896,Konnichiwa from hello-cloud-node-s74g1 in cloud-node,5
715,2006.9889999999998,Konnichiwa from hello-cloud-node-s74g1 in cloud-node,2
716,1256.648,Konnichiwa from hello-cloud-node-s74g1 in cloud-node,5
717,2006.8260000000002,Konnichiwa from hello-cloud-node-s74g1 in cloud-node,2
718,1256.875,Konnichiwa from hello-cloud-node-s74g1 in cloud-node,5
719,2006.869,Konnichiwa from hello-cloud-node-s74g1 in cloud-node,2
720,1256.2169999999999,Konnichiwa from hello-cloud-node-s74g1 in cloud-node,5
721,2006.2250000000001,Konnichiwa from hello-cloud-node-s74g1 in cloud-node,2
722,3339.083,Konnichiwa from hello-cloud-node-s74g1 in cloud-node,5
723,2007.5069999999998,Konnichiwa from hello-cloud-node-s74g1 in cloud-node,2
724,3339.6569999999997,Konnichiwa from hello-cloud-node-s74g1 in cloud-node,5
725,2007.5240000000001,Konnichiwa from hello-cloud-node-s74g1 in cloud-node,2
726,1259.565,Konnichiwa from hello-cloud-node-s74g1 in cloud-node,5
727,2005.8980000000001,Konnichiwa from hello-cloud-node-s74g1 in cloud-node,2
728,1257.337,Konnichiwa from hello-cloud-node-s74g1 in cloud-node,5
729,13341.883,Konnichiwa from hello-cloud-node-s74g1 in cloud-node,2
730,2008.0209999999997,Konnichiwa from hello-cloud-node-s74g1 in cloud-node,5
731,3340.673,Konnichiwa from hello-cloud-node-s74g1 in cloud-node,2
732,2007.5660000000003,Konnichiwa from hello-cloud-node-s74g1 in cloud-node,5
733,5008.142000000001,Konnichiwa from hello-cloud-node-s74g1 in cloud-node,2
734,1257.489,Konnichiwa from hello-cloud-node-s74g1 in cloud-node,5
735,5007.757,Konnichiwa from hello-cloud-node-s74g1 in cloud-node,2
736,1256.4820000000002,Konnichiwa from hello-cloud-node-s74g1 in cloud-node,5
737,1119.336,Konnichiwa from hello-cloud-node-s74g1 in cloud-node,2
738,1256.604,Konnichiwa from hello-cloud-node-s74g1 in cloud-node,5
739,1118.674,Konnichiwa from hello-cloud-node-s74g1 in cloud-node,2
740,1436.701,Konnichiwa from hello-cloud-node-s74g1 in cloud-node,5
741,1116.941,Konnichiwa from hello-cloud-node-s74g1 in cloud-node,2
742,1435.246,Konnichiwa from hello-cloud-node-s74g1 in cloud-node,5
743,1118.245,Konnichiwa from hello-cloud-node-s74g1 in cloud-node,2
744,1434.3729999999998,Konnichiwa from hello-cloud-node-s74g1 in cloud-node,5
745,2508.238,Konnichiwa from hello-cloud-node-s74g1 in cloud-node,2
746,1435.3,Konnichiwa from hello-cloud-node-s74g1 in cloud-node,5
747,2506.0950000000003,Konnichiwa from hello-cloud-node-s74g1 in cloud-node,2
748,2007.393,Konnichiwa from hello-cloud-node-s74g1 in cloud-node,5
749,2506.09,Konnichiwa from hello-cloud-node-s74g1 in cloud-node,2
750,2007.7410000000002,Konnichiwa from hello-cloud-node-s74g1 in cloud-node,5
751,1436.291,Konnichiwa from hello-cloud-node-s74g1 in cloud-node,2
752,2007.381,Konnichiwa from hello-cloud-node-s74g1 in cloud-node,5
753,1434.931,Konnichiwa from hello-cloud-node-s74g1 in cloud-node,2
754,5006.235000000001,Konnichiwa from hello-cloud-node-s74g1 in cloud-node,5
755,1433.463,Konnichiwa from hello-cloud-node-s74g1 in cloud-node,2
756,5006.719,Konnichiwa from hello-cloud-node-s74g1 in cloud-node,5
757,1118.421,Konnichiwa from hello-cloud-node-s74g1 in cloud-node,2
758,2508.213,Konnichiwa from hello-cloud-node-s74g1 in cloud-node,5
759,1117.7379999999998,Konnichiwa from hello-cloud-node-s74g1 in cloud-node,2
760,2506.447,Konnichiwa from hello-cloud-node-s74g1 in cloud-node,5
761,1118.401,Konnichiwa from hello-cloud-node-s74g1 in cloud-node,2
762,2506.355,Konnichiwa from hello-cloud-node-s74g1 in cloud-node,5
763,5005.958,Konnichiwa from hello-cloud-node-s74g1 in cloud-node,2
764,1256.4869999999999,Konnichiwa from hello-cloud-node-s74g1 in cloud-node,5
765,5005.424,Konnichiwa from hello-cloud-node-s74g1 in cloud-node,2
766,1255.833,Konnichiwa from hello-cloud-node-s74g1 in cloud-node,5
767,2007.8390000000002,Konnichiwa from hello-cloud-node-s74g1 in cloud-node,2
768,1257.3319999999999,Konnichiwa from hello-cloud-node-s74g1 in cloud-node,5
769,2006.3749999999998,Konnichiwa from hello-cloud-node-s74g1 in cloud-node,2
770,5007.575,Konnichiwa from hello-cloud-node-s74g1 in cloud-node,5
771,1673.838,Konnichiwa from hello-cloud-node-s74g1 in cloud-node,2
772,5007.879,Konnichiwa from hello-cloud-node-s74g1 in cloud-node,5
773,1674.54,Konnichiwa from hello-cloud-node-s74g1 in cloud-node,2
774,1675.011,Konnichiwa from hello-cloud-node-s74g1 in cloud-node,5
775,1117.7330000000002,Konnichiwa from hello-cloud-node-s74g1 in cloud-node,2
776,1673.3709999999999,Konnichiwa from hello-cloud-node-s74g1 in cloud-node,5
777,1117.6200000000001,Konnichiwa from hello-cloud-node-s74g1 in cloud-node,2
778,1673.4340000000002,Konnichiwa from hello-cloud-node-s74g1 in cloud-node,5
779,1117.544,Konnichiwa from hello-cloud-node-s74g1 in cloud-node,2
780,1673.465,Konnichiwa from hello-cloud-node-s74g1 in cloud-node,5
781,1117.6,Konnichiwa from hello-cloud-node-s74g1 in cloud-node,2
782,3340.612,Konnichiwa from hello-cloud-node-s74g1 in cloud-node,5
783,1256.897,Konnichiwa from hello-cloud-node-s74g1 in cloud-node,2
784,3339.077,Konnichiwa from hello-cloud-node-s74g1 in cloud-node,5
785,1255.533,Konnichiwa from hello-cloud-node-s74g1 in cloud-node,2
786,3340.0089999999996,Konnichiwa from hello-cloud-node-s74g1 in cloud-node,5
787,1255.846,Konnichiwa from hello-cloud-node-s74g1 in cloud-node,2
788,2506.791,Konnichiwa from hello-cloud-node-s74g1 in cloud-node,5
789,1672.572,Konnichiwa from hello-cloud-node-s74g1 in cloud-node,2
790,2505.761,Konnichiwa from hello-cloud-node-s74g1 in cloud-node,5
791,1673.309,Konnichiwa from hello-cloud-node-s74g1 in cloud-node,2
792,2507.946,Konnichiwa from hello-cloud-node-s74g1 in cloud-node,5
793,1674.134,Konnichiwa from hello-cloud-node-s74g1 in cloud-node,2
794,5007.365,Konnichiwa from hello-cloud-node-s74g1 in cloud-node,5
795,2006.952,Konnichiwa from hello-cloud-node-s74g1 in cloud-node,2
796,5006.512,Konnichiwa from hello-cloud-node-s74g1 in cloud-node,5
797,2007.771,Konnichiwa from hello-cloud-node-s74g1 in cloud-node,2
798,2506.6290000000004,Konnichiwa from hello-cloud-node-s74g1 in cloud-node,5
799,3341.437,Konnichiwa from hello-cloud-node-s74g1 in cloud-node,2
800,2507.3599999999997,Konnichiwa from hello-cloud-node-s74g1 in cloud-node,5
801,3338.6209999999996,Konnichiwa from hello-cloud-node-s74g1 in cloud-node,2
802,1438.784,Konnichiwa from hello-cloud-node-s74g1 in cloud-node,5
803,1438.531,Konnichiwa from hello-cloud-node-s74g1 in cloud-node,2
804,1435.209,Konnichiwa from hello-cloud-node-s74g1 in cloud-node,5
805,1435.894,Konnichiwa from hello-cloud-node-s74g1 in cloud-node,2
806,1437.655,Konnichiwa from hello-cloud-node-s74g1 in cloud-node,5
807,1438.083,Konnichiwa from hello-cloud-node-s74g1 in cloud-node,2
808,1434.338,Konnichiwa from hello-cloud-node-s74g1 in cloud-node,5
809,1434.826,Konnichiwa from hello-cloud-node-s74g1 in cloud-node,2
810,2007.3590000000002,Konnichiwa from hello-cloud-node-s74g1 in cloud-node,5
811,1674.415,Konnichiwa from hello-cloud-node-s74g1 in cloud-node,2
812,2008.2420000000002,Konnichiwa from hello-cloud-node-s74g1 in cloud-node,5
813,1675.76,Konnichiwa from hello-cloud-node-s74g1 in cloud-node,2
814,2008.553,Konnichiwa from hello-cloud-node-s74g1 in cloud-node,5
815,1674.607,Konnichiwa from hello-cloud-node-s74g1 in cloud-node,2
816,1674.532,Konnichiwa from hello-cloud-node-s74g1 in cloud-node,5
817,1436.544,Konnichiwa from hello-cloud-node-s74g1 in cloud-node,2
818,1673.227,Konnichiwa from hello-cloud-node-s74g1 in cloud-node,5
819,1436.527,Konnichiwa from hello-cloud-node-s74g1 in cloud-node,2
820,1673.4640000000002,Konnichiwa from hello-cloud-node-s74g1 in cloud-node,5
821,1434.546,Konnichiwa from hello-cloud-node-s74g1 in cloud-node,2
822,1672.644,Konnichiwa from hello-cloud-node-s74g1 in cloud-node,5
823,1435.276,Konnichiwa from hello-cloud-node-s74g1 in cloud-node,2
824,1258.0059999999999,Konnichiwa from hello-cloud-node-s74g1 in cloud-node,5
825,1257.639,Konnichiwa from hello-cloud-node-s74g1 in cloud-node,2
826,1256.7710000000002,Konnichiwa from hello-cloud-node-s74g1 in cloud-node,5
827,1256.054,Konnichiwa from hello-cloud-node-s74g1 in cloud-node,2
828,1256.2169999999999,Konnichiwa from hello-cloud-node-s74g1 in cloud-node,5
829,1257.866,Konnichiwa from hello-cloud-node-s74g1 in cloud-node,2
830,1257.128,Konnichiwa from hello-cloud-node-s74g1 in cloud-node,5
831,1256.433,Konnichiwa from hello-cloud-node-s74g1 in cloud-node,2
832,3340.4500000000003,Konnichiwa from hello-cloud-node-s74g1 in cloud-node,5
833,3339.5950000000003,Konnichiwa from hello-cloud-node-s74g1 in cloud-node,2
834,3340.096,Konnichiwa from hello-cloud-node-s74g1 in cloud-node,5
835,3340.852,Konnichiwa from hello-cloud-node-s74g1 in cloud-node,2
836,1435.891,Konnichiwa from hello-cloud-node-s74g1 in cloud-node,5
837,5007.307,Konnichiwa from hello-cloud-node-s74g1 in cloud-node,2
838,1435.292,Konnichiwa from hello-cloud-node-s74g1 in cloud-node,5
839,5005.794,Konnichiwa from hello-cloud-node-s74g1 in cloud-node,2
840,3339.4370000000004,Konnichiwa from hello-cloud-node-s74g1 in cloud-node,5
841,1256.059,Konnichiwa from hello-cloud-node-s74g1 in cloud-node,2
842,3338.4770000000003,Konnichiwa from hello-cloud-node-s74g1 in cloud-node,5
843,1257.704,Konnichiwa from hello-cloud-node-s74g1 in cloud-node,2
844,3340.9399999999996,Konnichiwa from hello-cloud-node-s74g1 in cloud-node,5
845,1256.408,Konnichiwa from hello-cloud-node-s74g1 in cloud-node,2
846,10007.495,Konnichiwa from hello-cloud-node-s74g1 in cloud-node,5
847,2508.146,Konnichiwa from hello-cloud-node-s74g1 in cloud-node,2
848,1674.295,Konnichiwa from hello-cloud-node-s74g1 in cloud-node,5
849,2507.482,Konnichiwa from hello-cloud-node-s74g1 in cloud-node,2
850,1673.128,Konnichiwa from hello-cloud-node-s74g1 in cloud-node,5
851,2506.631,Konnichiwa from hello-cloud-node-s74g1 in cloud-node,2
852,1673.121,Konnichiwa from hello-cloud-node-s74g1 in cloud-node,5
853,3341.3759999999997,Konnichiwa from hello-cloud-node-s74g1 in cloud-node,2
854,2008.115,Konnichiwa from hello-cloud-node-s74g1 in cloud-node,5
855,3341.059,Konnichiwa from hello-cloud-node-s74g1 in cloud-node,2
856,2006.0159999999998,Konnichiwa from hello-cloud-node-s74g1 in cloud-node,5
857,2008.198,Konnichiwa from hello-cloud-node-s74g1 in cloud-node,2
858,2006.634,Konnichiwa from hello-cloud-node-s74g1 in cloud-node,5
859,2006.3399999999997,Konnichiwa from hello-cloud-node-s74g1 in cloud-node,2
860,1435.53,Konnichiwa from hello-cloud-node-s74g1 in cloud-node,5
861,2007.0009999999997,Konnichiwa from hello-cloud-node-s74g1 in cloud-node,2
862,1434.272,Konnichiwa from hello-cloud-node-s74g1 in cloud-node,5
863,1673.875,Konnichiwa from hello-cloud-node-s74g1 in cloud-node,2
864,1434.0839999999998,Konnichiwa from hello-cloud-node-s74g1 in cloud-node,5
865,1672.8860000000002,Konnichiwa from hello-cloud-node-s74g1 in cloud-node,2
866,1434.013,Konnichiwa from hello-cloud-node-s74g1 in cloud-node,5
867,1671.836,Konnichiwa from hello-cloud-node-s74g1 in cloud-node,2
868,10007.989,Konnichiwa from hello-cloud-node-s74g1 in cloud-node,5
869,1119.985,Konnichiwa from hello-cloud-node-s74g1 in cloud-node,2
870,2507.819,Konnichiwa from hello-cloud-node-s74g1 in cloud-node,5
871,1118.874,Konnichiwa from hello-cloud-node-s74g1 in cloud-node,2
872,2506.716,Konnichiwa from hello-cloud-node-s74g1 in cloud-node,5
873,1117.855,Konnichiwa from hello-cloud-node-s74g1 in cloud-node,2
874,2507.46,Konnichiwa from hello-cloud-node-s74g1 in cloud-node,5
875,1672.896,Konnichiwa from hello-cloud-node-s74g1 in cloud-node,2
876,2505.673,Konnichiwa from hello-cloud-node-s74g1 in cloud-node,5
877,1674.027,Konnichiwa from hello-cloud-node-s74g1 in cloud-node,2
878,2506.433,Konnichiwa from hello-cloud-node-s74g1 in cloud-node,5
879,1672.915,Konnichiwa from hello-cloud-node-s74g1 in cloud-node,2
880,2505.351,Konnichiwa from hello-cloud-node-s74g1 in cloud-node,5
881,5007.188,Konnichiwa from hello-cloud-node-s74g1 in cloud-node,2
882,2006.745,Konnichiwa from hello-cloud-node-s74g1 in cloud-node,5
883,5006.495,Konnichiwa from hello-cloud-node-s74g1 in cloud-node,2
884,2005.265,Konnichiwa from hello-cloud-node-s74g1 in cloud-node,5
885,1672.8970000000002,Konnichiwa from hello-cloud-node-s74g1 in cloud-node,2
886,5006.46,Konnichiwa from hello-cloud-node-s74g1 in cloud-node,5
887,1674.1699999999998,Konnichiwa from hello-cloud-node-s74g1 in cloud-node,2
888,5006.656000000001,Konnichiwa from hello-cloud-node-s74g1 in cloud-node,5
889,5006.47,Konnichiwa from hello-cloud-node-s74g1 in cloud-node,2
890,1435.778,Konnichiwa from hello-cloud-node-s74g1 in cloud-node,5
891,5005.924,Konnichiwa from hello-cloud-node-s74g1 in cloud-node,2
892,1434.6000000000001,Konnichiwa from hello-cloud-node-s74g1 in cloud-node,5
893,5007.252,Konnichiwa from hello-cloud-node-s74g1 in cloud-node,2
894,1675.403,Konnichiwa from hello-cloud-node-s74g1 in cloud-node,5
895,5007.472,Konnichiwa from hello-cloud-node-s74g1 in cloud-node,2
896,1673.3990000000001,Konnichiwa from hello-cloud-node-s74g1 in cloud-node,5
897,1257.5700000000002,Konnichiwa from hello-cloud-node-s74g1 in cloud-node,2
898,1674.155,Konnichiwa from hello-cloud-node-s74g1 in cloud-node,5
899,1255.706,Konnichiwa from hello-cloud-node-s74g1 in cloud-node,2
900,5005.349,Konnichiwa from hello-cloud-node-s74g1 in cloud-node,5
901,1256.1299999999999,Konnichiwa from hello-cloud-node-s74g1 in cloud-node,2
902,5007.331,Konnichiwa from hello-cloud-node-s74g1 in cloud-node,5
903,1673.49,Konnichiwa from hello-cloud-node-s74g1 in cloud-node,2
904,2506.206,Konnichiwa from hello-cloud-node-s74g1 in cloud-node,5
905,1673.324,Konnichiwa from hello-cloud-node-s74g1 in cloud-node,2
906,2506.484,Konnichiwa from hello-cloud-node-s74g1 in cloud-node,5
907,1673.472,Konnichiwa from hello-cloud-node-s74g1 in cloud-node,2
908,2505.946,Konnichiwa from hello-cloud-node-s74g1 in cloud-node,5
909,2006.376,Konnichiwa from hello-cloud-node-s74g1 in cloud-node,2
910,2007.3919999999998,Konnichiwa from hello-cloud-node-s74g1 in cloud-node,5
911,2006.895,Konnichiwa from hello-cloud-node-s74g1 in cloud-node,2
912,2006.341,Konnichiwa from hello-cloud-node-s74g1 in cloud-node,5
913,2007.288,Konnichiwa from hello-cloud-node-s74g1 in cloud-node,2
914,2007.3439999999998,Konnichiwa from hello-cloud-node-s74g1 in cloud-node,5
915,3341.341,Konnichiwa from hello-cloud-node-s74g1 in cloud-node,2
916,1435.953,Konnichiwa from hello-cloud-node-s74g1 in cloud-node,5
917,3340.5119999999997,Konnichiwa from hello-cloud-node-s74g1 in cloud-node,2
918,1434.772,Konnichiwa from hello-cloud-node-s74g1 in cloud-node,5
919,3340.369,Konnichiwa from hello-cloud-node-s74g1 in cloud-node,2
920,1434.868,Konnichiwa from hello-cloud-node-s74g1 in cloud-node,5
921,2006.7930000000001,Konnichiwa from hello-cloud-node-s74g1 in cloud-node,2
922,2506.62,Konnichiwa from hello-cloud-node-s74g1 in cloud-node,5
923,2006.152,Konnichiwa from hello-cloud-node-s74g1 in cloud-node,2
924,2505.541,Konnichiwa from hello-cloud-node-s74g1 in cloud-node,5
925,2005.338,Konnichiwa from hello-cloud-node-s74g1 in cloud-node,2
926,2507.1259999999997,Konnichiwa from hello-cloud-node-s74g1 in cloud-node,5
927,2507.362,Konnichiwa from hello-cloud-node-s74g1 in cloud-node,2
928,3340.604,Konnichiwa from hello-cloud-node-s74g1 in cloud-node,5
929,2507.994,Konnichiwa from hello-cloud-node-s74g1 in cloud-node,2
930,3341.635,Konnichiwa from hello-cloud-node-s74g1 in cloud-node,5
931,10008.039999999999,Konnichiwa from hello-cloud-node-s74g1 in cloud-node,2
932,3341.129,Konnichiwa from hello-cloud-node-s74g1 in cloud-node,5
933,2006.9629999999997,Konnichiwa from hello-cloud-node-s74g1 in cloud-node,2
934,3339.245,Konnichiwa from hello-cloud-node-s74g1 in cloud-node,5
935,2005.8470000000002,Konnichiwa from hello-cloud-node-s74g1 in cloud-node,2
936,1673.484,Konnichiwa from hello-cloud-node-s74g1 in cloud-node,5
937,2005.522,Konnichiwa from hello-cloud-node-s74g1 in cloud-node,2
938,1672.1889999999999,Konnichiwa from hello-cloud-node-s74g1 in cloud-node,5
939,2006.6419999999998,Konnichiwa from hello-cloud-node-s74g1 in cloud-node,2
940,1673.106,Konnichiwa from hello-cloud-node-s74g1 in cloud-node,5
941,2007.212,Konnichiwa from hello-cloud-node-s74g1 in cloud-node,2
942,2509.363,Konnichiwa from hello-cloud-node-s74g1 in cloud-node,5
943,2006.878,Konnichiwa from hello-cloud-node-s74g1 in cloud-node,2
944,2505.9339999999997,Konnichiwa from hello-cloud-node-s74g1 in cloud-node,5
945,1257.617,Konnichiwa from hello-cloud-node-s74g1 in cloud-node,2
946,2506.056,Konnichiwa from hello-cloud-node-s74g1 in cloud-node,5
947,1255.222,Konnichiwa from hello-cloud-node-s74g1 in cloud-node,2
948,1436.4479999999999,Konnichiwa from hello-cloud-node-s74g1 in cloud-node,5
949,1257.781,Konnichiwa from hello-cloud-node-s74g1 in cloud-node,2
950,1435.703,Konnichiwa from hello-cloud-node-s74g1 in cloud-node,5
951,1256.164,Konnichiwa from hello-cloud-node-s74g1 in cloud-node,2
952,1434.984,Konnichiwa from hello-cloud-node-s74g1 in cloud-node,5
953,2007.2649999999999,Konnichiwa from hello-cloud-node-s74g1 in cloud-node,2
954,1435.9299999999998,Konnichiwa from hello-cloud-node-s74g1 in cloud-node,5
955,2006.5040000000001,Konnichiwa from hello-cloud-node-s74g1 in cloud-node,2
956,1007.661,Konnichiwa from hello-cloud-node-s74g1 in cloud-node,5
957,2005.7610000000002,Konnichiwa from hello-cloud-node-s74g1 in cloud-node,2
958,1006.818,Konnichiwa from hello-cloud-node-s74g1 in cloud-node,5
959,2008.683,Konnichiwa from hello-cloud-node-s74g1 in cloud-node,2
960,1005.2719999999999,Konnichiwa from hello-cloud-node-s74g1 in cloud-node,5
961,2008.368,Konnichiwa from hello-cloud-node-s74g1 in cloud-node,2
962,1008.6820000000001,Konnichiwa from hello-cloud-node-s74g1 in cloud-node,5
963,2006.1779999999999,Konnichiwa from hello-cloud-node-s74g1 in cloud-node,2
964,2505.887,Konnichiwa from hello-cloud-node-s74g1 in cloud-node,5
965,2005.592,Konnichiwa from hello-cloud-node-s74g1 in cloud-node,2
966,2506.098,Konnichiwa from hello-cloud-node-s74g1 in cloud-node,5
967,2007.006,Konnichiwa from hello-cloud-node-s74g1 in cloud-node,2
968,2506.3179999999998,Konnichiwa from hello-cloud-node-s74g1 in cloud-node,5
969,2006.249,Konnichiwa from hello-cloud-node-s74g1 in cloud-node,2
970,1006.316,Konnichiwa from hello-cloud-node-s74g1 in cloud-node,5
971,2009.128,Konnichiwa from hello-cloud-node-s74g1 in cloud-node,2
972,1008.9840000000002,Konnichiwa from hello-cloud-node-s74g1 in cloud-node,5
973,5005.722,Konnichiwa from hello-cloud-node-s74g1 in cloud-node,2
974,1005.238,Konnichiwa from hello-cloud-node-s74g1 in cloud-node,5
975,5006.614,Konnichiwa from hello-cloud-node-s74g1 in cloud-node,2
976,3339.583,Konnichiwa from hello-cloud-node-s74g1 in cloud-node,5
977,1672.7320000000002,Konnichiwa from hello-cloud-node-s74g1 in cloud-node,2
978,3338.7400000000002,Konnichiwa from hello-cloud-node-s74g1 in cloud-node,5
979,1672.081,Konnichiwa from hello-cloud-node-s74g1 in cloud-node,2
980,1674.4840000000002,Konnichiwa from hello-cloud-node-s74g1 in cloud-node,5
981,1673.077,Konnichiwa from hello-cloud-node-s74g1 in cloud-node,2
982,1672.723,Konnichiwa from hello-cloud-node-s74g1 in cloud-node,5
983,1436.041,Konnichiwa from hello-cloud-node-s74g1 in cloud-node,2
984,1673.653,Konnichiwa from hello-cloud-node-s74g1 in cloud-node,5
985,1434.807,Konnichiwa from hello-cloud-node-s74g1 in cloud-node,2
986,1672.372,Konnichiwa from hello-cloud-node-s74g1 in cloud-node,5
987,1437.134,Konnichiwa from hello-cloud-node-s74g1 in cloud-node,2
988,3342.8619999999996,Konnichiwa from hello-cloud-node-s74g1 in cloud-node,5
989,1435.834,Konnichiwa from hello-cloud-node-s74g1 in cloud-node,2
990,3340.419,Konnichiwa from hello-cloud-node-s74g1 in cloud-node,5
991,1435.565,Konnichiwa from hello-cloud-node-s74g1 in cloud-node,2
992,3338.76,Konnichiwa from hello-cloud-node-s74g1 in cloud-node,5
993,1435.32,Konnichiwa from hello-cloud-node-s74g1 in cloud-node,2
994,840.837,Konnichiwa from hello-cloud-node-s74g1 in cloud-node,5
995,1674.5710000000001,Konnichiwa from hello-cloud-node-s74g1 in cloud-node,2
996,839.3399999999999,Konnichiwa from hello-cloud-node-s74g1 in cloud-node,5
997,1672.745,Konnichiwa from hello-cloud-node-s74g1 in cloud-node,2
998,838.844,Konnichiwa from hello-cloud-node-s74g1 in cloud-node,5
999,1673.463,Konnichiwa from hello-cloud-node-s74g1 in cloud-node,2
1000,838.9250000000001,Konnichiwa from hello-cloud-node-s74g1 in cloud-node,5
1001,1673.109,Konnichiwa from hello-cloud-node-s74g1 in cloud-node,2
1002,2506.665,Konnichiwa from hello-cloud-node-s74g1 in cloud-node,5
1003,3340.501,Konnichiwa from hello-cloud-node-s74g1 in cloud-node,2
1004,2506.217,Konnichiwa from hello-cloud-node-s74g1 in cloud-node,5
1005,3338.923,Konnichiwa from hello-cloud-node-s74g1 in cloud-node,2
1006,2007.571,Konnichiwa from hello-cloud-node-s74g1 in cloud-node,5
1007,5005.814,Konnichiwa from hello-cloud-node-s74g1 in cloud-node,2
1008,2005.5200000000002,Konnichiwa from hello-cloud-node-s74g1 in cloud-node,5
1009,5005.101,Konnichiwa from hello-cloud-node-s74g1 in cloud-node,2
1010,2006.5,Konnichiwa from hello-cloud-node-s74g1 in cloud-node,5
1011,2507.3889999999997,Konnichiwa from hello-cloud-node-s74g1 in cloud-node,2
1012,2005.763,Konnichiwa from hello-cloud-node-s74g1 in cloud-node,5
1013,2507.045,Konnichiwa from hello-cloud-node-s74g1 in cloud-node,2
1014,2007.4,Konnichiwa from hello-cloud-node-s74g1 in cloud-node,5
1015,2506.181,Konnichiwa from hello-cloud-node-s74g1 in cloud-node,2
1016,10006.405,Konnichiwa from hello-cloud-node-s74g1 in cloud-node,5
1017,1673.6390000000001,Konnichiwa from hello-cloud-node-s74g1 in cloud-node,2
1018,1257.613,Konnichiwa from hello-cloud-node-s74g1 in cloud-node,5
1019,1673.4869999999999,Konnichiwa from hello-cloud-node-s74g1 in cloud-node,2
1020,1256.464,Konnichiwa from hello-cloud-node-s74g1 in cloud-node,5
1021,1672.038,Konnichiwa from hello-cloud-node-s74g1 in cloud-node,2
1022,1256.697,Konnichiwa from hello-cloud-node-s74g1 in cloud-node,5
1023,1672.599,Konnichiwa from hello-cloud-node-s74g1 in cloud-node,2
1024,1255.886,Konnichiwa from hello-cloud-node-s74g1 in cloud-node,5
1025,2507.288,Konnichiwa from hello-cloud-node-s74g1 in cloud-node,2
1026,2008.0710000000001,Konnichiwa from hello-cloud-node-s74g1 in cloud-node,5
1027,2507.738,Konnichiwa from hello-cloud-node-s74g1 in cloud-node,2
1028,2007.3310000000001,Konnichiwa from hello-cloud-node-s74g1 in cloud-node,5
1029,2506.168,Konnichiwa from hello-cloud-node-s74g1 in cloud-node,2
1030,2005.462,Konnichiwa from hello-cloud-node-s74g1 in cloud-node,5
1031,1673.8249999999998,Konnichiwa from hello-cloud-node-s74g1 in cloud-node,2
1032,2007.6689999999999,Konnichiwa from hello-cloud-node-s74g1 in cloud-node,5
1033,1673.176,Konnichiwa from hello-cloud-node-s74g1 in cloud-node,2
1034,2006.123,Konnichiwa from hello-cloud-node-s74g1 in cloud-node,5
1035,1673.162,Konnichiwa from hello-cloud-node-s74g1 in cloud-node,2
1036,2006.58,Konnichiwa from hello-cloud-node-s74g1 in cloud-node,5
1037,3339.693,Konnichiwa from hello-cloud-node-s74g1 in cloud-node,2
1038,1691.883,Konnichiwa from hello-cloud-node-s74g1 in cloud-node,5
1039,3357.543,Konnichiwa from hello-cloud-node-s74g1 in cloud-node,2
1040,1673.248,Konnichiwa from hello-cloud-node-s74g1 in cloud-node,5
1041,2007.991,Konnichiwa from hello-cloud-node-s74g1 in cloud-node,2
1042,1674.107,Konnichiwa from hello-cloud-node-s74g1 in cloud-node,5
1043,2005.0569999999998,Konnichiwa from hello-cloud-node-s74g1 in cloud-node,2
1044,2506.8450000000003,Konnichiwa from hello-cloud-node-s74g1 in cloud-node,5
1045,2006.39,Konnichiwa from hello-cloud-node-s74g1 in cloud-node,2
1046,2506.041,Konnichiwa from hello-cloud-node-s74g1 in cloud-node,5
1047,1256.781,Konnichiwa from hello-cloud-node-s74g1 in cloud-node,2
1048,2507.459,Konnichiwa from hello-cloud-node-s74g1 in cloud-node,5
1049,1257.037,Konnichiwa from hello-cloud-node-s74g1 in cloud-node,2
1050,1673.5359999999998,Konnichiwa from hello-cloud-node-s74g1 in cloud-node,5
1051,1255.978,Konnichiwa from hello-cloud-node-s74g1 in cloud-node,2
1052,1672.483,Konnichiwa from hello-cloud-node-s74g1 in cloud-node,5
1053,1255.9579999999999,Konnichiwa from hello-cloud-node-s74g1 in cloud-node,2
1054,1672.295,Konnichiwa from hello-cloud-node-s74g1 in cloud-node,5
1055,2507.555,Konnichiwa from hello-cloud-node-s74g1 in cloud-node,2
1056,1674.327,Konnichiwa from hello-cloud-node-s74g1 in cloud-node,5
1057,2508.66,Konnichiwa from hello-cloud-node-s74g1 in cloud-node,2
1058,1673.672,Konnichiwa from hello-cloud-node-s74g1 in cloud-node,5
1059,2506.134,Konnichiwa from hello-cloud-node-s74g1 in cloud-node,2
1060,1673.346,Konnichiwa from hello-cloud-node-s74g1 in cloud-node,5
1061,1256.811,Konnichiwa from hello-cloud-node-s74g1 in cloud-node,2
1062,1434.855,Konnichiwa from hello-cloud-node-s74g1 in cloud-node,5
1063,1254.703,Konnichiwa from hello-cloud-node-s74g1 in cloud-node,2
1064,1433.496,Konnichiwa from hello-cloud-node-s74g1 in cloud-node,5
1065,1257.2,Konnichiwa from hello-cloud-node-s74g1 in cloud-node,2
1066,1434.819,Konnichiwa from hello-cloud-node-s74g1 in cloud-node,5
1067,1255.6989999999998,Konnichiwa from hello-cloud-node-s74g1 in cloud-node,2
1068,1435.484,Konnichiwa from hello-cloud-node-s74g1 in cloud-node,5
1069,2506.7560000000003,Konnichiwa from hello-cloud-node-s74g1 in cloud-node,2
1070,1117.9889999999998,Konnichiwa from hello-cloud-node-s74g1 in cloud-node,5
1071,2505.7200000000003,Konnichiwa from hello-cloud-node-s74g1 in cloud-node,2
1072,1118.573,Konnichiwa from hello-cloud-node-s74g1 in cloud-node,5
1073,2508.116,Konnichiwa from hello-cloud-node-s74g1 in cloud-node,2
1074,1118.303,Konnichiwa from hello-cloud-node-s74g1 in cloud-node,5
1075,2507.4649999999997,Konnichiwa from hello-cloud-node-s74g1 in cloud-node,2
1076,5006.96,Konnichiwa from hello-cloud-node-s74g1 in cloud-node,5
1077,2505.732,Konnichiwa from hello-cloud-node-s74g1 in cloud-node,2
1078,5006.501,Konnichiwa from hello-cloud-node-s74g1 in cloud-node,5
1079,2007.3759999999997,Konnichiwa from hello-cloud-node-s74g1 in cloud-node,2
1080,2007.014,Konnichiwa from hello-cloud-node-s74g1 in cloud-node,5
1081,2007.9099999999999,Konnichiwa from hello-cloud-node-s74g1 in cloud-node,2
1082,2006.109,Konnichiwa from hello-cloud-node-s74g1 in cloud-node,5
1083,2006.71,Konnichiwa from hello-cloud-node-s74g1 in cloud-node,2
1084,2007.0739999999998,Konnichiwa from hello-cloud-node-s74g1 in cloud-node,5
1085,1009.1410000000001,Konnichiwa from hello-cloud-node-s74g1 in cloud-node,2
1086,10007.866999999998,Konnichiwa from hello-cloud-node-s74g1 in cloud-node,5
1087,1437.54,Konnichiwa from hello-cloud-node-s74g1 in cloud-node,2
1088,1435.265,Konnichiwa from hello-cloud-node-s74g1 in cloud-node,5
1089,1435.275,Konnichiwa from hello-cloud-node-s74g1 in cloud-node,2
1090,1434.559,Konnichiwa from hello-cloud-node-s74g1 in cloud-node,5
1091,1435.397,Konnichiwa from hello-cloud-node-s74g1 in cloud-node,2
1092,1436.018,Konnichiwa from hello-cloud-node-s74g1 in cloud-node,5
1093,1434.9050000000002,Konnichiwa from hello-cloud-node-s74g1 in cloud-node,2
1094,1434.4969999999998,Konnichiwa from hello-cloud-node-s74g1 in cloud-node,5
1095,1436.2839999999999,Konnichiwa from hello-cloud-node-s74g1 in cloud-node,2
1096,3339.757,Konnichiwa from hello-cloud-node-s74g1 in cloud-node,5
1097,1433.7740000000001,Konnichiwa from hello-cloud-node-s74g1 in cloud-node,2
1098,3340.453,Konnichiwa from hello-cloud-node-s74g1 in cloud-node,5
1099,1434.064,Konnichiwa from hello-cloud-node-s74g1 in cloud-node,2
1100,3338.542,Konnichiwa from hello-cloud-node-s74g1 in cloud-node,5
1101,2006.3010000000002,Konnichiwa from hello-cloud-node-s74g1 in cloud-node,2
1102,1255.432,Konnichiwa from hello-cloud-node-s74g1 in cloud-node,5
1103,2006.0889999999997,Konnichiwa from hello-cloud-node-s74g1 in cloud-node,2
1104,1256.202,Konnichiwa from hello-cloud-node-s74g1 in cloud-node,5
1105,2007.164,Konnichiwa from hello-cloud-node-s74g1 in cloud-node,2
1106,1257.078,Konnichiwa from hello-cloud-node-s74g1 in cloud-node,5
1107,2005.6419999999998,Konnichiwa from hello-cloud-node-s74g1 in cloud-node,2
1108,1255.868,Konnichiwa from hello-cloud-node-s74g1 in cloud-node,5
1109,915.9620000000001,Konnichiwa from hello-cloud-node-s74g1 in cloud-node,2
1110,1673.604,Konnichiwa from hello-cloud-node-s74g1 in cloud-node,5
1111,914.908,Konnichiwa from hello-cloud-node-s74g1 in cloud-node,2
1112,1674.068,Konnichiwa from hello-cloud-node-s74g1 in cloud-node,5
1113,915.1890000000001,Konnichiwa from hello-cloud-node-s74g1 in cloud-node,2
1114,1672.961,Konnichiwa from hello-cloud-node-s74g1 in cloud-node,5
1115,916.095,Konnichiwa from hello-cloud-node-s74g1 in cloud-node,2
1116,1672.899,Konnichiwa from hello-cloud-node-s74g1 in cloud-node,5
1117,10007.52,Konnichiwa from hello-cloud-node-s74g1 in cloud-node,2
1118,1436.142,Konnichiwa from hello-cloud-node-s74g1 in cloud-node,5
1119,1674.075,Konnichiwa from hello-cloud-node-s74g1 in cloud-node,2
1120,1436.414,Konnichiwa from hello-cloud-node-s74g1 in cloud-node,5
1121,1674.866,Konnichiwa from hello-cloud-node-s74g1 in cloud-node,2
1122,1434.017,Konnichiwa from hello-cloud-node-s74g1 in cloud-node,5
1123,1674.058,Konnichiwa from hello-cloud-node-s74g1 in cloud-node,2
1124,1434.736,Konnichiwa from hello-cloud-node-s74g1 in cloud-node,5
1125,1673.8249999999998,Konnichiwa from hello-cloud-node-s74g1 in cloud-node,2
1126,3339.543,Konnichiwa from hello-cloud-node-s74g1 in cloud-node,5
1127,1674.518,Konnichiwa from hello-cloud-node-s74g1 in cloud-node,2
1128,3338.997,Konnichiwa from hello-cloud-node-s74g1 in cloud-node,5
1129,1674.047,Konnichiwa from hello-cloud-node-s74g1 in cloud-node,2
1130,1674.083,Konnichiwa from hello-cloud-node-s74g1 in cloud-node,5
1131,1673.3690000000001,Konnichiwa from hello-cloud-node-s74g1 in cloud-node,2
1132,1674.531,Konnichiwa from hello-cloud-node-s74g1 in cloud-node,5
1133,1673.602,Konnichiwa from hello-cloud-node-s74g1 in cloud-node,2
1134,1672.637,Konnichiwa from hello-cloud-node-s74g1 in cloud-node,5
1135,1673.882,Konnichiwa from hello-cloud-node-s74g1 in cloud-node,2
1136,1257.696,Konnichiwa from hello-cloud-node-s74g1 in cloud-node,5
1137,1673.943,Konnichiwa from hello-cloud-node-s74g1 in cloud-node,2
1138,1256.1480000000001,Konnichiwa from hello-cloud-node-s74g1 in cloud-node,5
1139,1672.989,Konnichiwa from hello-cloud-node-s74g1 in cloud-node,2
1140,1257.072,Konnichiwa from hello-cloud-node-s74g1 in cloud-node,5
1141,2506.136,Konnichiwa from hello-cloud-node-s74g1 in cloud-node,2
1142,1256.445,Konnichiwa from hello-cloud-node-s74g1 in cloud-node,5
1143,2506.763,Konnichiwa from hello-cloud-node-s74g1 in cloud-node,2
1144,3341.101,Konnichiwa from hello-cloud-node-s74g1 in cloud-node,5
1145,2506.563,Konnichiwa from hello-cloud-node-s74g1 in cloud-node,2
1146,3339.319,Konnichiwa from hello-cloud-node-s74g1 in cloud-node,5
1147,10008.727,Konnichiwa from hello-cloud-node-s74g1 in cloud-node,2
1148,2008.6360000000002,Konnichiwa from hello-cloud-node-s74g1 in cloud-node,5
1149,5007.327,Konnichiwa from hello-cloud-node-s74g1 in cloud-node,2
1150,2006.352,Konnichiwa from hello-cloud-node-s74g1 in cloud-node,5
1151,5006.131,Konnichiwa from hello-cloud-node-s74g1 in cloud-node,2
1152,1256.928,Konnichiwa from hello-cloud-node-s74g1 in cloud-node,5
1153,1435.362,Konnichiwa from hello-cloud-node-s74g1 in cloud-node,2
1154,1256.094,Konnichiwa from hello-cloud-node-s74g1 in cloud-node,5
1155,1434.6350000000002,Konnichiwa from hello-cloud-node-s74g1 in cloud-node,2
1156,1256.0059999999999,Konnichiwa from hello-cloud-node-s74g1 in cloud-node,5
1157,1434.8590000000002,Konnichiwa from hello-cloud-node-s74g1 in cloud-node,2
1158,1256.9589999999998,Konnichiwa from hello-cloud-node-s74g1 in cloud-node,5
1159,1434.681,Konnichiwa from hello-cloud-node-s74g1 in cloud-node,2
1160,1674.9350000000002,Konnichiwa from hello-cloud-node-s74g1 in cloud-node,5
1161,1256.231,Konnichiwa from hello-cloud-node-s74g1 in cloud-node,2
1162,1672.32,Konnichiwa from hello-cloud-node-s74g1 in cloud-node,5
1163,1254.9859999999999,Konnichiwa from hello-cloud-node-s74g1 in cloud-node,2
1164,1672.245,Konnichiwa from hello-cloud-node-s74g1 in cloud-node,5
1165,1256.597,Konnichiwa from hello-cloud-node-s74g1 in cloud-node,2
1166,1673.3329999999999,Konnichiwa from hello-cloud-node-s74g1 in cloud-node,5
1167,1256.81,Konnichiwa from hello-cloud-node-s74g1 in cloud-node,2
1168,2506.885,Konnichiwa from hello-cloud-node-s74g1 in cloud-node,5
1169,2508.052,Konnichiwa from hello-cloud-node-s74g1 in cloud-node,2
1170,2506.1420000000003,Konnichiwa from hello-cloud-node-s74g1 in cloud-node,5
1171,2506.026,Konnichiwa from hello-cloud-node-s74g1 in cloud-node,2
1172,10006.778,Konnichiwa from hello-cloud-node-s74g1 in cloud-node,5
1173,3339.2889999999998,Konnichiwa from hello-cloud-node-s74g1 in cloud-node,2
1174,5005.542,Konnichiwa from hello-cloud-node-s74g1 in cloud-node,5
1175,3339.0240000000003,Konnichiwa from hello-cloud-node-s74g1 in cloud-node,2
1176,5006.157,Konnichiwa from hello-cloud-node-s74g1 in cloud-node,5
1177,3342.033,Konnichiwa from hello-cloud-node-s74g1 in cloud-node,2
1178,2006.7780000000002,Konnichiwa from hello-cloud-node-s74g1 in cloud-node,5
1179,3340.38,Konnichiwa from hello-cloud-node-s74g1 in cloud-node,2
1180,2007.4160000000002,Konnichiwa from hello-cloud-node-s74g1 in cloud-node,5
1181,5007.289,Konnichiwa from hello-cloud-node-s74g1 in cloud-node,2
1182,2006.646,Konnichiwa from hello-cloud-node-s74g1 in cloud-node,5
1183,5005.541,Konnichiwa from hello-cloud-node-s74g1 in cloud-node,2
1184,2005.893,Konnichiwa from hello-cloud-node-s74g1 in cloud-node,5
1185,2007.3310000000001,Konnichiwa from hello-cloud-node-s74g1 in cloud-node,2
1186,1674.0790000000002,Konnichiwa from hello-cloud-node-s74g1 in cloud-node,5
1187,2007.879,Konnichiwa from hello-cloud-node-s74g1 in cloud-node,2
1188,1673.427,Konnichiwa from hello-cloud-node-s74g1 in cloud-node,5
1189,2006.5750000000003,Konnichiwa from hello-cloud-node-s74g1 in cloud-node,2
1190,1673.465,Konnichiwa from hello-cloud-node-s74g1 in cloud-node,5
1191,1118.438,Konnichiwa from hello-cloud-node-s74g1 in cloud-node,2
1192,1261.173,Konnichiwa from hello-cloud-node-s74g1 in cloud-node,5
1193,1119.648,Konnichiwa from hello-cloud-node-s74g1 in cloud-node,2
1194,1256.7649999999999,Konnichiwa from hello-cloud-node-s74g1 in cloud-node,5
1195,1117.083,Konnichiwa from hello-cloud-node-s74g1 in cloud-node,2
1196,1255.846,Konnichiwa from hello-cloud-node-s74g1 in cloud-node,5
1197,1116.9070000000002,Konnichiwa from hello-cloud-node-s74g1 in cloud-node,2
1198,1256.178,Konnichiwa from hello-cloud-node-s74g1 in cloud-node,5
1199,1117.0230000000001,Konnichiwa from hello-cloud-node-s74g1 in cloud-node,2
1200,1255.7959999999998,Konnichiwa from hello-cloud-node-s74g1 in cloud-node,5
1201,2007.4879999999998,Konnichiwa from hello-cloud-node-s74g1 in cloud-node,2
1202,2007.2549999999999,Konnichiwa from hello-cloud-node-s74g1 in cloud-node,5
1203,2006.995,Konnichiwa from hello-cloud-node-s74g1 in cloud-node,2
1204,2006.945,Konnichiwa from hello-cloud-node-s74g1 in cloud-node,5
1205,2005.7580000000003,Konnichiwa from hello-cloud-node-s74g1 in cloud-node,2
1206,2007.551,Konnichiwa from hello-cloud-node-s74g1 in cloud-node,5
1207,2507.953,Konnichiwa from hello-cloud-node-s74g1 in cloud-node,2
1208,5006.196,Konnichiwa from hello-cloud-node-s74g1 in cloud-node,5
1209,2506.196,Konnichiwa from hello-cloud-node-s74g1 in cloud-node,2
1210,5005.6089999999995,Konnichiwa from hello-cloud-node-s74g1 in cloud-node,5
1211,1674.191,Konnichiwa from hello-cloud-node-s74g1 in cloud-node,2
1212,1673.64,Konnichiwa from hello-cloud-node-s74g1 in cloud-node,5
1213,1673.136,Konnichiwa from hello-cloud-node-s74g1 in cloud-node,2
1214,1673.75,Konnichiwa from hello-cloud-node-s74g1 in cloud-node,5
1215,1673.625,Konnichiwa from hello-cloud-node-s74g1 in cloud-node,2
1216,1673.011,Konnichiwa from hello-cloud-node-s74g1 in cloud-node,5
1217,2006.5460000000003,Konnichiwa from hello-cloud-node-s74g1 in cloud-node,2
1218,1434.8970000000002,Konnichiwa from hello-cloud-node-s74g1 in cloud-node,5
1219,2006.7590000000002,Konnichiwa from hello-cloud-node-s74g1 in cloud-node,2
1220,1435.128,Konnichiwa from hello-cloud-node-s74g1 in cloud-node,5
1221,2006.736,Konnichiwa from hello-cloud-node-s74g1 in cloud-node,2
1222,1437.754,Konnichiwa from hello-cloud-node-s74g1 in cloud-node,5
1223,2007.845,Konnichiwa from hello-cloud-node-s74g1 in cloud-node,2
1224,2007.0450000000003,Konnichiwa from hello-cloud-node-s74g1 in cloud-node,5
1225,2006.307,Konnichiwa from hello-cloud-node-s74g1 in cloud-node,2
1226,2006.336,Konnichiwa from hello-cloud-node-s74g1 in cloud-node,5
1227,2006.097,Konnichiwa from hello-cloud-node-s74g1 in cloud-node,2
1228,2005.2819999999997,Konnichiwa from hello-cloud-node-s74g1 in cloud-node,5
1229,2506.281,Konnichiwa from hello-cloud-node-s74g1 in cloud-node,2
1230,3340.8419999999996,Konnichiwa from hello-cloud-node-s74g1 in cloud-node,5
1231,2506.788,Konnichiwa from hello-cloud-node-s74g1 in cloud-node,2
1232,3339.895,Konnichiwa from hello-cloud-node-s74g1 in cloud-node,5
1233,5007.246,Konnichiwa from hello-cloud-node-s74g1 in cloud-node,2
1234,3342.791,Konnichiwa from hello-cloud-node-s74g1 in cloud-node,5
1235,5006.804,Konnichiwa from hello-cloud-node-s74g1 in cloud-node,2
1236,3339.743,Konnichiwa from hello-cloud-node-s74g1 in cloud-node,5
1237,5007.206,Konnichiwa from hello-cloud-node-s74g1 in cloud-node,2
1238,1674.125,Konnichiwa from hello-cloud-node-s74g1 in cloud-node,5
1239,5007.138,Konnichiwa from hello-cloud-node-s74g1 in cloud-node,2
1240,1673.4370000000001,Konnichiwa from hello-cloud-node-s74g1 in cloud-node,5
1241,2010.5849999999998,Konnichiwa from hello-cloud-node-s74g1 in cloud-node,2
1242,1437.7009999999998,Konnichiwa from hello-cloud-node-s74g1 in cloud-node,5
1243,2006.6549999999997,Konnichiwa from hello-cloud-node-s74g1 in cloud-node,2
1244,1435.411,Konnichiwa from hello-cloud-node-s74g1 in cloud-node,5
1245,2005.659,Konnichiwa from hello-cloud-node-s74g1 in cloud-node,2
1246,1435.072,Konnichiwa from hello-cloud-node-s74g1 in cloud-node,5
1247,5006.389999999999,Konnichiwa from hello-cloud-node-s74g1 in cloud-node,2
1248,2006.813,Konnichiwa from hello-cloud-node-s74g1 in cloud-node,5
1249,5009.331,Konnichiwa from hello-cloud-node-s74g1 in cloud-node,2
1250,2009.103,Konnichiwa from hello-cloud-node-s74g1 in cloud-node,5
1251,5007.959,Konnichiwa from hello-cloud-node-s74g1 in cloud-node,2
1252,2506.98,Konnichiwa from hello-cloud-node-s74g1 in cloud-node,5
1253,5006.825,Konnichiwa from hello-cloud-node-s74g1 in cloud-node,2
1254,2505.719,Konnichiwa from hello-cloud-node-s74g1 in cloud-node,5
1255,1673.479,Konnichiwa from hello-cloud-node-s74g1 in cloud-node,2
1256,2006.295,Konnichiwa from hello-cloud-node-s74g1 in cloud-node,5
1257,1673.325,Konnichiwa from hello-cloud-node-s74g1 in cloud-node,2
1258,2007.3490000000002,Konnichiwa from hello-cloud-node-s74g1 in cloud-node,5
1259,1672.9959999999999,Konnichiwa from hello-cloud-node-s74g1 in cloud-node,2
1260,2007.018,Konnichiwa from hello-cloud-node-s74g1 in cloud-node,5
1261,3339.95,Konnichiwa from hello-cloud-node-s74g1 in cloud-node,2
1262,10006.304,Konnichiwa from hello-cloud-node-s74g1 in cloud-node,5
1263,1674.7289999999998,Konnichiwa from hello-cloud-node-s74g1 in cloud-node,2
1264,2007.6779999999999,Konnichiwa from hello-cloud-node-s74g1 in cloud-node,5
1265,1673.5910000000001,Konnichiwa from hello-cloud-node-s74g1 in cloud-node,2
1266,2006.717,Konnichiwa from hello-cloud-node-s74g1 in cloud-node,5
1267,1672.945,Konnichiwa from hello-cloud-node-s74g1 in cloud-node,2
1268,2006.9240000000002,Konnichiwa from hello-cloud-node-s74g1 in cloud-node,5
1269,1436.25,Konnichiwa from hello-cloud-node-s74g1 in cloud-node,2
1270,1117.071,Konnichiwa from hello-cloud-node-s74g1 in cloud-node,5
1271,1434.144,Konnichiwa from hello-cloud-node-s74g1 in cloud-node,2
1272,1117.962,Konnichiwa from hello-cloud-node-s74g1 in cloud-node,5
1273,1434.685,Konnichiwa from hello-cloud-node-s74g1 in cloud-node,2
1274,1117.492,Konnichiwa from hello-cloud-node-s74g1 in cloud-node,5
1275,1435.854,Konnichiwa from hello-cloud-node-s74g1 in cloud-node,2
1276,1118.34,Konnichiwa from hello-cloud-node-s74g1 in cloud-node,5
1277,1434.8220000000001,Konnichiwa from hello-cloud-node-s74g1 in cloud-node,2
1278,1436.121,Konnichiwa from hello-cloud-node-s74g1 in cloud-node,5
1279,1435.221,Konnichiwa from hello-cloud-node-s74g1 in cloud-node,2
1280,1434.7430000000002,Konnichiwa from hello-cloud-node-s74g1 in cloud-node,5
1281,1435.173,Konnichiwa from hello-cloud-node-s74g1 in cloud-node,2
1282,1434.2269999999999,Konnichiwa from hello-cloud-node-s74g1 in cloud-node,5
1283,1438.682,Konnichiwa from hello-cloud-node-s74g1 in cloud-node,2
1284,1438.2649999999999,Konnichiwa from hello-cloud-node-s74g1 in cloud-node,5
1285,2506.456,Konnichiwa from hello-cloud-node-s74g1 in cloud-node,2
1286,1436.579,Konnichiwa from hello-cloud-node-s74g1 in cloud-node,5
1287,2509.771,Konnichiwa from hello-cloud-node-s74g1 in cloud-node,2
1288,1434.689,Konnichiwa from hello-cloud-node-s74g1 in cloud-node,5
1289,2506.357,Konnichiwa from hello-cloud-node-s74g1 in cloud-node,2
1290,1435.587,Konnichiwa from hello-cloud-node-s74g1 in cloud-node,5
1291,2507.5919999999996,Konnichiwa from hello-cloud-node-s74g1 in cloud-node,2
1292,2508.969,Konnichiwa from hello-cloud-node-s74g1 in cloud-node,5
1293,2508.039,Konnichiwa from hello-cloud-node-s74g1 in cloud-node,2
1294,2507.051,Konnichiwa from hello-cloud-node-s74g1 in cloud-node,5
1295,2506.449,Konnichiwa from hello-cloud-node-s74g1 in cloud-node,2
1296,2505.887,Konnichiwa from hello-cloud-node-s74g1 in cloud-node,5
1297,2507.56,Konnichiwa from hello-cloud-node-s74g1 in cloud-node,2
1298,2507.198,Konnichiwa from hello-cloud-node-s74g1 in cloud-node,5
1299,1674.154,Konnichiwa from hello-cloud-node-s74g1 in cloud-node,2
1300,2505.433,Konnichiwa from hello-cloud-node-s74g1 in cloud-node,5
1301,1673.978,Konnichiwa from hello-cloud-node-s74g1 in cloud-node,2
1302,2009.3999999999999,Konnichiwa from hello-cloud-node-s74g1 in cloud-node,5
1303,1673.083,Konnichiwa from hello-cloud-node-s74g1 in cloud-node,2
1304,2006.104,Konnichiwa from hello-cloud-node-s74g1 in cloud-node,5
1305,3342.949,Konnichiwa from hello-cloud-node-s74g1 in cloud-node,2
1306,2008.445,Konnichiwa from hello-cloud-node-s74g1 in cloud-node,5
1307,3340.246,Konnichiwa from hello-cloud-node-s74g1 in cloud-node,2
1308,5006.617,Konnichiwa from hello-cloud-node-s74g1 in cloud-node,5
1309,2506.732,Konnichiwa from hello-cloud-node-s74g1 in cloud-node,2
1310,5005.982999999999,Konnichiwa from hello-cloud-node-s74g1 in cloud-node,5
1311,2505.8579999999997,Konnichiwa from hello-cloud-node-s74g1 in cloud-node,2
1312,1674.155,Konnichiwa from hello-cloud-node-s74g1 in cloud-node,5
1313,1674.392,Konnichiwa from hello-cloud-node-s74g1 in cloud-node,2
1314,1673.545,Konnichiwa from hello-cloud-node-s74g1 in cloud-node,5
1315,1674.078,Konnichiwa from hello-cloud-node-s74g1 in cloud-node,2
1316,1673.4750000000001,Konnichiwa from hello-cloud-node-s74g1 in cloud-node,5
1317,1672.2559999999999,Konnichiwa from hello-cloud-node-s74g1 in cloud-node,2
1318,5005.434,Konnichiwa from hello-cloud-node-s74g1 in cloud-node,5
1319,1675.0100000000002,Konnichiwa from hello-cloud-node-s74g1 in cloud-node,2
1320,5007.637,Konnichiwa from hello-cloud-node-s74g1 in cloud-node,5
1321,1672.6080000000002,Konnichiwa from hello-cloud-node-s74g1 in cloud-node,2
1322,3340.5499999999997,Konnichiwa from hello-cloud-node-s74g1 in cloud-node,5
1323,2008.1639999999998,Konnichiwa from hello-cloud-node-s74g1 in cloud-node,2
1324,3339.172,Konnichiwa from hello-cloud-node-s74g1 in cloud-node,5
1325,2006.084,Konnichiwa from hello-cloud-node-s74g1 in cloud-node,2
1326,1673.5629999999999,Konnichiwa from hello-cloud-node-s74g1 in cloud-node,5
1327,2007.307,Konnichiwa from hello-cloud-node-s74g1 in cloud-node,2
1328,1673.1560000000002,Konnichiwa from hello-cloud-node-s74g1 in cloud-node,5
1329,1673.6850000000002,Konnichiwa from hello-cloud-node-s74g1 in cloud-node,2
1330,1673.307,Konnichiwa from hello-cloud-node-s74g1 in cloud-node,5
1331,1672.557,Konnichiwa from hello-cloud-node-s74g1 in cloud-node,2
1332,1671.853,Konnichiwa from hello-cloud-node-s74g1 in cloud-node,5
1333,1672.3909999999998,Konnichiwa from hello-cloud-node-s74g1 in cloud-node,2
1334,1672.8590000000002,Konnichiwa from hello-cloud-node-s74g1 in cloud-node,5
1335,1673.598,Konnichiwa from hello-cloud-node-s74g1 in cloud-node,2
1336,1674.179,Konnichiwa from hello-cloud-node-s74g1 in cloud-node,5
1337,1673.2050000000002,Konnichiwa from hello-cloud-node-s74g1 in cloud-node,2
1338,1673.822,Konnichiwa from hello-cloud-node-s74g1 in cloud-node,5
1339,1673.405,Konnichiwa from hello-cloud-node-s74g1 in cloud-node,2
1340,1673.1419999999998,Konnichiwa from hello-cloud-node-s74g1 in cloud-node,5
1341,2007.701,Konnichiwa from hello-cloud-node-s74g1 in cloud-node,2
1342,1672.693,Konnichiwa from hello-cloud-node-s74g1 in cloud-node,5
1343,2005.261,Konnichiwa from hello-cloud-node-s74g1 in cloud-node,2
1344,10005.883000000002,Konnichiwa from hello-cloud-node-s74g1 in cloud-node,5
1345,2506.529,Konnichiwa from hello-cloud-node-s74g1 in cloud-node,2
1346,2505.713,Konnichiwa from hello-cloud-node-s74g1 in cloud-node,5
1347,2506.645,Konnichiwa from hello-cloud-node-s74g1 in cloud-node,2
1348,2506.021,Konnichiwa from hello-cloud-node-s74g1 in cloud-node,5
1349,2008.129,Konnichiwa from hello-cloud-node-s74g1 in cloud-node,2
1350,2507.436,Konnichiwa from hello-cloud-node-s74g1 in cloud-node,5
1351,2006.2649999999999,Konnichiwa from hello-cloud-node-s74g1 in cloud-node,2
1352,1672.642,Konnichiwa from hello-cloud-node-s74g1 in cloud-node,5
1353,2006.9650000000001,Konnichiwa from hello-cloud-node-s74g1 in cloud-node,2
1354,1673.618,Konnichiwa from hello-cloud-node-s74g1 in cloud-node,5
1355,1435.17,Konnichiwa from hello-cloud-node-s74g1 in cloud-node,2
1356,1673.4759999999999,Konnichiwa from hello-cloud-node-s74g1 in cloud-node,5
1357,1436.461,Konnichiwa from hello-cloud-node-s74g1 in cloud-node,2
1358,1673.174,Konnichiwa from hello-cloud-node-s74g1 in cloud-node,5
1359,1434.96,Konnichiwa from hello-cloud-node-s74g1 in cloud-node,2
1360,3339.668,Konnichiwa from hello-cloud-node-s74g1 in cloud-node,5
1361,5007.059,Konnichiwa from hello-cloud-node-s74g1 in cloud-node,2
1362,3340.0820000000003,Konnichiwa from hello-cloud-node-s74g1 in cloud-node,5
1363,5008.071,Konnichiwa from hello-cloud-node-s74g1 in cloud-node,2
1364,3343.725,Konnichiwa from hello-cloud-node-s74g1 in cloud-node,5
1365,10009.038999999999,Konnichiwa from hello-cloud-node-s74g1 in cloud-node,2
1366,1257.626,Konnichiwa from hello-cloud-node-s74g1 in cloud-node,5
1367,1674.476,Konnichiwa from hello-cloud-node-s74g1 in cloud-node,2
1368,1256.941,Konnichiwa from hello-cloud-node-s74g1 in cloud-node,5
1369,1671.946,Konnichiwa from hello-cloud-node-s74g1 in cloud-node,2
1370,1258.029,Konnichiwa from hello-cloud-node-s74g1 in cloud-node,5
1371,1673.847,Konnichiwa from hello-cloud-node-s74g1 in cloud-node,2
1372,1256.987,Konnichiwa from hello-cloud-node-s74g1 in cloud-node,5
1373,1673.378,Konnichiwa from hello-cloud-node-s74g1 in cloud-node,2
1374,5007.115,Konnichiwa from hello-cloud-node-s74g1 in cloud-node,5
1375,1435.354,Konnichiwa from hello-cloud-node-s74g1 in cloud-node,2
1376,5006.326,Konnichiwa from hello-cloud-node-s74g1 in cloud-node,5
1377,1434.325,Konnichiwa from hello-cloud-node-s74g1 in cloud-node,2
1378,1006.85,Konnichiwa from hello-cloud-node-s74g1 in cloud-node,5
1379,1436.513,Konnichiwa from hello-cloud-node-s74g1 in cloud-node,2
1380,1007.941,Konnichiwa from hello-cloud-node-s74g1 in cloud-node,5
1381,2506.9,Konnichiwa from hello-cloud-node-s74g1 in cloud-node,2
1382,1005.742,Konnichiwa from hello-cloud-node-s74g1 in cloud-node,5
1383,2507.02,Konnichiwa from hello-cloud-node-s74g1 in cloud-node,2
1384,1006.3729999999999,Konnichiwa from hello-cloud-node-s74g1 in cloud-node,5
1385,2506.156,Konnichiwa from hello-cloud-node-s74g1 in cloud-node,2
1386,2008.206,Konnichiwa from hello-cloud-node-s74g1 in cloud-node,5
1387,2507.29,Konnichiwa from hello-cloud-node-s74g1 in cloud-node,2
1388,2007.059,Konnichiwa from hello-cloud-node-s74g1 in cloud-node,5
1389,2506.2380000000003,Konnichiwa from hello-cloud-node-s74g1 in cloud-node,2
1390,2006.564,Konnichiwa from hello-cloud-node-s74g1 in cloud-node,5
1391,2506.354,Konnichiwa from hello-cloud-node-s74g1 in cloud-node,2
1392,2007.9950000000001,Konnichiwa from hello-cloud-node-s74g1 in cloud-node,5
1393,2506.5620000000004,Konnichiwa from hello-cloud-node-s74g1 in cloud-node,2
1394,2006.032,Konnichiwa from hello-cloud-node-s74g1 in cloud-node,5
1395,2506.742,Konnichiwa from hello-cloud-node-s74g1 in cloud-node,2
1396,2007.1750000000002,Konnichiwa from hello-cloud-node-s74g1 in cloud-node,5
1397,2507.433,Konnichiwa from hello-cloud-node-s74g1 in cloud-node,2
1398,1674.9,Konnichiwa from hello-cloud-node-s74g1 in cloud-node,5
1399,2006.1580000000001,Konnichiwa from hello-cloud-node-s74g1 in cloud-node,2
1400,1673.465,Konnichiwa from hello-cloud-node-s74g1 in cloud-node,5
1401,2007.8109999999997,Konnichiwa from hello-cloud-node-s74g1 in cloud-node,2
1402,1673.282,Konnichiwa from hello-cloud-node-s74g1 in cloud-node,5
1403,2007.1029999999998,Konnichiwa from hello-cloud-node-s74g1 in cloud-node,2
1404,5007.723999999999,Konnichiwa from hello-cloud-node-s74g1 in cloud-node,5
1405,1257.404,Konnichiwa from hello-cloud-node-s74g1 in cloud-node,2
1406,5006.2660000000005,Konnichiwa from hello-cloud-node-s74g1 in cloud-node,5
1407,1256.845,Konnichiwa from hello-cloud-node-s74g1 in cloud-node,2
1408,1674.5710000000001,Konnichiwa from hello-cloud-node-s74g1 in cloud-node,5
1409,1258.4379999999999,Konnichiwa from hello-cloud-node-s74g1 in cloud-node,2
1410,1674.212,Konnichiwa from hello-cloud-node-s74g1 in cloud-node,5
1411,1674.843,Konnichiwa from hello-cloud-node-s74g1 in cloud-node,2
1412,1671.8200000000002,Konnichiwa from hello-cloud-node-s74g1 in cloud-node,5
1413,1671.964,Konnichiwa from hello-cloud-node-s74g1 in cloud-node,2
1414,1671.553,Konnichiwa from hello-cloud-node-s74g1 in cloud-node,5
1415,1673.1180000000002,Konnichiwa from hello-cloud-node-s74g1 in cloud-node,2
1416,3339.773,Konnichiwa from hello-cloud-node-s74g1 in cloud-node,5
1417,10009.072,Konnichiwa from hello-cloud-node-s74g1 in cloud-node,2
1418,2006.0790000000002,Konnichiwa from hello-cloud-node-s74g1 in cloud-node,5
1419,3340.432,Konnichiwa from hello-cloud-node-s74g1 in cloud-node,2
1420,2005.4509999999998,Konnichiwa from hello-cloud-node-s74g1 in cloud-node,5
1421,3339.658,Konnichiwa from hello-cloud-node-s74g1 in cloud-node,2
1422,2007.3729999999998,Konnichiwa from hello-cloud-node-s74g1 in cloud-node,5
1423,1674.397,Konnichiwa from hello-cloud-node-s74g1 in cloud-node,2
1424,2005.7930000000001,Konnichiwa from hello-cloud-node-s74g1 in cloud-node,5
1425,1672.9989999999998,Konnichiwa from hello-cloud-node-s74g1 in cloud-node,2
1426,2005.922,Konnichiwa from hello-cloud-node-s74g1 in cloud-node,5
1427,1672.39,Konnichiwa from hello-cloud-node-s74g1 in cloud-node,2
1428,1672.93,Konnichiwa from hello-cloud-node-s74g1 in cloud-node,5
1429,3340.4919999999997,Konnichiwa from hello-cloud-node-s74g1 in cloud-node,2
1430,1672.796,Konnichiwa from hello-cloud-node-s74g1 in cloud-node,5
1431,3339.232,Konnichiwa from hello-cloud-node-s74g1 in cloud-node,2
1432,1434.4950000000001,Konnichiwa from hello-cloud-node-s74g1 in cloud-node,5
1433,3340.055,Konnichiwa from hello-cloud-node-s74g1 in cloud-node,2
1434,1436.164,Konnichiwa from hello-cloud-node-s74g1 in cloud-node,5
1435,2507.6710000000003,Konnichiwa from hello-cloud-node-s74g1 in cloud-node,2
1436,1434.346,Konnichiwa from hello-cloud-node-s74g1 in cloud-node,5
1437,2506.8199999999997,Konnichiwa from hello-cloud-node-s74g1 in cloud-node,2
1438,1675.203,Konnichiwa from hello-cloud-node-s74g1 in cloud-node,5
1439,2507.485,Konnichiwa from hello-cloud-node-s74g1 in cloud-node,2
1440,1673.108,Konnichiwa from hello-cloud-node-s74g1 in cloud-node,5
1441,2508.2110000000002,Konnichiwa from hello-cloud-node-s74g1 in cloud-node,2
1442,1674.011,Konnichiwa from hello-cloud-node-s74g1 in cloud-node,5
1443,2506.174,Konnichiwa from hello-cloud-node-s74g1 in cloud-node,2
1444,2506.843,Konnichiwa from hello-cloud-node-s74g1 in cloud-node,5
1445,2506.205,Konnichiwa from hello-cloud-node-s74g1 in cloud-node,2
1446,2507.018,Konnichiwa from hello-cloud-node-s74g1 in cloud-node,5
1447,1675.6770000000001,Konnichiwa from hello-cloud-node-s74g1 in cloud-node,2
1448,2507.018,Konnichiwa from hello-cloud-node-s74g1 in cloud-node,5
1449,1671.77,Konnichiwa from hello-cloud-node-s74g1 in cloud-node,2
1450,2506.7,Konnichiwa from hello-cloud-node-s74g1 in cloud-node,5
1451,1673.154,Konnichiwa from hello-cloud-node-s74g1 in cloud-node,2
1452,2506.0190000000002,Konnichiwa from hello-cloud-node-s74g1 in cloud-node,5
1453,1256.4550000000002,Konnichiwa from hello-cloud-node-s74g1 in cloud-node,2
1454,2507.468,Konnichiwa from hello-cloud-node-s74g1 in cloud-node,5
1455,1256.953,Konnichiwa from hello-cloud-node-s74g1 in cloud-node,2
1456,1673.619,Konnichiwa from hello-cloud-node-s74g1 in cloud-node,5
1457,1256.412,Konnichiwa from hello-cloud-node-s74g1 in cloud-node,2
1458,1673.45,Konnichiwa from hello-cloud-node-s74g1 in cloud-node,5
1459,1257.506,Konnichiwa from hello-cloud-node-s74g1 in cloud-node,2
1460,1673.733,Konnichiwa from hello-cloud-node-s74g1 in cloud-node,5
1461,2507.041,Konnichiwa from hello-cloud-node-s74g1 in cloud-node,2
1462,1257.051,Konnichiwa from hello-cloud-node-s74g1 in cloud-node,5
1463,2508.908,Konnichiwa from hello-cloud-node-s74g1 in cloud-node,2
1464,1256.605,Konnichiwa from hello-cloud-node-s74g1 in cloud-node,5
1465,2506.036,Konnichiwa from hello-cloud-node-s74g1 in cloud-node,2
1466,1255.904,Konnichiwa from hello-cloud-node-s74g1 in cloud-node,5
1467,1673.678,Konnichiwa from hello-cloud-node-s74g1 in cloud-node,2
1468,2507.294,Konnichiwa from hello-cloud-node-s74g1 in cloud-node,5
1469,1672.4540000000002,Konnichiwa from hello-cloud-node-s74g1 in cloud-node,2
1470,2506.539,Konnichiwa from hello-cloud-node-s74g1 in cloud-node,5
1471,1674.003,Konnichiwa from hello-cloud-node-s74g1 in cloud-node,2
1472,2507.743,Konnichiwa from hello-cloud-node-s74g1 in cloud-node,5
1473,5007.1630000000005,Konnichiwa from hello-cloud-node-s74g1 in cloud-node,2
1474,2006.653,Konnichiwa from hello-cloud-node-s74g1 in cloud-node,5
1475,5005.495,Konnichiwa from hello-cloud-node-s74g1 in cloud-node,2
1476,2005.693,Konnichiwa from hello-cloud-node-s74g1 in cloud-node,5
1477,2006.882,Konnichiwa from hello-cloud-node-s74g1 in cloud-node,2
1478,1673.0430000000001,Konnichiwa from hello-cloud-node-s74g1 in cloud-node,5
1479,2006.6510000000003,Konnichiwa from hello-cloud-node-s74g1 in cloud-node,2
1480,1673.424,Konnichiwa from hello-cloud-node-s74g1 in cloud-node,5
1481,2006.161,Konnichiwa from hello-cloud-node-s74g1 in cloud-node,2
1482,1673.0179999999998,Konnichiwa from hello-cloud-node-s74g1 in cloud-node,5
1483,2006.459,Konnichiwa from hello-cloud-node-s74g1 in cloud-node,2
1484,2506.533,Konnichiwa from hello-cloud-node-s74g1 in cloud-node,5
1485,2006.57,Konnichiwa from hello-cloud-node-s74g1 in cloud-node,2
1486,2505.621,Konnichiwa from hello-cloud-node-s74g1 in cloud-node,5
1487,2006.166,Konnichiwa from hello-cloud-node-s74g1 in cloud-node,2
1488,2506.418,Konnichiwa from hello-cloud-node-s74g1 in cloud-node,5
1489,2006.77,Konnichiwa from hello-cloud-node-s74g1 in cloud-node,2
1490,2506.507,Konnichiwa from hello-cloud-node-s74g1 in cloud-node,5
1491,2005.989,Konnichiwa from hello-cloud-node-s74g1 in cloud-node,2
1492,2506.0829999999996,Konnichiwa from hello-cloud-node-s74g1 in cloud-node,5
1493,2005.891,Konnichiwa from hello-cloud-node-s74g1 in cloud-node,2
1494,2506.2250000000004,Konnichiwa from hello-cloud-node-s74g1 in cloud-node,5
1495,3340.732,Konnichiwa from hello-cloud-node-s74g1 in cloud-node,2
1496,2006.497,Konnichiwa from hello-cloud-node-s74g1 in cloud-node,5
1497,3339.19,Konnichiwa from hello-cloud-node-s74g1 in cloud-node,2
1498,2006.3390000000002,Konnichiwa from hello-cloud-node-s74g1 in cloud-node,5
1499,1256.958,Konnichiwa from hello-cloud-node-s74g1 in cloud-node,2
1500,2006.6320000000003,Konnichiwa from hello-cloud-node-s74g1 in cloud-node,5
1501,1257.1879999999999,Konnichiwa from hello-cloud-node-s74g1 in cloud-node,2
1502,11676.56,Konnichiwa from hello-cloud-node-s74g1 in cloud-node,5
1503,2009.1779999999999,Konnichiwa from hello-cloud-node-s74g1 in cloud-node,2
1504,1672.817,Konnichiwa from hello-cloud-node-s74g1 in cloud-node,5
1505,2005.6609999999998,Konnichiwa from hello-cloud-node-s74g1 in cloud-node,2
1506,1673.092,Konnichiwa from hello-cloud-node-s74g1 in cloud-node,5
1507,2009.023,Konnichiwa from hello-cloud-node-s74g1 in cloud-node,2
1508,1673.642,Konnichiwa from hello-cloud-node-s74g1 in cloud-node,5
1509,2007.6879999999999,Konnichiwa from hello-cloud-node-s74g1 in cloud-node,2
1510,1675.246,Konnichiwa from hello-cloud-node-s74g1 in cloud-node,5
1511,2006.8860000000002,Konnichiwa from hello-cloud-node-s74g1 in cloud-node,2
1512,1674.107,Konnichiwa from hello-cloud-node-s74g1 in cloud-node,5
1513,2007.352,Konnichiwa from hello-cloud-node-s74g1 in cloud-node,2
1514,920.7539999999999,Konnichiwa from hello-cloud-node-s74g1 in cloud-node,5
1515,5011.756,Konnichiwa from hello-cloud-node-s74g1 in cloud-node,2
1516,916.2909999999999,Konnichiwa from hello-cloud-node-s74g1 in cloud-node,5
1517,5008.813,Konnichiwa from hello-cloud-node-s74g1 in cloud-node,2
1518,10006.677,Konnichiwa from hello-cloud-node-s74g1 in cloud-node,5
1519,2506.324,Konnichiwa from hello-cloud-node-s74g1 in cloud-node,2
1520,1434.234,Konnichiwa from hello-cloud-node-s74g1 in cloud-node,5
1521,2505.903,Konnichiwa from hello-cloud-node-s74g1 in cloud-node,2
1522,1434.4399999999998,Konnichiwa from hello-cloud-node-s74g1 in cloud-node,5
1523,2507.526,Konnichiwa from hello-cloud-node-s74g1 in cloud-node,2
1524,1433.811,Konnichiwa from hello-cloud-node-s74g1 in cloud-node,5
1525,1434.7250000000001,Konnichiwa from hello-cloud-node-s74g1 in cloud-node,2
1526,2505.561,Konnichiwa from hello-cloud-node-s74g1 in cloud-node,5
1527,1435.069,Konnichiwa from hello-cloud-node-s74g1 in cloud-node,2
1528,2506.08,Konnichiwa from hello-cloud-node-s74g1 in cloud-node,5
1529,1434.4779999999998,Konnichiwa from hello-cloud-node-s74g1 in cloud-node,2
1530,2506.3520000000003,Konnichiwa from hello-cloud-node-s74g1 in cloud-node,5
1531,2507.4610000000002,Konnichiwa from hello-cloud-node-s74g1 in cloud-node,2
1532,3339.9049999999997,Konnichiwa from hello-cloud-node-s74g1 in cloud-node,5
1533,2505.57,Konnichiwa from hello-cloud-node-s74g1 in cloud-node,2
1534,3339.902,Konnichiwa from hello-cloud-node-s74g1 in cloud-node,5
1535,1673.398,Konnichiwa from hello-cloud-node-s74g1 in cloud-node,2
1536,2006.4479999999999,Konnichiwa from hello-cloud-node-s74g1 in cloud-node,5
1537,1672.675,Konnichiwa from hello-cloud-node-s74g1 in cloud-node,2
1538,2007.18,Konnichiwa from hello-cloud-node-s74g1 in cloud-node,5
1539,1674.1390000000001,Konnichiwa from hello-cloud-node-s74g1 in cloud-node,2
1540,2006.907,Konnichiwa from hello-cloud-node-s74g1 in cloud-node,5
1541,5006.836,Konnichiwa from hello-cloud-node-s74g1 in cloud-node,2
1542,1256.5120000000002,Konnichiwa from hello-cloud-node-s74g1 in cloud-node,5
1543,5007.999,Konnichiwa from hello-cloud-node-s74g1 in cloud-node,2
1544,1257.897,Konnichiwa from hello-cloud-node-s74g1 in cloud-node,5
1545,1674.019,Konnichiwa from hello-cloud-node-s74g1 in cloud-node,2
1546,1255.622,Konnichiwa from hello-cloud-node-s74g1 in cloud-node,5
1547,1672.808,Konnichiwa from hello-cloud-node-s74g1 in cloud-node,2
1548,1117.445,Konnichiwa from hello-cloud-node-s74g1 in cloud-node,5
1549,1673.887,Konnichiwa from hello-cloud-node-s74g1 in cloud-node,2
1550,1118.258,Konnichiwa from hello-cloud-node-s74g1 in cloud-node,5
1551,1672.43,Konnichiwa from hello-cloud-node-s74g1 in cloud-node,2
1552,1116.741,Konnichiwa from hello-cloud-node-s74g1 in cloud-node,5
1553,2506.67,Konnichiwa from hello-cloud-node-s74g1 in cloud-node,2
1554,1117.037,Konnichiwa from hello-cloud-node-s74g1 in cloud-node,5
1555,2506.5170000000003,Konnichiwa from hello-cloud-node-s74g1 in cloud-node,2
1556,5006.78,Konnichiwa from hello-cloud-node-s74g1 in cloud-node,5
1557,1435.454,Konnichiwa from hello-cloud-node-s74g1 in cloud-node,2
1558,5007.617,Konnichiwa from hello-cloud-node-s74g1 in cloud-node,5
1559,1435.672,Konnichiwa from hello-cloud-node-s74g1 in cloud-node,2
1560,1435.819,Konnichiwa from hello-cloud-node-s74g1 in cloud-node,5
1561,1435.3149999999998,Konnichiwa from hello-cloud-node-s74g1 in cloud-node,2
1562,1435.0,Konnichiwa from hello-cloud-node-s74g1 in cloud-node,5
1563,1436.08,Konnichiwa from hello-cloud-node-s74g1 in cloud-node,2
1564,1434.4170000000001,Konnichiwa from hello-cloud-node-s74g1 in cloud-node,5
1565,1435.597,Konnichiwa from hello-cloud-node-s74g1 in cloud-node,2
1566,1435.606,Konnichiwa from hello-cloud-node-s74g1 in cloud-node,5
1567,1435.633,Konnichiwa from hello-cloud-node-s74g1 in cloud-node,2
1568,2007.5029999999997,Konnichiwa from hello-cloud-node-s74g1 in cloud-node,5
1569,1433.691,Konnichiwa from hello-cloud-node-s74g1 in cloud-node,2
1570,2007.221,Konnichiwa from hello-cloud-node-s74g1 in cloud-node,5
1571,2509.418,Konnichiwa from hello-cloud-node-s74g1 in cloud-node,2
1572,2006.166,Konnichiwa from hello-cloud-node-s74g1 in cloud-node,5
1573,2505.855,Konnichiwa from hello-cloud-node-s74g1 in cloud-node,2
1574,5005.097,Konnichiwa from hello-cloud-node-s74g1 in cloud-node,5
1575,1007.2080000000001,Konnichiwa from hello-cloud-node-s74g1 in cloud-node,2
1576,5006.598999999999,Konnichiwa from hello-cloud-node-s74g1 in cloud-node,5
1577,1006.3919999999999,Konnichiwa from hello-cloud-node-s74g1 in cloud-node,2
1578,2505.911,Konnichiwa from hello-cloud-node-s74g1 in cloud-node,5
1579,1005.4989999999999,Konnichiwa from hello-cloud-node-s74g1 in cloud-node,2
1580,2505.3109999999997,Konnichiwa from hello-cloud-node-s74g1 in cloud-node,5
1581,3340.3610000000003,Konnichiwa from hello-cloud-node-s74g1 in cloud-node,2
1582,2505.7580000000003,Konnichiwa from hello-cloud-node-s74g1 in cloud-node,5
1583,3339.254,Konnichiwa from hello-cloud-node-s74g1 in cloud-node,2
1584,1435.2549999999999,Konnichiwa from hello-cloud-node-s74g1 in cloud-node,5
1585,1007.133,Konnichiwa from hello-cloud-node-s74g1 in cloud-node,2
1586,1435.056,Konnichiwa from hello-cloud-node-s74g1 in cloud-node,5
1587,1006.596,Konnichiwa from hello-cloud-node-s74g1 in cloud-node,2
1588,1436.015,Konnichiwa from hello-cloud-node-s74g1 in cloud-node,5
1589,1007.593,Konnichiwa from hello-cloud-node-s74g1 in cloud-node,2
1590,1435.263,Konnichiwa from hello-cloud-node-s74g1 in cloud-node,5
1591,1005.6510000000001,Konnichiwa from hello-cloud-node-s74g1 in cloud-node,2
1592,1435.8709999999999,Konnichiwa from hello-cloud-node-s74g1 in cloud-node,5
1593,1006.8999999999999,Konnichiwa from hello-cloud-node-s74g1 in cloud-node,2
1594,2005.445,Konnichiwa from hello-cloud-node-s74g1 in cloud-node,5
1595,1436.2379999999998,Konnichiwa from hello-cloud-node-s74g1 in cloud-node,2
1596,2006.396,Konnichiwa from hello-cloud-node-s74g1 in cloud-node,5
1597,1435.05,Konnichiwa from hello-cloud-node-s74g1 in cloud-node,2
1598,2006.9560000000001,Konnichiwa from hello-cloud-node-s74g1 in cloud-node,5
1599,1436.3310000000001,Konnichiwa from hello-cloud-node-s74g1 in cloud-node,2
1600,2507.077,Konnichiwa from hello-cloud-node-s74g1 in cloud-node,5
1601,1673.402,Konnichiwa from hello-cloud-node-s74g1 in cloud-node,2
1602,2506.73,Konnichiwa from hello-cloud-node-s74g1 in cloud-node,5
1603,1672.926,Konnichiwa from hello-cloud-node-s74g1 in cloud-node,2
1604,2506.492,Konnichiwa from hello-cloud-node-s74g1 in cloud-node,5
1605,1672.63,Konnichiwa from hello-cloud-node-s74g1 in cloud-node,2
1606,5007.943,Konnichiwa from hello-cloud-node-s74g1 in cloud-node,5
1607,2007.444,Konnichiwa from hello-cloud-node-s74g1 in cloud-node,2
1608,5005.5779999999995,Konnichiwa from hello-cloud-node-s74g1 in cloud-node,5
1609,2005.6219999999998,Konnichiwa from hello-cloud-node-s74g1 in cloud-node,2
1610,3343.4849999999997,Konnichiwa from hello-cloud-node-s74g1 in cloud-node,5
1611,2508.546,Konnichiwa from hello-cloud-node-s74g1 in cloud-node,2
1612,3339.412,Konnichiwa from hello-cloud-node-s74g1 in cloud-node,5
1613,2507.29,Konnichiwa from hello-cloud-node-s74g1 in cloud-node,2
1614,1674.664,Konnichiwa from hello-cloud-node-s74g1 in cloud-node,5
1615,5007.744,Konnichiwa from hello-cloud-node-s74g1 in cloud-node,2
1616,1672.127,Konnichiwa from hello-cloud-node-s74g1 in cloud-node,5
1617,5006.408,Konnichiwa from hello-cloud-node-s74g1 in cloud-node,2
1618,1673.959,Konnichiwa from hello-cloud-node-s74g1 in cloud-node,5
1619,3343.757,Konnichiwa from hello-cloud-node-s74g1 in cloud-node,2
1620,1676.213,Konnichiwa from hello-cloud-node-s74g1 in cloud-node,5
1621,3339.714,Konnichiwa from hello-cloud-node-s74g1 in cloud-node,2
1622,3339.228,Konnichiwa from hello-cloud-node-s74g1 in cloud-node,5
1623,3339.427,Konnichiwa from hello-cloud-node-s74g1 in cloud-node,2
1624,3340.63,Konnichiwa from hello-cloud-node-s74g1 in cloud-node,5
1625,3339.957,Konnichiwa from hello-cloud-node-s74g1 in cloud-node,2
1626,1672.691,Konnichiwa from hello-cloud-node-s74g1 in cloud-node,5
1627,1435.391,Konnichiwa from hello-cloud-node-s74g1 in cloud-node,2
1628,1672.932,Konnichiwa from hello-cloud-node-s74g1 in cloud-node,5
1629,1436.751,Konnichiwa from hello-cloud-node-s74g1 in cloud-node,2
1630,1673.383,Konnichiwa from hello-cloud-node-s74g1 in cloud-node,5
1631,1435.145,Konnichiwa from hello-cloud-node-s74g1 in cloud-node,2
1632,1673.319,Konnichiwa from hello-cloud-node-s74g1 in cloud-node,5
1633,1434.3010000000002,Konnichiwa from hello-cloud-node-s74g1 in cloud-node,2
1634,2006.5819999999999,Konnichiwa from hello-cloud-node-s74g1 in cloud-node,5
1635,1435.943,Konnichiwa from hello-cloud-node-s74g1 in cloud-node,2
1636,2006.39,Konnichiwa from hello-cloud-node-s74g1 in cloud-node,5
1637,1434.031,Konnichiwa from hello-cloud-node-s74g1 in cloud-node,2
1638,2004.89,Konnichiwa from hello-cloud-node-s74g1 in cloud-node,5
1639,1434.664,Konnichiwa from hello-cloud-node-s74g1 in cloud-node,2
1640,3340.602,Konnichiwa from hello-cloud-node-s74g1 in cloud-node,5
