Line count,Response time,current time,app id
1,7194.307,Konnichiwa from hello-cloud-node-1h7rl in cloud-node,4
2,4.792,Konnichiwa from hello-cloud-node-1h7rl in cloud-node,4
3,5.1339999999999995,Konnichiwa from hello-cloud-node-1h7rl in cloud-node,4
4,6.175,Konnichiwa from hello-cloud-node-1h7rl in cloud-node,4
5,10.565,Konnichiwa from hello-cloud-node-1h7rl in cloud-node,4
6,2902.8019999999997,Konnichiwa from hello-edge-node-e1zri in edge-node,4
7,73.798,Konnichiwa from hello-edge-node-e1zri in edge-node,4
8,82.693,Konnichiwa from hello-edge-node-e1zri in edge-node,4
9,70.217,Konnichiwa from hello-edge-node-e1zri in edge-node,4
10,65.733,Konnichiwa from hello-edge-node-e1zri in edge-node,4
11,71.912,Konnichiwa from hello-edge-node-e1zri in edge-node,4
12,75.81400000000001,Konnichiwa from hello-edge-node-e1zri in edge-node,4
13,84.132,Konnichiwa from hello-edge-node-e1zri in edge-node,4
14,78.308,Konnichiwa from hello-edge-node-e1zri in edge-node,4
15,78.724,Konnichiwa from hello-edge-node-e1zri in edge-node,4
16,82.648,Konnichiwa from hello-edge-node-e1zri in edge-node,4
17,83.241,Konnichiwa from hello-edge-node-e1zri in edge-node,4
18,84.045,Konnichiwa from hello-edge-node-e1zri in edge-node,4
19,75.083,Konnichiwa from hello-edge-node-e1zri in edge-node,4
20,66.866,Konnichiwa from hello-edge-node-e1zri in edge-node,4
21,79.792,Konnichiwa from hello-edge-node-e1zri in edge-node,4
22,78.45,Konnichiwa from hello-edge-node-e1zri in edge-node,4
23,70.744,Konnichiwa from hello-edge-node-e1zri in edge-node,4
24,69.226,Konnichiwa from hello-edge-node-e1zri in edge-node,4
25,80.859,Konnichiwa from hello-edge-node-e1zri in edge-node,4
26,80.781,Konnichiwa from hello-edge-node-e1zri in edge-node,4
27,81.378,Konnichiwa from hello-edge-node-e1zri in edge-node,4
28,67.03399999999999,Konnichiwa from hello-edge-node-e1zri in edge-node,4
29,65.907,Konnichiwa from hello-edge-node-e1zri in edge-node,4
30,65.359,Konnichiwa from hello-edge-node-e1zri in edge-node,4
31,73.72800000000001,Konnichiwa from hello-edge-node-e1zri in edge-node,4
32,81.255,Konnichiwa from hello-edge-node-e1zri in edge-node,4
33,64.87700000000001,Konnichiwa from hello-edge-node-e1zri in edge-node,4
34,74.23299999999999,Konnichiwa from hello-edge-node-e1zri in edge-node,4
35,80.67,Konnichiwa from hello-edge-node-e1zri in edge-node,4
36,81.783,Konnichiwa from hello-edge-node-e1zri in edge-node,4
37,78.318,Konnichiwa from hello-edge-node-e1zri in edge-node,4
38,77.606,Konnichiwa from hello-edge-node-e1zri in edge-node,4
39,77.841,Konnichiwa from hello-edge-node-e1zri in edge-node,4
40,66.729,Konnichiwa from hello-edge-node-e1zri in edge-node,4
41,65.36,Konnichiwa from hello-edge-node-e1zri in edge-node,4
42,65.226,Konnichiwa from hello-edge-node-e1zri in edge-node,4
43,83.90100000000001,Konnichiwa from hello-edge-node-e1zri in edge-node,4
44,66.00399999999999,Konnichiwa from hello-edge-node-e1zri in edge-node,4
45,78.42699999999999,Konnichiwa from hello-edge-node-e1zri in edge-node,4
46,77.321,Konnichiwa from hello-edge-node-e1zri in edge-node,4
47,73.651,Konnichiwa from hello-edge-node-e1zri in edge-node,4
48,78.264,Konnichiwa from hello-edge-node-e1zri in edge-node,4
49,81.375,Konnichiwa from hello-edge-node-e1zri in edge-node,4
50,67.759,Konnichiwa from hello-edge-node-e1zri in edge-node,4
51,79.276,Konnichiwa from hello-edge-node-e1zri in edge-node,4
52,82.819,Konnichiwa from hello-edge-node-e1zri in edge-node,4
53,68.79100000000001,Konnichiwa from hello-edge-node-e1zri in edge-node,4
54,66.35199999999999,Konnichiwa from hello-edge-node-e1zri in edge-node,4
55,77.45100000000001,Konnichiwa from hello-edge-node-e1zri in edge-node,4
56,80.849,Konnichiwa from hello-edge-node-e1zri in edge-node,4
57,65.504,Konnichiwa from hello-edge-node-e1zri in edge-node,4
58,79.969,Konnichiwa from hello-edge-node-e1zri in edge-node,4
59,78.258,Konnichiwa from hello-edge-node-e1zri in edge-node,4
60,64.905,Konnichiwa from hello-edge-node-e1zri in edge-node,4
61,70.73,Konnichiwa from hello-edge-node-e1zri in edge-node,4
62,71.257,Konnichiwa from hello-edge-node-e1zri in edge-node,4
63,68.853,Konnichiwa from hello-edge-node-e1zri in edge-node,4
64,82.12700000000001,Konnichiwa from hello-edge-node-e1zri in edge-node,4
65,65.216,Konnichiwa from hello-edge-node-e1zri in edge-node,4
66,74.271,Konnichiwa from hello-edge-node-e1zri in edge-node,4
67,80.72699999999999,Konnichiwa from hello-edge-node-e1zri in edge-node,4
68,66.247,Konnichiwa from hello-edge-node-e1zri in edge-node,4
69,83.77999999999999,Konnichiwa from hello-edge-node-e1zri in edge-node,4
70,68.592,Konnichiwa from hello-edge-node-e1zri in edge-node,4
71,69.086,Konnichiwa from hello-edge-node-e1zri in edge-node,4
72,79.74000000000001,Konnichiwa from hello-edge-node-e1zri in edge-node,4
73,69.378,Konnichiwa from hello-edge-node-e1zri in edge-node,4
74,81.10499999999999,Konnichiwa from hello-edge-node-e1zri in edge-node,4
75,81.22699999999999,Konnichiwa from hello-edge-node-e1zri in edge-node,4
76,77.17699999999999,Konnichiwa from hello-edge-node-e1zri in edge-node,4
77,75.215,Konnichiwa from hello-edge-node-e1zri in edge-node,4
78,79.36200000000001,Konnichiwa from hello-edge-node-e1zri in edge-node,4
79,83.23899999999999,Konnichiwa from hello-edge-node-e1zri in edge-node,4
80,75.34200000000001,Konnichiwa from hello-edge-node-e1zri in edge-node,4
81,79.067,Konnichiwa from hello-edge-node-e1zri in edge-node,4
82,83.803,Konnichiwa from hello-edge-node-e1zri in edge-node,4
83,79.562,Konnichiwa from hello-edge-node-e1zri in edge-node,4
84,71.661,Konnichiwa from hello-edge-node-e1zri in edge-node,4
85,71.145,Konnichiwa from hello-edge-node-e1zri in edge-node,4
86,65.954,Konnichiwa from hello-edge-node-e1zri in edge-node,4
87,65.928,Konnichiwa from hello-edge-node-e1zri in edge-node,4
88,70.32,Konnichiwa from hello-edge-node-e1zri in edge-node,4
89,72.17999999999999,Konnichiwa from hello-edge-node-e1zri in edge-node,4
90,83.745,Konnichiwa from hello-edge-node-e1zri in edge-node,4
91,82.849,Konnichiwa from hello-edge-node-e1zri in edge-node,4
92,79.167,Konnichiwa from hello-edge-node-e1zri in edge-node,4
93,68.24,Konnichiwa from hello-edge-node-e1zri in edge-node,4
94,79.36699999999999,Konnichiwa from hello-edge-node-e1zri in edge-node,4
95,74.872,Konnichiwa from hello-edge-node-e1zri in edge-node,4
96,82.868,Konnichiwa from hello-edge-node-e1zri in edge-node,4
97,84.575,Konnichiwa from hello-edge-node-e1zri in edge-node,4
98,72.362,Konnichiwa from hello-edge-node-e1zri in edge-node,4
99,71.23500000000001,Konnichiwa from hello-edge-node-e1zri in edge-node,4
100,79.94900000000001,Konnichiwa from hello-edge-node-e1zri in edge-node,4
101,73.783,Konnichiwa from hello-edge-node-e1zri in edge-node,4
102,83.785,Konnichiwa from hello-edge-node-e1zri in edge-node,4
103,72.07,Konnichiwa from hello-edge-node-e1zri in edge-node,4
104,82.94,Konnichiwa from hello-edge-node-e1zri in edge-node,4
105,66.08500000000001,Konnichiwa from hello-edge-node-e1zri in edge-node,4
106,78.252,Konnichiwa from hello-edge-node-e1zri in edge-node,4
107,78.158,Konnichiwa from hello-edge-node-e1zri in edge-node,4
108,74.527,Konnichiwa from hello-edge-node-e1zri in edge-node,4
109,72.38799999999999,Konnichiwa from hello-edge-node-e1zri in edge-node,4
110,78.79899999999999,Konnichiwa from hello-edge-node-e1zri in edge-node,4
111,83.273,Konnichiwa from hello-edge-node-e1zri in edge-node,4
112,71.863,Konnichiwa from hello-edge-node-e1zri in edge-node,4
113,64.69800000000001,Konnichiwa from hello-edge-node-e1zri in edge-node,4
114,65.79400000000001,Konnichiwa from hello-edge-node-e1zri in edge-node,4
115,79.069,Konnichiwa from hello-edge-node-e1zri in edge-node,4
116,82.70700000000001,Konnichiwa from hello-edge-node-e1zri in edge-node,4
117,72.866,Konnichiwa from hello-edge-node-e1zri in edge-node,4
118,79.722,Konnichiwa from hello-edge-node-e1zri in edge-node,4
119,73.875,Konnichiwa from hello-edge-node-e1zri in edge-node,4
120,80.86200000000001,Konnichiwa from hello-edge-node-e1zri in edge-node,4
121,83.345,Konnichiwa from hello-edge-node-e1zri in edge-node,4
122,80.352,Konnichiwa from hello-edge-node-e1zri in edge-node,4
123,72.887,Konnichiwa from hello-edge-node-e1zri in edge-node,4
124,80.849,Konnichiwa from hello-edge-node-e1zri in edge-node,4
125,64.546,Konnichiwa from hello-edge-node-e1zri in edge-node,4
126,82.01899999999999,Konnichiwa from hello-edge-node-e1zri in edge-node,4
127,77.909,Konnichiwa from hello-edge-node-e1zri in edge-node,4
128,83.74199999999999,Konnichiwa from hello-edge-node-e1zri in edge-node,4
129,66.743,Konnichiwa from hello-edge-node-e1zri in edge-node,4
130,83.17399999999999,Konnichiwa from hello-edge-node-e1zri in edge-node,4
131,68.189,Konnichiwa from hello-edge-node-e1zri in edge-node,4
132,68.258,Konnichiwa from hello-edge-node-e1zri in edge-node,4
133,72.798,Konnichiwa from hello-edge-node-e1zri in edge-node,4
134,67.422,Konnichiwa from hello-edge-node-e1zri in edge-node,4
135,65.783,Konnichiwa from hello-edge-node-e1zri in edge-node,4
136,69.36399999999999,Konnichiwa from hello-edge-node-e1zri in edge-node,4
137,66.266,Konnichiwa from hello-edge-node-e1zri in edge-node,4
138,73.438,Konnichiwa from hello-edge-node-e1zri in edge-node,4
139,75.332,Konnichiwa from hello-edge-node-e1zri in edge-node,4
140,81.093,Konnichiwa from hello-edge-node-e1zri in edge-node,4
141,72.285,Konnichiwa from hello-edge-node-e1zri in edge-node,4
142,84.19699999999999,Konnichiwa from hello-edge-node-e1zri in edge-node,4
143,73.724,Konnichiwa from hello-edge-node-e1zri in edge-node,4
144,71.537,Konnichiwa from hello-edge-node-e1zri in edge-node,4
145,68.36699999999999,Konnichiwa from hello-edge-node-e1zri in edge-node,4
146,74.32900000000001,Konnichiwa from hello-edge-node-e1zri in edge-node,4
147,83.229,Konnichiwa from hello-edge-node-e1zri in edge-node,4
148,73.827,Konnichiwa from hello-edge-node-e1zri in edge-node,4
149,73.287,Konnichiwa from hello-edge-node-e1zri in edge-node,4
150,80.996,Konnichiwa from hello-edge-node-e1zri in edge-node,4
151,81.76799999999999,Konnichiwa from hello-edge-node-e1zri in edge-node,4
152,80.279,Konnichiwa from hello-edge-node-e1zri in edge-node,4
153,77.325,Konnichiwa from hello-edge-node-e1zri in edge-node,4
154,65.395,Konnichiwa from hello-edge-node-e1zri in edge-node,4
155,67.413,Konnichiwa from hello-edge-node-e1zri in edge-node,4
156,77.708,Konnichiwa from hello-edge-node-e1zri in edge-node,4
157,72.625,Konnichiwa from hello-edge-node-e1zri in edge-node,4
158,84.882,Konnichiwa from hello-edge-node-e1zri in edge-node,4
159,66.944,Konnichiwa from hello-edge-node-e1zri in edge-node,4
160,84.552,Konnichiwa from hello-edge-node-e1zri in edge-node,4
161,75.88799999999999,Konnichiwa from hello-edge-node-e1zri in edge-node,4
162,72.40599999999999,Konnichiwa from hello-edge-node-e1zri in edge-node,4
163,67.188,Konnichiwa from hello-edge-node-e1zri in edge-node,4
164,73.652,Konnichiwa from hello-edge-node-e1zri in edge-node,4
165,81.26700000000001,Konnichiwa from hello-edge-node-e1zri in edge-node,4
166,70.86,Konnichiwa from hello-edge-node-e1zri in edge-node,4
167,71.718,Konnichiwa from hello-edge-node-e1zri in edge-node,4
168,75.836,Konnichiwa from hello-edge-node-e1zri in edge-node,4
169,81.748,Konnichiwa from hello-edge-node-e1zri in edge-node,4
170,81.64,Konnichiwa from hello-edge-node-e1zri in edge-node,4
171,78.269,Konnichiwa from hello-edge-node-e1zri in edge-node,4
172,65.179,Konnichiwa from hello-edge-node-e1zri in edge-node,4
173,69.505,Konnichiwa from hello-edge-node-e1zri in edge-node,4
174,73.318,Konnichiwa from hello-edge-node-e1zri in edge-node,4
175,64.54899999999999,Konnichiwa from hello-edge-node-e1zri in edge-node,4
176,82.231,Konnichiwa from hello-edge-node-e1zri in edge-node,4
177,64.779,Konnichiwa from hello-edge-node-e1zri in edge-node,4
178,69.25099999999999,Konnichiwa from hello-edge-node-e1zri in edge-node,4
179,73.161,Konnichiwa from hello-edge-node-e1zri in edge-node,4
180,79.793,Konnichiwa from hello-edge-node-e1zri in edge-node,4
181,72.26299999999999,Konnichiwa from hello-edge-node-e1zri in edge-node,4
182,76.768,Konnichiwa from hello-edge-node-e1zri in edge-node,4
183,82.65599999999999,Konnichiwa from hello-edge-node-e1zri in edge-node,4
184,74.35300000000001,Konnichiwa from hello-edge-node-e1zri in edge-node,4
185,73.468,Konnichiwa from hello-edge-node-e1zri in edge-node,4
186,81.25200000000001,Konnichiwa from hello-edge-node-e1zri in edge-node,4
187,68.259,Konnichiwa from hello-edge-node-e1zri in edge-node,4
188,70.387,Konnichiwa from hello-edge-node-e1zri in edge-node,4
189,81.814,Konnichiwa from hello-edge-node-e1zri in edge-node,4
190,80.235,Konnichiwa from hello-edge-node-e1zri in edge-node,4
191,74.67699999999999,Konnichiwa from hello-edge-node-e1zri in edge-node,4
192,69.434,Konnichiwa from hello-edge-node-e1zri in edge-node,4
193,71.31800000000001,Konnichiwa from hello-edge-node-e1zri in edge-node,4
194,65.53200000000001,Konnichiwa from hello-edge-node-e1zri in edge-node,4
195,77.89,Konnichiwa from hello-edge-node-e1zri in edge-node,4
196,69.98899999999999,Konnichiwa from hello-edge-node-e1zri in edge-node,4
197,78.669,Konnichiwa from hello-edge-node-e1zri in edge-node,4
198,76.78500000000001,Konnichiwa from hello-edge-node-e1zri in edge-node,4
199,64.834,Konnichiwa from hello-edge-node-e1zri in edge-node,4
200,71.83399999999999,Konnichiwa from hello-edge-node-e1zri in edge-node,4
201,73.747,Konnichiwa from hello-edge-node-e1zri in edge-node,4
202,70.29100000000001,Konnichiwa from hello-edge-node-e1zri in edge-node,4
203,71.78,Konnichiwa from hello-edge-node-e1zri in edge-node,4
204,81.493,Konnichiwa from hello-edge-node-e1zri in edge-node,4
205,73.40299999999999,Konnichiwa from hello-edge-node-e1zri in edge-node,4
206,79.88499999999999,Konnichiwa from hello-edge-node-e1zri in edge-node,4
207,65.689,Konnichiwa from hello-edge-node-e1zri in edge-node,4
208,80.317,Konnichiwa from hello-edge-node-e1zri in edge-node,4
209,76.72800000000001,Konnichiwa from hello-edge-node-e1zri in edge-node,4
210,66.165,Konnichiwa from hello-edge-node-e1zri in edge-node,4
211,82.282,Konnichiwa from hello-edge-node-e1zri in edge-node,4
212,83.527,Konnichiwa from hello-edge-node-e1zri in edge-node,4
213,81.85199999999999,Konnichiwa from hello-edge-node-e1zri in edge-node,4
214,82.76400000000001,Konnichiwa from hello-edge-node-e1zri in edge-node,4
215,66.38,Konnichiwa from hello-edge-node-e1zri in edge-node,4
216,72.491,Konnichiwa from hello-edge-node-e1zri in edge-node,4
217,72.9,Konnichiwa from hello-edge-node-e1zri in edge-node,4
218,64.639,Konnichiwa from hello-edge-node-e1zri in edge-node,4
219,73.911,Konnichiwa from hello-edge-node-e1zri in edge-node,4
220,77.773,Konnichiwa from hello-edge-node-e1zri in edge-node,4
221,70.708,Konnichiwa from hello-edge-node-e1zri in edge-node,4
222,66.308,Konnichiwa from hello-edge-node-e1zri in edge-node,4
223,74.926,Konnichiwa from hello-edge-node-e1zri in edge-node,4
224,78.13000000000001,Konnichiwa from hello-edge-node-e1zri in edge-node,4
225,72.2,Konnichiwa from hello-edge-node-e1zri in edge-node,4
226,71.29599999999999,Konnichiwa from hello-edge-node-e1zri in edge-node,4
227,77.56299999999999,Konnichiwa from hello-edge-node-e1zri in edge-node,4
228,74.235,Konnichiwa from hello-edge-node-e1zri in edge-node,4
229,82.733,Konnichiwa from hello-edge-node-e1zri in edge-node,4
230,68.91799999999999,Konnichiwa from hello-edge-node-e1zri in edge-node,4
231,79.528,Konnichiwa from hello-edge-node-e1zri in edge-node,4
232,71.133,Konnichiwa from hello-edge-node-e1zri in edge-node,4
233,69.158,Konnichiwa from hello-edge-node-e1zri in edge-node,4
234,75.17500000000001,Konnichiwa from hello-edge-node-e1zri in edge-node,4
235,80.288,Konnichiwa from hello-edge-node-e1zri in edge-node,4
236,66.834,Konnichiwa from hello-edge-node-e1zri in edge-node,4
237,76.71,Konnichiwa from hello-edge-node-e1zri in edge-node,4
238,82.03,Konnichiwa from hello-edge-node-e1zri in edge-node,4
239,76.307,Konnichiwa from hello-edge-node-e1zri in edge-node,4
240,72.396,Konnichiwa from hello-edge-node-e1zri in edge-node,4
241,74.57,Konnichiwa from hello-edge-node-e1zri in edge-node,4
242,68.759,Konnichiwa from hello-edge-node-e1zri in edge-node,4
243,75.774,Konnichiwa from hello-edge-node-e1zri in edge-node,4
244,82.84,Konnichiwa from hello-edge-node-e1zri in edge-node,4
245,73.30399999999999,Konnichiwa from hello-edge-node-e1zri in edge-node,4
246,83.405,Konnichiwa from hello-edge-node-e1zri in edge-node,4
247,71.866,Konnichiwa from hello-edge-node-e1zri in edge-node,4
248,68.929,Konnichiwa from hello-edge-node-e1zri in edge-node,4
249,71.01599999999999,Konnichiwa from hello-edge-node-e1zri in edge-node,4
250,83.302,Konnichiwa from hello-edge-node-e1zri in edge-node,4
251,82.274,Konnichiwa from hello-edge-node-e1zri in edge-node,4
252,68.897,Konnichiwa from hello-edge-node-e1zri in edge-node,4
253,83.85900000000001,Konnichiwa from hello-edge-node-e1zri in edge-node,4
254,73.381,Konnichiwa from hello-edge-node-e1zri in edge-node,4
255,66.21499999999999,Konnichiwa from hello-edge-node-e1zri in edge-node,4
256,84.94,Konnichiwa from hello-edge-node-e1zri in edge-node,4
257,75.708,Konnichiwa from hello-edge-node-e1zri in edge-node,4
258,78.366,Konnichiwa from hello-edge-node-e1zri in edge-node,4
259,82.214,Konnichiwa from hello-edge-node-e1zri in edge-node,4
260,74.985,Konnichiwa from hello-edge-node-e1zri in edge-node,4
261,74.303,Konnichiwa from hello-edge-node-e1zri in edge-node,4
262,82.934,Konnichiwa from hello-edge-node-e1zri in edge-node,4
263,74.799,Konnichiwa from hello-edge-node-e1zri in edge-node,4
264,80.363,Konnichiwa from hello-edge-node-e1zri in edge-node,4
265,78.82000000000001,Konnichiwa from hello-edge-node-e1zri in edge-node,4
266,70.79199999999999,Konnichiwa from hello-edge-node-e1zri in edge-node,4
267,71.52699999999999,Konnichiwa from hello-edge-node-e1zri in edge-node,4
268,80.759,Konnichiwa from hello-edge-node-e1zri in edge-node,4
269,66.763,Konnichiwa from hello-edge-node-e1zri in edge-node,4
270,76.293,Konnichiwa from hello-edge-node-e1zri in edge-node,4
271,72.534,Konnichiwa from hello-edge-node-e1zri in edge-node,4
272,70.447,Konnichiwa from hello-edge-node-e1zri in edge-node,4
273,84.178,Konnichiwa from hello-edge-node-e1zri in edge-node,4
274,78.92,Konnichiwa from hello-edge-node-e1zri in edge-node,4
275,80.596,Konnichiwa from hello-edge-node-e1zri in edge-node,4
276,64.845,Konnichiwa from hello-edge-node-e1zri in edge-node,4
277,77.306,Konnichiwa from hello-edge-node-e1zri in edge-node,4
278,67.76,Konnichiwa from hello-edge-node-e1zri in edge-node,4
279,75.289,Konnichiwa from hello-edge-node-e1zri in edge-node,4
280,80.417,Konnichiwa from hello-edge-node-e1zri in edge-node,4
281,78.786,Konnichiwa from hello-edge-node-e1zri in edge-node,4
282,72.83000000000001,Konnichiwa from hello-edge-node-e1zri in edge-node,4
283,68.4,Konnichiwa from hello-edge-node-e1zri in edge-node,4
284,83.78399999999999,Konnichiwa from hello-edge-node-e1zri in edge-node,4
285,79.227,Konnichiwa from hello-edge-node-e1zri in edge-node,4
286,76.08099999999999,Konnichiwa from hello-edge-node-e1zri in edge-node,4
287,66.808,Konnichiwa from hello-edge-node-e1zri in edge-node,4
288,72.411,Konnichiwa from hello-edge-node-e1zri in edge-node,4
289,81.068,Konnichiwa from hello-edge-node-e1zri in edge-node,4
290,67.202,Konnichiwa from hello-edge-node-e1zri in edge-node,4
291,68.72300000000001,Konnichiwa from hello-edge-node-e1zri in edge-node,4
292,73.735,Konnichiwa from hello-edge-node-e1zri in edge-node,4
293,68.293,Konnichiwa from hello-edge-node-e1zri in edge-node,4
294,82.83500000000001,Konnichiwa from hello-edge-node-e1zri in edge-node,4
295,67.621,Konnichiwa from hello-edge-node-e1zri in edge-node,4
296,70.187,Konnichiwa from hello-edge-node-e1zri in edge-node,4
297,76.239,Konnichiwa from hello-edge-node-e1zri in edge-node,4
298,74.892,Konnichiwa from hello-edge-node-e1zri in edge-node,4
299,76.267,Konnichiwa from hello-edge-node-e1zri in edge-node,4
300,72.816,Konnichiwa from hello-edge-node-e1zri in edge-node,4
301,83.03,Konnichiwa from hello-edge-node-e1zri in edge-node,4
302,72.256,Konnichiwa from hello-edge-node-e1zri in edge-node,4
303,65.196,Konnichiwa from hello-edge-node-e1zri in edge-node,4
304,67.397,Konnichiwa from hello-edge-node-e1zri in edge-node,4
305,72.30300000000001,Konnichiwa from hello-edge-node-e1zri in edge-node,4
306,82.747,Konnichiwa from hello-edge-node-e1zri in edge-node,4
307,69.787,Konnichiwa from hello-edge-node-e1zri in edge-node,4
308,83.8,Konnichiwa from hello-edge-node-e1zri in edge-node,4
309,80.998,Konnichiwa from hello-edge-node-e1zri in edge-node,4
310,73.762,Konnichiwa from hello-edge-node-e1zri in edge-node,4
311,76.24499999999999,Konnichiwa from hello-edge-node-e1zri in edge-node,4
312,84.201,Konnichiwa from hello-edge-node-e1zri in edge-node,4
313,77.877,Konnichiwa from hello-edge-node-e1zri in edge-node,4
314,82.37400000000001,Konnichiwa from hello-edge-node-e1zri in edge-node,4
315,70.899,Konnichiwa from hello-edge-node-e1zri in edge-node,4
316,79.273,Konnichiwa from hello-edge-node-e1zri in edge-node,4
317,72.77,Konnichiwa from hello-edge-node-e1zri in edge-node,4
318,77.14999999999999,Konnichiwa from hello-edge-node-e1zri in edge-node,4
319,81.569,Konnichiwa from hello-edge-node-e1zri in edge-node,4
320,69.687,Konnichiwa from hello-edge-node-e1zri in edge-node,4
321,75.128,Konnichiwa from hello-edge-node-e1zri in edge-node,4
322,77.029,Konnichiwa from hello-edge-node-e1zri in edge-node,4
323,66.71199999999999,Konnichiwa from hello-edge-node-e1zri in edge-node,4
324,79.216,Konnichiwa from hello-edge-node-e1zri in edge-node,4
325,75.311,Konnichiwa from hello-edge-node-e1zri in edge-node,4
326,73.226,Konnichiwa from hello-edge-node-e1zri in edge-node,4
327,75.833,Konnichiwa from hello-edge-node-e1zri in edge-node,4
328,75.313,Konnichiwa from hello-edge-node-e1zri in edge-node,4
329,84.075,Konnichiwa from hello-edge-node-e1zri in edge-node,4
330,73.88300000000001,Konnichiwa from hello-edge-node-e1zri in edge-node,4
331,66.736,Konnichiwa from hello-edge-node-e1zri in edge-node,4
332,77.191,Konnichiwa from hello-edge-node-e1zri in edge-node,4
333,74.91000000000001,Konnichiwa from hello-edge-node-e1zri in edge-node,4
334,71.749,Konnichiwa from hello-edge-node-e1zri in edge-node,4
335,66.86699999999999,Konnichiwa from hello-edge-node-e1zri in edge-node,4
336,83.313,Konnichiwa from hello-edge-node-e1zri in edge-node,4
337,81.69500000000001,Konnichiwa from hello-edge-node-e1zri in edge-node,4
338,80.76700000000001,Konnichiwa from hello-edge-node-e1zri in edge-node,4
339,66.329,Konnichiwa from hello-edge-node-e1zri in edge-node,4
340,73.296,Konnichiwa from hello-edge-node-e1zri in edge-node,4
341,69.203,Konnichiwa from hello-edge-node-e1zri in edge-node,4
342,65.789,Konnichiwa from hello-edge-node-e1zri in edge-node,4
343,74.94800000000001,Konnichiwa from hello-edge-node-e1zri in edge-node,4
344,68.715,Konnichiwa from hello-edge-node-e1zri in edge-node,4
345,80.529,Konnichiwa from hello-edge-node-e1zri in edge-node,4
346,81.098,Konnichiwa from hello-edge-node-e1zri in edge-node,4
347,67.65899999999999,Konnichiwa from hello-edge-node-e1zri in edge-node,4
348,69.927,Konnichiwa from hello-edge-node-e1zri in edge-node,4
349,78.746,Konnichiwa from hello-edge-node-e1zri in edge-node,4
350,66.744,Konnichiwa from hello-edge-node-e1zri in edge-node,4
351,83.419,Konnichiwa from hello-edge-node-e1zri in edge-node,4
352,68.708,Konnichiwa from hello-edge-node-e1zri in edge-node,4
353,68.838,Konnichiwa from hello-edge-node-e1zri in edge-node,4
354,80.687,Konnichiwa from hello-edge-node-e1zri in edge-node,4
355,74.95100000000001,Konnichiwa from hello-edge-node-e1zri in edge-node,4
356,68.677,Konnichiwa from hello-edge-node-e1zri in edge-node,4
357,74.729,Konnichiwa from hello-edge-node-e1zri in edge-node,4
358,79.29799999999999,Konnichiwa from hello-edge-node-e1zri in edge-node,4
359,83.86399999999999,Konnichiwa from hello-edge-node-e1zri in edge-node,4
360,75.242,Konnichiwa from hello-edge-node-e1zri in edge-node,4
361,80.61699999999999,Konnichiwa from hello-edge-node-e1zri in edge-node,4
362,66.715,Konnichiwa from hello-edge-node-e1zri in edge-node,4
363,77.81200000000001,Konnichiwa from hello-edge-node-e1zri in edge-node,4
364,67.658,Konnichiwa from hello-edge-node-e1zri in edge-node,4
365,71.31700000000001,Konnichiwa from hello-edge-node-e1zri in edge-node,4
366,84.18299999999999,Konnichiwa from hello-edge-node-e1zri in edge-node,4
367,71.68599999999999,Konnichiwa from hello-edge-node-e1zri in edge-node,4
368,67.30600000000001,Konnichiwa from hello-edge-node-e1zri in edge-node,4
369,71.70100000000001,Konnichiwa from hello-edge-node-e1zri in edge-node,4
370,73.26100000000001,Konnichiwa from hello-edge-node-e1zri in edge-node,4
371,75.761,Konnichiwa from hello-edge-node-e1zri in edge-node,4
372,72.783,Konnichiwa from hello-edge-node-e1zri in edge-node,4
373,71.892,Konnichiwa from hello-edge-node-e1zri in edge-node,4
374,67.575,Konnichiwa from hello-edge-node-e1zri in edge-node,4
375,68.20700000000001,Konnichiwa from hello-edge-node-e1zri in edge-node,4
376,68.92,Konnichiwa from hello-edge-node-e1zri in edge-node,4
377,81.77199999999999,Konnichiwa from hello-edge-node-e1zri in edge-node,4
378,69.21,Konnichiwa from hello-edge-node-e1zri in edge-node,4
379,75.339,Konnichiwa from hello-edge-node-e1zri in edge-node,4
380,76.95,Konnichiwa from hello-edge-node-e1zri in edge-node,4
381,68.908,Konnichiwa from hello-edge-node-e1zri in edge-node,4
382,81.82300000000001,Konnichiwa from hello-edge-node-e1zri in edge-node,4
383,77.295,Konnichiwa from hello-edge-node-e1zri in edge-node,4
384,68.508,Konnichiwa from hello-edge-node-e1zri in edge-node,4
385,67.76,Konnichiwa from hello-edge-node-e1zri in edge-node,4
386,68.293,Konnichiwa from hello-edge-node-e1zri in edge-node,4
387,69.78399999999999,Konnichiwa from hello-edge-node-e1zri in edge-node,4
388,77.252,Konnichiwa from hello-edge-node-e1zri in edge-node,4
389,74.23599999999999,Konnichiwa from hello-edge-node-e1zri in edge-node,4
390,72.245,Konnichiwa from hello-edge-node-e1zri in edge-node,4
391,66.426,Konnichiwa from hello-edge-node-e1zri in edge-node,4
392,65.21499999999999,Konnichiwa from hello-edge-node-e1zri in edge-node,4
393,76.904,Konnichiwa from hello-edge-node-e1zri in edge-node,4
394,75.261,Konnichiwa from hello-edge-node-e1zri in edge-node,4
395,78.78,Konnichiwa from hello-edge-node-e1zri in edge-node,4
396,67.882,Konnichiwa from hello-edge-node-e1zri in edge-node,4
397,75.311,Konnichiwa from hello-edge-node-e1zri in edge-node,4
398,71.262,Konnichiwa from hello-edge-node-e1zri in edge-node,4
399,79.887,Konnichiwa from hello-edge-node-e1zri in edge-node,4
400,69.71199999999999,Konnichiwa from hello-edge-node-e1zri in edge-node,4
401,83.27900000000001,Konnichiwa from hello-edge-node-e1zri in edge-node,4
402,80.3,Konnichiwa from hello-edge-node-e1zri in edge-node,4
403,80.327,Konnichiwa from hello-edge-node-e1zri in edge-node,4
404,73.23100000000001,Konnichiwa from hello-edge-node-e1zri in edge-node,4
405,81.973,Konnichiwa from hello-edge-node-e1zri in edge-node,4
406,75.25800000000001,Konnichiwa from hello-edge-node-e1zri in edge-node,4
407,70.893,Konnichiwa from hello-edge-node-e1zri in edge-node,4
408,77.28699999999999,Konnichiwa from hello-edge-node-e1zri in edge-node,4
409,66.295,Konnichiwa from hello-edge-node-e1zri in edge-node,4
410,68.315,Konnichiwa from hello-edge-node-e1zri in edge-node,4
411,67.79599999999999,Konnichiwa from hello-edge-node-e1zri in edge-node,4
412,74.166,Konnichiwa from hello-edge-node-e1zri in edge-node,4
413,77.164,Konnichiwa from hello-edge-node-e1zri in edge-node,4
414,67.775,Konnichiwa from hello-edge-node-e1zri in edge-node,4
415,65.33200000000001,Konnichiwa from hello-edge-node-e1zri in edge-node,4
416,79.259,Konnichiwa from hello-edge-node-e1zri in edge-node,4
417,67.774,Konnichiwa from hello-edge-node-e1zri in edge-node,4
418,81.098,Konnichiwa from hello-edge-node-e1zri in edge-node,4
419,70.79100000000001,Konnichiwa from hello-edge-node-e1zri in edge-node,4
420,78.301,Konnichiwa from hello-edge-node-e1zri in edge-node,4
421,68.316,Konnichiwa from hello-edge-node-e1zri in edge-node,4
422,83.30600000000001,Konnichiwa from hello-edge-node-e1zri in edge-node,4
423,70.897,Konnichiwa from hello-edge-node-e1zri in edge-node,4
424,71.83,Konnichiwa from hello-edge-node-e1zri in edge-node,4
425,83.55,Konnichiwa from hello-edge-node-e1zri in edge-node,4
426,72.95599999999999,Konnichiwa from hello-edge-node-e1zri in edge-node,4
427,82.313,Konnichiwa from hello-edge-node-e1zri in edge-node,4
428,73.209,Konnichiwa from hello-edge-node-e1zri in edge-node,4
429,83.08,Konnichiwa from hello-edge-node-e1zri in edge-node,4
430,67.304,Konnichiwa from hello-edge-node-e1zri in edge-node,4
431,80.74499999999999,Konnichiwa from hello-edge-node-e1zri in edge-node,4
432,65.713,Konnichiwa from hello-edge-node-e1zri in edge-node,4
433,78.32000000000001,Konnichiwa from hello-edge-node-e1zri in edge-node,4
434,65.093,Konnichiwa from hello-edge-node-e1zri in edge-node,4
435,69.736,Konnichiwa from hello-edge-node-e1zri in edge-node,4
436,67.949,Konnichiwa from hello-edge-node-e1zri in edge-node,4
437,74.34100000000001,Konnichiwa from hello-edge-node-e1zri in edge-node,4
438,77.271,Konnichiwa from hello-edge-node-e1zri in edge-node,4
439,74.469,Konnichiwa from hello-edge-node-e1zri in edge-node,4
440,70.309,Konnichiwa from hello-edge-node-e1zri in edge-node,4
441,68.797,Konnichiwa from hello-edge-node-e1zri in edge-node,4
442,76.226,Konnichiwa from hello-edge-node-e1zri in edge-node,4
443,82.853,Konnichiwa from hello-edge-node-e1zri in edge-node,4
444,74.309,Konnichiwa from hello-edge-node-e1zri in edge-node,4
445,64.79400000000001,Konnichiwa from hello-edge-node-e1zri in edge-node,4
446,75.21300000000001,Konnichiwa from hello-edge-node-e1zri in edge-node,4
447,80.28299999999999,Konnichiwa from hello-edge-node-e1zri in edge-node,4
448,75.55000000000001,Konnichiwa from hello-edge-node-e1zri in edge-node,4
449,68.757,Konnichiwa from hello-edge-node-e1zri in edge-node,4
450,65.248,Konnichiwa from hello-edge-node-e1zri in edge-node,4
451,65.69800000000001,Konnichiwa from hello-edge-node-e1zri in edge-node,4
452,81.688,Konnichiwa from hello-edge-node-e1zri in edge-node,4
453,68.21900000000001,Konnichiwa from hello-edge-node-e1zri in edge-node,4
454,75.89500000000001,Konnichiwa from hello-edge-node-e1zri in edge-node,4
455,66.886,Konnichiwa from hello-edge-node-e1zri in edge-node,4
456,72.78999999999999,Konnichiwa from hello-edge-node-e1zri in edge-node,4
457,75.664,Konnichiwa from hello-edge-node-e1zri in edge-node,4
458,71.80300000000001,Konnichiwa from hello-edge-node-e1zri in edge-node,4
459,67.81099999999999,Konnichiwa from hello-edge-node-e1zri in edge-node,4
460,82.606,Konnichiwa from hello-edge-node-e1zri in edge-node,4
461,77.331,Konnichiwa from hello-edge-node-e1zri in edge-node,4
462,69.949,Konnichiwa from hello-edge-node-e1zri in edge-node,4
463,84.875,Konnichiwa from hello-edge-node-e1zri in edge-node,4
464,65.26899999999999,Konnichiwa from hello-edge-node-e1zri in edge-node,4
465,77.764,Konnichiwa from hello-edge-node-e1zri in edge-node,4
466,65.773,Konnichiwa from hello-edge-node-e1zri in edge-node,4
467,75.238,Konnichiwa from hello-edge-node-e1zri in edge-node,4
468,75.34100000000001,Konnichiwa from hello-edge-node-e1zri in edge-node,4
469,76.96799999999999,Konnichiwa from hello-edge-node-e1zri in edge-node,4
470,73.253,Konnichiwa from hello-edge-node-e1zri in edge-node,4
471,68.397,Konnichiwa from hello-edge-node-e1zri in edge-node,4
472,66.738,Konnichiwa from hello-edge-node-e1zri in edge-node,4
473,73.752,Konnichiwa from hello-edge-node-e1zri in edge-node,4
474,71.563,Konnichiwa from hello-edge-node-e1zri in edge-node,4
475,70.958,Konnichiwa from hello-edge-node-e1zri in edge-node,4
476,70.214,Konnichiwa from hello-edge-node-e1zri in edge-node,4
477,71.455,Konnichiwa from hello-edge-node-e1zri in edge-node,4
478,69.312,Konnichiwa from hello-edge-node-e1zri in edge-node,4
479,71.196,Konnichiwa from hello-edge-node-e1zri in edge-node,4
480,74.33800000000001,Konnichiwa from hello-edge-node-e1zri in edge-node,4
481,66.18599999999999,Konnichiwa from hello-edge-node-e1zri in edge-node,4
482,83.19500000000001,Konnichiwa from hello-edge-node-e1zri in edge-node,4
483,78.768,Konnichiwa from hello-edge-node-e1zri in edge-node,4
484,64.762,Konnichiwa from hello-edge-node-e1zri in edge-node,4
485,81.29899999999999,Konnichiwa from hello-edge-node-e1zri in edge-node,4
486,72.662,Konnichiwa from hello-edge-node-e1zri in edge-node,4
487,74.762,Konnichiwa from hello-edge-node-e1zri in edge-node,4
488,79.167,Konnichiwa from hello-edge-node-e1zri in edge-node,4
489,72.259,Konnichiwa from hello-edge-node-e1zri in edge-node,4
490,75.477,Konnichiwa from hello-edge-node-e1zri in edge-node,4
491,65.827,Konnichiwa from hello-edge-node-e1zri in edge-node,4
492,83.62,Konnichiwa from hello-edge-node-e1zri in edge-node,4
493,71.255,Konnichiwa from hello-edge-node-e1zri in edge-node,4
494,80.956,Konnichiwa from hello-edge-node-e1zri in edge-node,4
495,76.773,Konnichiwa from hello-edge-node-e1zri in edge-node,4
496,65.75,Konnichiwa from hello-edge-node-e1zri in edge-node,4
497,78.36500000000001,Konnichiwa from hello-edge-node-e1zri in edge-node,4
498,80.358,Konnichiwa from hello-edge-node-e1zri in edge-node,4
499,67.397,Konnichiwa from hello-edge-node-e1zri in edge-node,4
500,81.83200000000001,Konnichiwa from hello-edge-node-e1zri in edge-node,4
501,79.789,Konnichiwa from hello-edge-node-e1zri in edge-node,4
502,84.335,Konnichiwa from hello-edge-node-e1zri in edge-node,4
503,84.07199999999999,Konnichiwa from hello-edge-node-e1zri in edge-node,4
504,68.205,Konnichiwa from hello-edge-node-e1zri in edge-node,4
505,69.92,Konnichiwa from hello-edge-node-e1zri in edge-node,4
506,76.75500000000001,Konnichiwa from hello-edge-node-e1zri in edge-node,4
507,83.753,Konnichiwa from hello-edge-node-e1zri in edge-node,4
508,67.329,Konnichiwa from hello-edge-node-e1zri in edge-node,4
509,81.80900000000001,Konnichiwa from hello-edge-node-e1zri in edge-node,4
510,78.384,Konnichiwa from hello-edge-node-e1zri in edge-node,4
511,65.21499999999999,Konnichiwa from hello-edge-node-e1zri in edge-node,4
512,77.80499999999999,Konnichiwa from hello-edge-node-e1zri in edge-node,4
513,65.714,Konnichiwa from hello-edge-node-e1zri in edge-node,4
514,83.386,Konnichiwa from hello-edge-node-e1zri in edge-node,4
515,66.182,Konnichiwa from hello-edge-node-e1zri in edge-node,4
516,82.60900000000001,Konnichiwa from hello-edge-node-e1zri in edge-node,4
517,84.60199999999999,Konnichiwa from hello-edge-node-e1zri in edge-node,4
518,80.744,Konnichiwa from hello-edge-node-e1zri in edge-node,4
519,65.716,Konnichiwa from hello-edge-node-e1zri in edge-node,4
520,82.501,Konnichiwa from hello-edge-node-e1zri in edge-node,4
521,82.518,Konnichiwa from hello-edge-node-e1zri in edge-node,4
522,75.45599999999999,Konnichiwa from hello-edge-node-e1zri in edge-node,4
523,67.372,Konnichiwa from hello-edge-node-e1zri in edge-node,4
524,80.8,Konnichiwa from hello-edge-node-e1zri in edge-node,4
525,73.291,Konnichiwa from hello-edge-node-e1zri in edge-node,4
526,67.176,Konnichiwa from hello-edge-node-e1zri in edge-node,4
527,68.725,Konnichiwa from hello-edge-node-e1zri in edge-node,4
528,82.36699999999999,Konnichiwa from hello-edge-node-e1zri in edge-node,4
529,78.211,Konnichiwa from hello-edge-node-e1zri in edge-node,4
530,78.276,Konnichiwa from hello-edge-node-e1zri in edge-node,4
531,84.307,Konnichiwa from hello-edge-node-e1zri in edge-node,4
532,75.48,Konnichiwa from hello-edge-node-e1zri in edge-node,4
533,69.38900000000001,Konnichiwa from hello-edge-node-e1zri in edge-node,4
534,82.401,Konnichiwa from hello-edge-node-e1zri in edge-node,4
535,67.623,Konnichiwa from hello-edge-node-e1zri in edge-node,4
536,76.839,Konnichiwa from hello-edge-node-e1zri in edge-node,4
537,80.724,Konnichiwa from hello-edge-node-e1zri in edge-node,4
538,76.931,Konnichiwa from hello-edge-node-e1zri in edge-node,4
539,71.747,Konnichiwa from hello-edge-node-e1zri in edge-node,4
540,77.675,Konnichiwa from hello-edge-node-e1zri in edge-node,4
541,71.31700000000001,Konnichiwa from hello-edge-node-e1zri in edge-node,4
542,65.55,Konnichiwa from hello-edge-node-e1zri in edge-node,4
543,73.264,Konnichiwa from hello-edge-node-e1zri in edge-node,4
544,75.113,Konnichiwa from hello-edge-node-e1zri in edge-node,4
545,69.27,Konnichiwa from hello-edge-node-e1zri in edge-node,4
546,81.896,Konnichiwa from hello-edge-node-e1zri in edge-node,4
547,71.368,Konnichiwa from hello-edge-node-e1zri in edge-node,4
548,84.397,Konnichiwa from hello-edge-node-e1zri in edge-node,4
549,72.476,Konnichiwa from hello-edge-node-e1zri in edge-node,4
550,68.091,Konnichiwa from hello-edge-node-e1zri in edge-node,4
551,66.777,Konnichiwa from hello-edge-node-e1zri in edge-node,4
552,73.476,Konnichiwa from hello-edge-node-e1zri in edge-node,4
553,72.247,Konnichiwa from hello-edge-node-e1zri in edge-node,4
554,72.34,Konnichiwa from hello-edge-node-e1zri in edge-node,4
555,82.808,Konnichiwa from hello-edge-node-e1zri in edge-node,4
556,68.937,Konnichiwa from hello-edge-node-e1zri in edge-node,4
557,71.87,Konnichiwa from hello-edge-node-e1zri in edge-node,4
558,76.271,Konnichiwa from hello-edge-node-e1zri in edge-node,4
559,67.73400000000001,Konnichiwa from hello-edge-node-e1zri in edge-node,4
560,66.239,Konnichiwa from hello-edge-node-e1zri in edge-node,4
561,78.874,Konnichiwa from hello-edge-node-e1zri in edge-node,4
562,83.458,Konnichiwa from hello-edge-node-e1zri in edge-node,4
563,69.179,Konnichiwa from hello-edge-node-e1zri in edge-node,4
564,82.429,Konnichiwa from hello-edge-node-e1zri in edge-node,4
565,78.155,Konnichiwa from hello-edge-node-e1zri in edge-node,4
566,66.319,Konnichiwa from hello-edge-node-e1zri in edge-node,4
567,74.594,Konnichiwa from hello-edge-node-e1zri in edge-node,4
568,74.23100000000001,Konnichiwa from hello-edge-node-e1zri in edge-node,4
569,73.227,Konnichiwa from hello-edge-node-e1zri in edge-node,4
570,78.80199999999999,Konnichiwa from hello-edge-node-e1zri in edge-node,4
571,78.077,Konnichiwa from hello-edge-node-e1zri in edge-node,4
572,70.539,Konnichiwa from hello-edge-node-e1zri in edge-node,4
573,81.55199999999999,Konnichiwa from hello-edge-node-e1zri in edge-node,4
574,80.528,Konnichiwa from hello-edge-node-e1zri in edge-node,4
575,64.321,Konnichiwa from hello-edge-node-e1zri in edge-node,4
576,81.82499999999999,Konnichiwa from hello-edge-node-e1zri in edge-node,4
577,78.956,Konnichiwa from hello-edge-node-e1zri in edge-node,4
578,65.683,Konnichiwa from hello-edge-node-e1zri in edge-node,4
579,77.80499999999999,Konnichiwa from hello-edge-node-e1zri in edge-node,4
580,75.473,Konnichiwa from hello-edge-node-e1zri in edge-node,4
581,65.76799999999999,Konnichiwa from hello-edge-node-e1zri in edge-node,4
582,76.262,Konnichiwa from hello-edge-node-e1zri in edge-node,4
583,75.31400000000001,Konnichiwa from hello-edge-node-e1zri in edge-node,4
584,70.727,Konnichiwa from hello-edge-node-e1zri in edge-node,4
585,65.845,Konnichiwa from hello-edge-node-e1zri in edge-node,4
586,69.342,Konnichiwa from hello-edge-node-e1zri in edge-node,4
587,80.36699999999999,Konnichiwa from hello-edge-node-e1zri in edge-node,4
588,75.833,Konnichiwa from hello-edge-node-e1zri in edge-node,4
589,81.219,Konnichiwa from hello-edge-node-e1zri in edge-node,4
590,78.278,Konnichiwa from hello-edge-node-e1zri in edge-node,4
591,78.431,Konnichiwa from hello-edge-node-e1zri in edge-node,4
592,82.73700000000001,Konnichiwa from hello-edge-node-e1zri in edge-node,4
593,83.577,Konnichiwa from hello-edge-node-e1zri in edge-node,4
594,80.38,Konnichiwa from hello-edge-node-e1zri in edge-node,4
595,78.75500000000001,Konnichiwa from hello-edge-node-e1zri in edge-node,4
596,72.28800000000001,Konnichiwa from hello-edge-node-e1zri in edge-node,4
597,66.83,Konnichiwa from hello-edge-node-e1zri in edge-node,4
598,73.77799999999999,Konnichiwa from hello-edge-node-e1zri in edge-node,4
599,76.361,Konnichiwa from hello-edge-node-e1zri in edge-node,4
600,78.369,Konnichiwa from hello-edge-node-e1zri in edge-node,4
601,82.199,Konnichiwa from hello-edge-node-e1zri in edge-node,4
602,64.701,Konnichiwa from hello-edge-node-e1zri in edge-node,4
603,69.863,Konnichiwa from hello-edge-node-e1zri in edge-node,4
604,83.7,Konnichiwa from hello-edge-node-e1zri in edge-node,4
605,66.52,Konnichiwa from hello-edge-node-e1zri in edge-node,4
606,73.226,Konnichiwa from hello-edge-node-e1zri in edge-node,4
607,66.441,Konnichiwa from hello-edge-node-e1zri in edge-node,4
608,71.263,Konnichiwa from hello-edge-node-e1zri in edge-node,4
609,72.322,Konnichiwa from hello-edge-node-e1zri in edge-node,4
610,75.819,Konnichiwa from hello-edge-node-e1zri in edge-node,4
611,81.281,Konnichiwa from hello-edge-node-e1zri in edge-node,4
612,84.21199999999999,Konnichiwa from hello-edge-node-e1zri in edge-node,4
613,82.474,Konnichiwa from hello-edge-node-e1zri in edge-node,4
614,82.819,Konnichiwa from hello-edge-node-e1zri in edge-node,4
615,70.369,Konnichiwa from hello-edge-node-e1zri in edge-node,4
616,74.761,Konnichiwa from hello-edge-node-e1zri in edge-node,4
617,76.71600000000001,Konnichiwa from hello-edge-node-e1zri in edge-node,4
618,76.071,Konnichiwa from hello-edge-node-e1zri in edge-node,4
619,81.895,Konnichiwa from hello-edge-node-e1zri in edge-node,4
620,82.62700000000001,Konnichiwa from hello-edge-node-e1zri in edge-node,4
621,80.193,Konnichiwa from hello-edge-node-e1zri in edge-node,4
622,76.264,Konnichiwa from hello-edge-node-e1zri in edge-node,4
623,71.28,Konnichiwa from hello-edge-node-e1zri in edge-node,4
624,73.458,Konnichiwa from hello-edge-node-e1zri in edge-node,4
625,83.988,Konnichiwa from hello-edge-node-e1zri in edge-node,4
626,70.206,Konnichiwa from hello-edge-node-e1zri in edge-node,4
627,68.76,Konnichiwa from hello-edge-node-e1zri in edge-node,4
628,72.659,Konnichiwa from hello-edge-node-e1zri in edge-node,4
629,75.544,Konnichiwa from hello-edge-node-e1zri in edge-node,4
630,70.32,Konnichiwa from hello-edge-node-e1zri in edge-node,4
631,72.832,Konnichiwa from hello-edge-node-e1zri in edge-node,4
632,75.781,Konnichiwa from hello-edge-node-e1zri in edge-node,4
633,66.18,Konnichiwa from hello-edge-node-e1zri in edge-node,4
634,72.815,Konnichiwa from hello-edge-node-e1zri in edge-node,4
635,80.729,Konnichiwa from hello-edge-node-e1zri in edge-node,4
636,69.69200000000001,Konnichiwa from hello-edge-node-e1zri in edge-node,4
637,84.047,Konnichiwa from hello-edge-node-e1zri in edge-node,4
638,66.741,Konnichiwa from hello-edge-node-e1zri in edge-node,4
639,70.275,Konnichiwa from hello-edge-node-e1zri in edge-node,4
640,73.151,Konnichiwa from hello-edge-node-e1zri in edge-node,4
641,68.857,Konnichiwa from hello-edge-node-e1zri in edge-node,4
642,75.68900000000001,Konnichiwa from hello-edge-node-e1zri in edge-node,4
643,65.241,Konnichiwa from hello-edge-node-e1zri in edge-node,4
644,80.398,Konnichiwa from hello-edge-node-e1zri in edge-node,4
645,70.674,Konnichiwa from hello-edge-node-e1zri in edge-node,4
646,64.829,Konnichiwa from hello-edge-node-e1zri in edge-node,4
647,70.233,Konnichiwa from hello-edge-node-e1zri in edge-node,4
648,81.062,Konnichiwa from hello-edge-node-e1zri in edge-node,4
649,64.853,Konnichiwa from hello-edge-node-e1zri in edge-node,4
650,70.321,Konnichiwa from hello-edge-node-e1zri in edge-node,4
651,69.289,Konnichiwa from hello-edge-node-e1zri in edge-node,4
652,75.252,Konnichiwa from hello-edge-node-e1zri in edge-node,4
653,81.76799999999999,Konnichiwa from hello-edge-node-e1zri in edge-node,4
654,64.806,Konnichiwa from hello-edge-node-e1zri in edge-node,4
655,80.735,Konnichiwa from hello-edge-node-e1zri in edge-node,4
656,80.815,Konnichiwa from hello-edge-node-e1zri in edge-node,4
657,81.572,Konnichiwa from hello-edge-node-e1zri in edge-node,4
658,77.434,Konnichiwa from hello-edge-node-e1zri in edge-node,4
659,84.167,Konnichiwa from hello-edge-node-e1zri in edge-node,4
660,82.687,Konnichiwa from hello-edge-node-e1zri in edge-node,4
661,76.041,Konnichiwa from hello-edge-node-e1zri in edge-node,4
662,69.29599999999999,Konnichiwa from hello-edge-node-e1zri in edge-node,4
663,75.85799999999999,Konnichiwa from hello-edge-node-e1zri in edge-node,4
664,71.625,Konnichiwa from hello-edge-node-e1zri in edge-node,4
665,69.81800000000001,Konnichiwa from hello-edge-node-e1zri in edge-node,4
666,78.014,Konnichiwa from hello-edge-node-e1zri in edge-node,4
667,69.676,Konnichiwa from hello-edge-node-e1zri in edge-node,4
668,76.28500000000001,Konnichiwa from hello-edge-node-e1zri in edge-node,4
669,70.782,Konnichiwa from hello-edge-node-e1zri in edge-node,4
670,72.787,Konnichiwa from hello-edge-node-e1zri in edge-node,4
671,82.816,Konnichiwa from hello-edge-node-e1zri in edge-node,4
672,71.785,Konnichiwa from hello-edge-node-e1zri in edge-node,4
673,69.601,Konnichiwa from hello-edge-node-e1zri in edge-node,4
674,80.40899999999999,Konnichiwa from hello-edge-node-e1zri in edge-node,4
675,70.75,Konnichiwa from hello-edge-node-e1zri in edge-node,4
676,81.728,Konnichiwa from hello-edge-node-e1zri in edge-node,4
677,82.73,Konnichiwa from hello-edge-node-e1zri in edge-node,4
678,79.131,Konnichiwa from hello-edge-node-e1zri in edge-node,4
679,79.27499999999999,Konnichiwa from hello-edge-node-e1zri in edge-node,4
680,79.391,Konnichiwa from hello-edge-node-e1zri in edge-node,4
681,84.232,Konnichiwa from hello-edge-node-e1zri in edge-node,4
682,70.755,Konnichiwa from hello-edge-node-e1zri in edge-node,4
683,66.818,Konnichiwa from hello-edge-node-e1zri in edge-node,4
684,83.689,Konnichiwa from hello-edge-node-e1zri in edge-node,4
685,73.23100000000001,Konnichiwa from hello-edge-node-e1zri in edge-node,4
686,71.972,Konnichiwa from hello-edge-node-e1zri in edge-node,4
687,66.88199999999999,Konnichiwa from hello-edge-node-e1zri in edge-node,4
688,79.859,Konnichiwa from hello-edge-node-e1zri in edge-node,4
689,79.72500000000001,Konnichiwa from hello-edge-node-e1zri in edge-node,4
690,90.30199999999999,Konnichiwa from hello-edge-node-e1zri in edge-node,4
691,83.76,Konnichiwa from hello-edge-node-e1zri in edge-node,4
692,80.696,Konnichiwa from hello-edge-node-e1zri in edge-node,4
693,71.837,Konnichiwa from hello-edge-node-e1zri in edge-node,4
694,66.057,Konnichiwa from hello-edge-node-e1zri in edge-node,4
695,76.489,Konnichiwa from hello-edge-node-e1zri in edge-node,4
696,82.815,Konnichiwa from hello-edge-node-e1zri in edge-node,4
697,69.21199999999999,Konnichiwa from hello-edge-node-e1zri in edge-node,4
698,66.985,Konnichiwa from hello-edge-node-e1zri in edge-node,4
699,82.929,Konnichiwa from hello-edge-node-e1zri in edge-node,4
700,73.275,Konnichiwa from hello-edge-node-e1zri in edge-node,4
701,82.69999999999999,Konnichiwa from hello-edge-node-e1zri in edge-node,4
702,72.755,Konnichiwa from hello-edge-node-e1zri in edge-node,4
703,72.87100000000001,Konnichiwa from hello-edge-node-e1zri in edge-node,4
704,66.275,Konnichiwa from hello-edge-node-e1zri in edge-node,4
705,76.30499999999999,Konnichiwa from hello-edge-node-e1zri in edge-node,4
706,80.301,Konnichiwa from hello-edge-node-e1zri in edge-node,4
707,66.694,Konnichiwa from hello-edge-node-e1zri in edge-node,4
708,77.207,Konnichiwa from hello-edge-node-e1zri in edge-node,4
709,78.254,Konnichiwa from hello-edge-node-e1zri in edge-node,4
710,77.33500000000001,Konnichiwa from hello-edge-node-e1zri in edge-node,4
711,66.497,Konnichiwa from hello-edge-node-e1zri in edge-node,4
712,74.80499999999999,Konnichiwa from hello-edge-node-e1zri in edge-node,4
713,78.333,Konnichiwa from hello-edge-node-e1zri in edge-node,4
714,74.487,Konnichiwa from hello-edge-node-e1zri in edge-node,4
715,72.764,Konnichiwa from hello-edge-node-e1zri in edge-node,4
716,67.29899999999999,Konnichiwa from hello-edge-node-e1zri in edge-node,4
717,74.914,Konnichiwa from hello-edge-node-e1zri in edge-node,4
718,76.836,Konnichiwa from hello-edge-node-e1zri in edge-node,4
719,69.232,Konnichiwa from hello-edge-node-e1zri in edge-node,4
720,80.384,Konnichiwa from hello-edge-node-e1zri in edge-node,4
721,72.902,Konnichiwa from hello-edge-node-e1zri in edge-node,4
722,77.282,Konnichiwa from hello-edge-node-e1zri in edge-node,4
723,70.525,Konnichiwa from hello-edge-node-e1zri in edge-node,4
724,81.024,Konnichiwa from hello-edge-node-e1zri in edge-node,4
725,80.239,Konnichiwa from hello-edge-node-e1zri in edge-node,4
726,81.634,Konnichiwa from hello-edge-node-e1zri in edge-node,4
727,66.655,Konnichiwa from hello-edge-node-e1zri in edge-node,4
728,83.245,Konnichiwa from hello-edge-node-e1zri in edge-node,4
729,79.72,Konnichiwa from hello-edge-node-e1zri in edge-node,4
730,69.179,Konnichiwa from hello-edge-node-e1zri in edge-node,4
731,80.701,Konnichiwa from hello-edge-node-e1zri in edge-node,4
732,71.685,Konnichiwa from hello-edge-node-e1zri in edge-node,4
733,70.343,Konnichiwa from hello-edge-node-e1zri in edge-node,4
734,69.555,Konnichiwa from hello-edge-node-e1zri in edge-node,4
735,81.27900000000001,Konnichiwa from hello-edge-node-e1zri in edge-node,4
736,83.228,Konnichiwa from hello-edge-node-e1zri in edge-node,4
737,71.30300000000001,Konnichiwa from hello-edge-node-e1zri in edge-node,4
738,80.019,Konnichiwa from hello-edge-node-e1zri in edge-node,4
739,81.83,Konnichiwa from hello-edge-node-e1zri in edge-node,4
740,76.396,Konnichiwa from hello-edge-node-e1zri in edge-node,4
741,84.38,Konnichiwa from hello-edge-node-e1zri in edge-node,4
742,74.06,Konnichiwa from hello-edge-node-e1zri in edge-node,4
743,76.83800000000001,Konnichiwa from hello-edge-node-e1zri in edge-node,4
744,73.77799999999999,Konnichiwa from hello-edge-node-e1zri in edge-node,4
745,70.31400000000001,Konnichiwa from hello-edge-node-e1zri in edge-node,4
746,68.865,Konnichiwa from hello-edge-node-e1zri in edge-node,4
747,79.306,Konnichiwa from hello-edge-node-e1zri in edge-node,4
748,67.701,Konnichiwa from hello-edge-node-e1zri in edge-node,4
749,66.738,Konnichiwa from hello-edge-node-e1zri in edge-node,4
750,72.97,Konnichiwa from hello-edge-node-e1zri in edge-node,4
751,65.818,Konnichiwa from hello-edge-node-e1zri in edge-node,4
752,70.76599999999999,Konnichiwa from hello-edge-node-e1zri in edge-node,4
753,68.2,Konnichiwa from hello-edge-node-e1zri in edge-node,4
754,83.31099999999999,Konnichiwa from hello-edge-node-e1zri in edge-node,4
755,75.583,Konnichiwa from hello-edge-node-e1zri in edge-node,4
756,77.818,Konnichiwa from hello-edge-node-e1zri in edge-node,4
757,82.89399999999999,Konnichiwa from hello-edge-node-e1zri in edge-node,4
758,68.752,Konnichiwa from hello-edge-node-e1zri in edge-node,4
759,75.504,Konnichiwa from hello-edge-node-e1zri in edge-node,4
760,70.25,Konnichiwa from hello-edge-node-e1zri in edge-node,4
761,65.826,Konnichiwa from hello-edge-node-e1zri in edge-node,4
762,81.426,Konnichiwa from hello-edge-node-e1zri in edge-node,4
763,70.28099999999999,Konnichiwa from hello-edge-node-e1zri in edge-node,4
764,83.775,Konnichiwa from hello-edge-node-e1zri in edge-node,4
765,77.196,Konnichiwa from hello-edge-node-e1zri in edge-node,4
766,69.328,Konnichiwa from hello-edge-node-e1zri in edge-node,4
767,75.202,Konnichiwa from hello-edge-node-e1zri in edge-node,4
768,79.754,Konnichiwa from hello-edge-node-e1zri in edge-node,4
769,73.28,Konnichiwa from hello-edge-node-e1zri in edge-node,4
770,65.304,Konnichiwa from hello-edge-node-e1zri in edge-node,4
771,81.342,Konnichiwa from hello-edge-node-e1zri in edge-node,4
772,84.27999999999999,Konnichiwa from hello-edge-node-e1zri in edge-node,4
773,66.25699999999999,Konnichiwa from hello-edge-node-e1zri in edge-node,4
774,75.681,Konnichiwa from hello-edge-node-e1zri in edge-node,4
775,73.36,Konnichiwa from hello-edge-node-e1zri in edge-node,4
776,78.238,Konnichiwa from hello-edge-node-e1zri in edge-node,4
777,74.795,Konnichiwa from hello-edge-node-e1zri in edge-node,4
778,65.20700000000001,Konnichiwa from hello-edge-node-e1zri in edge-node,4
779,65.704,Konnichiwa from hello-edge-node-e1zri in edge-node,4
780,73.818,Konnichiwa from hello-edge-node-e1zri in edge-node,4
781,82.71100000000001,Konnichiwa from hello-edge-node-e1zri in edge-node,4
782,66.11,Konnichiwa from hello-edge-node-e1zri in edge-node,4
783,67.90400000000001,Konnichiwa from hello-edge-node-e1zri in edge-node,4
784,79.747,Konnichiwa from hello-edge-node-e1zri in edge-node,4
785,76.45200000000001,Konnichiwa from hello-edge-node-e1zri in edge-node,4
786,74.378,Konnichiwa from hello-edge-node-e1zri in edge-node,4
787,78.781,Konnichiwa from hello-edge-node-e1zri in edge-node,4
788,79.82499999999999,Konnichiwa from hello-edge-node-e1zri in edge-node,4
789,72.80799999999999,Konnichiwa from hello-edge-node-e1zri in edge-node,4
790,65.001,Konnichiwa from hello-edge-node-e1zri in edge-node,4
791,81.439,Konnichiwa from hello-edge-node-e1zri in edge-node,4
792,75.253,Konnichiwa from hello-edge-node-e1zri in edge-node,4
793,78.17200000000001,Konnichiwa from hello-edge-node-e1zri in edge-node,4
794,71.259,Konnichiwa from hello-edge-node-e1zri in edge-node,4
795,73.678,Konnichiwa from hello-edge-node-e1zri in edge-node,4
796,75.25999999999999,Konnichiwa from hello-edge-node-e1zri in edge-node,4
797,66.94,Konnichiwa from hello-edge-node-e1zri in edge-node,4
798,73.567,Konnichiwa from hello-edge-node-e1zri in edge-node,4
799,75.704,Konnichiwa from hello-edge-node-e1zri in edge-node,4
800,75.265,Konnichiwa from hello-edge-node-e1zri in edge-node,4
801,72.20899999999999,Konnichiwa from hello-edge-node-e1zri in edge-node,4
802,76.712,Konnichiwa from hello-edge-node-e1zri in edge-node,4
803,69.84899999999999,Konnichiwa from hello-edge-node-e1zri in edge-node,4
804,69.122,Konnichiwa from hello-edge-node-e1zri in edge-node,4
805,65.819,Konnichiwa from hello-edge-node-e1zri in edge-node,4
806,80.756,Konnichiwa from hello-edge-node-e1zri in edge-node,4
807,73.91,Konnichiwa from hello-edge-node-e1zri in edge-node,4
808,73.781,Konnichiwa from hello-edge-node-e1zri in edge-node,4
809,72.30300000000001,Konnichiwa from hello-edge-node-e1zri in edge-node,4
810,81.126,Konnichiwa from hello-edge-node-e1zri in edge-node,4
811,64.649,Konnichiwa from hello-edge-node-e1zri in edge-node,4
812,75.19099999999999,Konnichiwa from hello-edge-node-e1zri in edge-node,4
813,68.65899999999999,Konnichiwa from hello-edge-node-e1zri in edge-node,4
814,81.68499999999999,Konnichiwa from hello-edge-node-e1zri in edge-node,4
815,67.663,Konnichiwa from hello-edge-node-e1zri in edge-node,4
816,79.678,Konnichiwa from hello-edge-node-e1zri in edge-node,4
817,68.85199999999999,Konnichiwa from hello-edge-node-e1zri in edge-node,4
818,68.413,Konnichiwa from hello-edge-node-e1zri in edge-node,4
819,70.703,Konnichiwa from hello-edge-node-e1zri in edge-node,4
820,66.283,Konnichiwa from hello-edge-node-e1zri in edge-node,4
821,67.8,Konnichiwa from hello-edge-node-e1zri in edge-node,4
822,75.82600000000001,Konnichiwa from hello-edge-node-e1zri in edge-node,4
823,83.756,Konnichiwa from hello-edge-node-e1zri in edge-node,4
824,69.326,Konnichiwa from hello-edge-node-e1zri in edge-node,4
825,80.744,Konnichiwa from hello-edge-node-e1zri in edge-node,4
826,74.205,Konnichiwa from hello-edge-node-e1zri in edge-node,4
827,74.202,Konnichiwa from hello-edge-node-e1zri in edge-node,4
828,74.76299999999999,Konnichiwa from hello-edge-node-e1zri in edge-node,4
829,78.94500000000001,Konnichiwa from hello-edge-node-e1zri in edge-node,4
830,84.84700000000001,Konnichiwa from hello-edge-node-e1zri in edge-node,4
831,74.322,Konnichiwa from hello-edge-node-e1zri in edge-node,4
832,68.29499999999999,Konnichiwa from hello-edge-node-e1zri in edge-node,4
833,82.354,Konnichiwa from hello-edge-node-e1zri in edge-node,4
834,75.31,Konnichiwa from hello-edge-node-e1zri in edge-node,4
835,65.316,Konnichiwa from hello-edge-node-e1zri in edge-node,4
836,66.277,Konnichiwa from hello-edge-node-e1zri in edge-node,4
837,69.90599999999999,Konnichiwa from hello-edge-node-e1zri in edge-node,4
838,79.33,Konnichiwa from hello-edge-node-e1zri in edge-node,4
839,76.35,Konnichiwa from hello-edge-node-e1zri in edge-node,4
840,78.148,Konnichiwa from hello-edge-node-e1zri in edge-node,4
841,72.618,Konnichiwa from hello-edge-node-e1zri in edge-node,4
842,65.292,Konnichiwa from hello-edge-node-e1zri in edge-node,4
843,80.297,Konnichiwa from hello-edge-node-e1zri in edge-node,4
844,79.831,Konnichiwa from hello-edge-node-e1zri in edge-node,4
845,72.331,Konnichiwa from hello-edge-node-e1zri in edge-node,4
846,66.99900000000001,Konnichiwa from hello-edge-node-e1zri in edge-node,4
847,73.122,Konnichiwa from hello-edge-node-e1zri in edge-node,4
848,77.762,Konnichiwa from hello-edge-node-e1zri in edge-node,4
849,74.83099999999999,Konnichiwa from hello-edge-node-e1zri in edge-node,4
850,80.504,Konnichiwa from hello-edge-node-e1zri in edge-node,4
851,72.827,Konnichiwa from hello-edge-node-e1zri in edge-node,4
852,73.802,Konnichiwa from hello-edge-node-e1zri in edge-node,4
853,72.31,Konnichiwa from hello-edge-node-e1zri in edge-node,4
854,73.767,Konnichiwa from hello-edge-node-e1zri in edge-node,4
855,64.711,Konnichiwa from hello-edge-node-e1zri in edge-node,4
856,79.807,Konnichiwa from hello-edge-node-e1zri in edge-node,4
857,65.75,Konnichiwa from hello-edge-node-e1zri in edge-node,4
858,68.376,Konnichiwa from hello-edge-node-e1zri in edge-node,4
859,71.774,Konnichiwa from hello-edge-node-e1zri in edge-node,4
860,77.784,Konnichiwa from hello-edge-node-e1zri in edge-node,4
861,84.257,Konnichiwa from hello-edge-node-e1zri in edge-node,4
862,70.173,Konnichiwa from hello-edge-node-e1zri in edge-node,4
863,64.852,Konnichiwa from hello-edge-node-e1zri in edge-node,4
864,81.735,Konnichiwa from hello-edge-node-e1zri in edge-node,4
865,77.752,Konnichiwa from hello-edge-node-e1zri in edge-node,4
866,66.777,Konnichiwa from hello-edge-node-e1zri in edge-node,4
867,76.31,Konnichiwa from hello-edge-node-e1zri in edge-node,4
868,67.18,Konnichiwa from hello-edge-node-e1zri in edge-node,4
869,80.34700000000001,Konnichiwa from hello-edge-node-e1zri in edge-node,4
870,80.251,Konnichiwa from hello-edge-node-e1zri in edge-node,4
871,72.714,Konnichiwa from hello-edge-node-e1zri in edge-node,4
872,76.60799999999999,Konnichiwa from hello-edge-node-e1zri in edge-node,4
873,78.551,Konnichiwa from hello-edge-node-e1zri in edge-node,4
874,81.354,Konnichiwa from hello-edge-node-e1zri in edge-node,4
875,71.392,Konnichiwa from hello-edge-node-e1zri in edge-node,4
876,83.854,Konnichiwa from hello-edge-node-e1zri in edge-node,4
877,67.94600000000001,Konnichiwa from hello-edge-node-e1zri in edge-node,4
878,66.555,Konnichiwa from hello-edge-node-e1zri in edge-node,4
879,66.733,Konnichiwa from hello-edge-node-e1zri in edge-node,4
880,72.214,Konnichiwa from hello-edge-node-e1zri in edge-node,4
881,70.743,Konnichiwa from hello-edge-node-e1zri in edge-node,4
882,65.541,Konnichiwa from hello-edge-node-e1zri in edge-node,4
883,66.694,Konnichiwa from hello-edge-node-e1zri in edge-node,4
884,81.44200000000001,Konnichiwa from hello-edge-node-e1zri in edge-node,4
885,68.943,Konnichiwa from hello-edge-node-e1zri in edge-node,4
886,65.641,Konnichiwa from hello-edge-node-e1zri in edge-node,4
887,66.89399999999999,Konnichiwa from hello-edge-node-e1zri in edge-node,4
888,70.29,Konnichiwa from hello-edge-node-e1zri in edge-node,4
889,79.75999999999999,Konnichiwa from hello-edge-node-e1zri in edge-node,4
890,83.441,Konnichiwa from hello-edge-node-e1zri in edge-node,4
891,78.254,Konnichiwa from hello-edge-node-e1zri in edge-node,4
892,71.254,Konnichiwa from hello-edge-node-e1zri in edge-node,4
893,83.272,Konnichiwa from hello-edge-node-e1zri in edge-node,4
894,79.372,Konnichiwa from hello-edge-node-e1zri in edge-node,4
895,70.387,Konnichiwa from hello-edge-node-e1zri in edge-node,4
896,72.294,Konnichiwa from hello-edge-node-e1zri in edge-node,4
897,78.009,Konnichiwa from hello-edge-node-e1zri in edge-node,4
898,76.056,Konnichiwa from hello-edge-node-e1zri in edge-node,4
899,69.18299999999999,Konnichiwa from hello-edge-node-e1zri in edge-node,4
900,80.866,Konnichiwa from hello-edge-node-e1zri in edge-node,4
901,65.301,Konnichiwa from hello-edge-node-e1zri in edge-node,4
902,67.86699999999999,Konnichiwa from hello-edge-node-e1zri in edge-node,4
903,71.285,Konnichiwa from hello-edge-node-e1zri in edge-node,4
904,73.281,Konnichiwa from hello-edge-node-e1zri in edge-node,4
905,83.01899999999999,Konnichiwa from hello-edge-node-e1zri in edge-node,4
906,75.288,Konnichiwa from hello-edge-node-e1zri in edge-node,4
907,77.85400000000001,Konnichiwa from hello-edge-node-e1zri in edge-node,4
908,73.20599999999999,Konnichiwa from hello-edge-node-e1zri in edge-node,4
909,69.292,Konnichiwa from hello-edge-node-e1zri in edge-node,4
910,83.145,Konnichiwa from hello-edge-node-e1zri in edge-node,4
911,64.71499999999999,Konnichiwa from hello-edge-node-e1zri in edge-node,4
912,83.228,Konnichiwa from hello-edge-node-e1zri in edge-node,4
913,64.66199999999999,Konnichiwa from hello-edge-node-e1zri in edge-node,4
914,84.226,Konnichiwa from hello-edge-node-e1zri in edge-node,4
915,74.26299999999999,Konnichiwa from hello-edge-node-e1zri in edge-node,4
916,79.0,Konnichiwa from hello-edge-node-e1zri in edge-node,4
917,67.182,Konnichiwa from hello-edge-node-e1zri in edge-node,4
918,74.875,Konnichiwa from hello-edge-node-e1zri in edge-node,4
919,67.873,Konnichiwa from hello-edge-node-e1zri in edge-node,4
920,67.366,Konnichiwa from hello-edge-node-e1zri in edge-node,4
921,70.31099999999999,Konnichiwa from hello-edge-node-e1zri in edge-node,4
922,83.89,Konnichiwa from hello-edge-node-e1zri in edge-node,4
923,79.78,Konnichiwa from hello-edge-node-e1zri in edge-node,4
924,72.743,Konnichiwa from hello-edge-node-e1zri in edge-node,4
925,69.774,Konnichiwa from hello-edge-node-e1zri in edge-node,4
926,68.861,Konnichiwa from hello-edge-node-e1zri in edge-node,4
927,69.52,Konnichiwa from hello-edge-node-e1zri in edge-node,4
928,79.778,Konnichiwa from hello-edge-node-e1zri in edge-node,4
929,68.902,Konnichiwa from hello-edge-node-e1zri in edge-node,4
930,72.86099999999999,Konnichiwa from hello-edge-node-e1zri in edge-node,4
931,77.806,Konnichiwa from hello-edge-node-e1zri in edge-node,4
932,74.02,Konnichiwa from hello-edge-node-e1zri in edge-node,4
933,78.215,Konnichiwa from hello-edge-node-e1zri in edge-node,4
934,76.487,Konnichiwa from hello-edge-node-e1zri in edge-node,4
935,66.741,Konnichiwa from hello-edge-node-e1zri in edge-node,4
936,70.81700000000001,Konnichiwa from hello-edge-node-e1zri in edge-node,4
937,82.17,Konnichiwa from hello-edge-node-e1zri in edge-node,4
938,65.485,Konnichiwa from hello-edge-node-e1zri in edge-node,4
939,73.756,Konnichiwa from hello-edge-node-e1zri in edge-node,4
940,66.305,Konnichiwa from hello-edge-node-e1zri in edge-node,4
941,65.729,Konnichiwa from hello-edge-node-e1zri in edge-node,4
942,72.149,Konnichiwa from hello-edge-node-e1zri in edge-node,4
943,68.244,Konnichiwa from hello-edge-node-e1zri in edge-node,4
944,82.387,Konnichiwa from hello-edge-node-e1zri in edge-node,4
945,73.095,Konnichiwa from hello-edge-node-e1zri in edge-node,4
946,83.787,Konnichiwa from hello-edge-node-e1zri in edge-node,4
947,80.318,Konnichiwa from hello-edge-node-e1zri in edge-node,4
948,73.911,Konnichiwa from hello-edge-node-e1zri in edge-node,4
949,71.108,Konnichiwa from hello-edge-node-e1zri in edge-node,4
950,78.341,Konnichiwa from hello-edge-node-e1zri in edge-node,4
951,71.929,Konnichiwa from hello-edge-node-e1zri in edge-node,4
952,79.293,Konnichiwa from hello-edge-node-e1zri in edge-node,4
953,69.325,Konnichiwa from hello-edge-node-e1zri in edge-node,4
954,76.35,Konnichiwa from hello-edge-node-e1zri in edge-node,4
955,83.75,Konnichiwa from hello-edge-node-e1zri in edge-node,4
956,65.011,Konnichiwa from hello-edge-node-e1zri in edge-node,4
957,79.97200000000001,Konnichiwa from hello-edge-node-e1zri in edge-node,4
958,67.787,Konnichiwa from hello-edge-node-e1zri in edge-node,4
959,76.705,Konnichiwa from hello-edge-node-e1zri in edge-node,4
960,64.256,Konnichiwa from hello-edge-node-e1zri in edge-node,4
961,74.926,Konnichiwa from hello-edge-node-e1zri in edge-node,4
962,65.391,Konnichiwa from hello-edge-node-e1zri in edge-node,4
963,83.23700000000001,Konnichiwa from hello-edge-node-e1zri in edge-node,4
964,65.733,Konnichiwa from hello-edge-node-e1zri in edge-node,4
965,81.712,Konnichiwa from hello-edge-node-e1zri in edge-node,4
966,64.756,Konnichiwa from hello-edge-node-e1zri in edge-node,4
967,71.003,Konnichiwa from hello-edge-node-e1zri in edge-node,4
968,82.83600000000001,Konnichiwa from hello-edge-node-e1zri in edge-node,4
969,64.786,Konnichiwa from hello-edge-node-e1zri in edge-node,4
970,84.759,Konnichiwa from hello-edge-node-e1zri in edge-node,4
971,83.45,Konnichiwa from hello-edge-node-e1zri in edge-node,4
972,81.52900000000001,Konnichiwa from hello-edge-node-e1zri in edge-node,4
973,78.378,Konnichiwa from hello-edge-node-e1zri in edge-node,4
974,66.205,Konnichiwa from hello-edge-node-e1zri in edge-node,4
975,80.197,Konnichiwa from hello-edge-node-e1zri in edge-node,4
976,72.78999999999999,Konnichiwa from hello-edge-node-e1zri in edge-node,4
977,72.963,Konnichiwa from hello-edge-node-e1zri in edge-node,4
978,67.197,Konnichiwa from hello-edge-node-e1zri in edge-node,4
979,71.049,Konnichiwa from hello-edge-node-e1zri in edge-node,4
980,65.308,Konnichiwa from hello-edge-node-e1zri in edge-node,4
981,74.655,Konnichiwa from hello-edge-node-e1zri in edge-node,4
982,71.268,Konnichiwa from hello-edge-node-e1zri in edge-node,4
983,76.19800000000001,Konnichiwa from hello-edge-node-e1zri in edge-node,4
984,69.795,Konnichiwa from hello-edge-node-e1zri in edge-node,4
985,81.089,Konnichiwa from hello-edge-node-e1zri in edge-node,4
986,76.89699999999999,Konnichiwa from hello-edge-node-e1zri in edge-node,4
987,78.781,Konnichiwa from hello-edge-node-e1zri in edge-node,4
988,83.29899999999999,Konnichiwa from hello-edge-node-e1zri in edge-node,4
989,75.94,Konnichiwa from hello-edge-node-e1zri in edge-node,4
990,65.714,Konnichiwa from hello-edge-node-e1zri in edge-node,4
991,83.557,Konnichiwa from hello-edge-node-e1zri in edge-node,4
992,72.673,Konnichiwa from hello-edge-node-e1zri in edge-node,4
993,64.922,Konnichiwa from hello-edge-node-e1zri in edge-node,4
994,80.334,Konnichiwa from hello-edge-node-e1zri in edge-node,4
995,65.828,Konnichiwa from hello-edge-node-e1zri in edge-node,4
996,68.168,Konnichiwa from hello-edge-node-e1zri in edge-node,4
997,77.818,Konnichiwa from hello-edge-node-e1zri in edge-node,4
998,84.83300000000001,Konnichiwa from hello-edge-node-e1zri in edge-node,4
999,76.303,Konnichiwa from hello-edge-node-e1zri in edge-node,4
1000,81.303,Konnichiwa from hello-edge-node-e1zri in edge-node,4
1001,76.414,Konnichiwa from hello-edge-node-e1zri in edge-node,4
1002,78.61999999999999,Konnichiwa from hello-edge-node-e1zri in edge-node,4
1003,65.88199999999999,Konnichiwa from hello-edge-node-e1zri in edge-node,4
1004,83.813,Konnichiwa from hello-edge-node-e1zri in edge-node,4
1005,71.42099999999999,Konnichiwa from hello-edge-node-e1zri in edge-node,4
1006,76.8,Konnichiwa from hello-edge-node-e1zri in edge-node,4
1007,75.294,Konnichiwa from hello-edge-node-e1zri in edge-node,4
1008,71.775,Konnichiwa from hello-edge-node-e1zri in edge-node,4
1009,71.661,Konnichiwa from hello-edge-node-e1zri in edge-node,4
1010,77.229,Konnichiwa from hello-edge-node-e1zri in edge-node,4
1011,65.14,Konnichiwa from hello-edge-node-e1zri in edge-node,4
1012,64.822,Konnichiwa from hello-edge-node-e1zri in edge-node,4
1013,67.725,Konnichiwa from hello-edge-node-e1zri in edge-node,4
1014,84.67099999999999,Konnichiwa from hello-edge-node-e1zri in edge-node,4
1015,72.999,Konnichiwa from hello-edge-node-e1zri in edge-node,4
1016,77.345,Konnichiwa from hello-edge-node-e1zri in edge-node,4
1017,74.272,Konnichiwa from hello-edge-node-e1zri in edge-node,4
1018,70.835,Konnichiwa from hello-edge-node-e1zri in edge-node,4
1019,72.264,Konnichiwa from hello-edge-node-e1zri in edge-node,4
1020,73.725,Konnichiwa from hello-edge-node-e1zri in edge-node,4
1021,67.384,Konnichiwa from hello-edge-node-e1zri in edge-node,4
1022,84.285,Konnichiwa from hello-edge-node-e1zri in edge-node,4
1023,72.233,Konnichiwa from hello-edge-node-e1zri in edge-node,4
1024,77.24799999999999,Konnichiwa from hello-edge-node-e1zri in edge-node,4
1025,65.386,Konnichiwa from hello-edge-node-e1zri in edge-node,4
1026,83.32100000000001,Konnichiwa from hello-edge-node-e1zri in edge-node,4
1027,72.517,Konnichiwa from hello-edge-node-e1zri in edge-node,4
1028,70.76599999999999,Konnichiwa from hello-edge-node-e1zri in edge-node,4
1029,71.824,Konnichiwa from hello-edge-node-e1zri in edge-node,4
1030,73.822,Konnichiwa from hello-edge-node-e1zri in edge-node,4
1031,71.866,Konnichiwa from hello-edge-node-e1zri in edge-node,4
1032,69.81700000000001,Konnichiwa from hello-edge-node-e1zri in edge-node,4
1033,77.78,Konnichiwa from hello-edge-node-e1zri in edge-node,4
1034,77.004,Konnichiwa from hello-edge-node-e1zri in edge-node,4
1035,81.94500000000001,Konnichiwa from hello-edge-node-e1zri in edge-node,4
1036,66.736,Konnichiwa from hello-edge-node-e1zri in edge-node,4
1037,69.73,Konnichiwa from hello-edge-node-e1zri in edge-node,4
1038,74.449,Konnichiwa from hello-edge-node-e1zri in edge-node,4
1039,77.913,Konnichiwa from hello-edge-node-e1zri in edge-node,4
1040,82.87400000000001,Konnichiwa from hello-edge-node-e1zri in edge-node,4
1041,79.85499999999999,Konnichiwa from hello-edge-node-e1zri in edge-node,4
1042,78.243,Konnichiwa from hello-edge-node-e1zri in edge-node,4
1043,64.91900000000001,Konnichiwa from hello-edge-node-e1zri in edge-node,4
1044,65.125,Konnichiwa from hello-edge-node-e1zri in edge-node,4
1045,65.793,Konnichiwa from hello-edge-node-e1zri in edge-node,4
1046,78.47500000000001,Konnichiwa from hello-edge-node-e1zri in edge-node,4
1047,82.753,Konnichiwa from hello-edge-node-e1zri in edge-node,4
1048,69.221,Konnichiwa from hello-edge-node-e1zri in edge-node,4
1049,75.35799999999999,Konnichiwa from hello-edge-node-e1zri in edge-node,4
1050,76.92,Konnichiwa from hello-edge-node-e1zri in edge-node,4
1051,66.431,Konnichiwa from hello-edge-node-e1zri in edge-node,4
1052,71.228,Konnichiwa from hello-edge-node-e1zri in edge-node,4
1053,70.685,Konnichiwa from hello-edge-node-e1zri in edge-node,4
1054,81.633,Konnichiwa from hello-edge-node-e1zri in edge-node,4
1055,73.335,Konnichiwa from hello-edge-node-e1zri in edge-node,4
1056,75.101,Konnichiwa from hello-edge-node-e1zri in edge-node,4
1057,77.3,Konnichiwa from hello-edge-node-e1zri in edge-node,4
1058,82.608,Konnichiwa from hello-edge-node-e1zri in edge-node,4
1059,77.827,Konnichiwa from hello-edge-node-e1zri in edge-node,4
1060,76.359,Konnichiwa from hello-edge-node-e1zri in edge-node,4
1061,70.257,Konnichiwa from hello-edge-node-e1zri in edge-node,4
1062,70.662,Konnichiwa from hello-edge-node-e1zri in edge-node,4
1063,71.659,Konnichiwa from hello-edge-node-e1zri in edge-node,4
1064,76.283,Konnichiwa from hello-edge-node-e1zri in edge-node,4
1065,79.239,Konnichiwa from hello-edge-node-e1zri in edge-node,4
1066,71.40100000000001,Konnichiwa from hello-edge-node-e1zri in edge-node,4
1067,76.846,Konnichiwa from hello-edge-node-e1zri in edge-node,4
1068,80.744,Konnichiwa from hello-edge-node-e1zri in edge-node,4
1069,81.766,Konnichiwa from hello-edge-node-e1zri in edge-node,4
1070,70.46900000000001,Konnichiwa from hello-edge-node-e1zri in edge-node,4
1071,71.86099999999999,Konnichiwa from hello-edge-node-e1zri in edge-node,4
1072,74.20400000000001,Konnichiwa from hello-edge-node-e1zri in edge-node,4
1073,75.779,Konnichiwa from hello-edge-node-e1zri in edge-node,4
1074,75.244,Konnichiwa from hello-edge-node-e1zri in edge-node,4
1075,72.71900000000001,Konnichiwa from hello-edge-node-e1zri in edge-node,4
1076,76.95,Konnichiwa from hello-edge-node-e1zri in edge-node,4
1077,82.268,Konnichiwa from hello-edge-node-e1zri in edge-node,4
1078,78.854,Konnichiwa from hello-edge-node-e1zri in edge-node,4
1079,70.804,Konnichiwa from hello-edge-node-e1zri in edge-node,4
1080,66.66900000000001,Konnichiwa from hello-edge-node-e1zri in edge-node,4
1081,69.576,Konnichiwa from hello-edge-node-e1zri in edge-node,4
1082,81.92099999999999,Konnichiwa from hello-edge-node-e1zri in edge-node,4
1083,69.797,Konnichiwa from hello-edge-node-e1zri in edge-node,4
1084,65.953,Konnichiwa from hello-edge-node-e1zri in edge-node,4
1085,76.819,Konnichiwa from hello-edge-node-e1zri in edge-node,4
1086,80.27,Konnichiwa from hello-edge-node-e1zri in edge-node,4
1087,76.39999999999999,Konnichiwa from hello-edge-node-e1zri in edge-node,4
1088,82.774,Konnichiwa from hello-edge-node-e1zri in edge-node,4
1089,75.73,Konnichiwa from hello-edge-node-e1zri in edge-node,4
1090,73.015,Konnichiwa from hello-edge-node-e1zri in edge-node,4
1091,74.60799999999999,Konnichiwa from hello-edge-node-e1zri in edge-node,4
1092,83.315,Konnichiwa from hello-edge-node-e1zri in edge-node,4
1093,74.068,Konnichiwa from hello-edge-node-e1zri in edge-node,4
1094,69.059,Konnichiwa from hello-edge-node-e1zri in edge-node,4
1095,85.228,Konnichiwa from hello-edge-node-e1zri in edge-node,4
1096,70.998,Konnichiwa from hello-edge-node-e1zri in edge-node,4
1097,80.682,Konnichiwa from hello-edge-node-e1zri in edge-node,4
1098,84.395,Konnichiwa from hello-edge-node-e1zri in edge-node,4
1099,71.813,Konnichiwa from hello-edge-node-e1zri in edge-node,4
1100,79.276,Konnichiwa from hello-edge-node-e1zri in edge-node,4
1101,71.48400000000001,Konnichiwa from hello-edge-node-e1zri in edge-node,4
1102,81.254,Konnichiwa from hello-edge-node-e1zri in edge-node,4
1103,81.28,Konnichiwa from hello-edge-node-e1zri in edge-node,4
1104,68.80600000000001,Konnichiwa from hello-edge-node-e1zri in edge-node,4
1105,78.089,Konnichiwa from hello-edge-node-e1zri in edge-node,4
1106,84.756,Konnichiwa from hello-edge-node-e1zri in edge-node,4
1107,82.23700000000001,Konnichiwa from hello-edge-node-e1zri in edge-node,4
1108,78.888,Konnichiwa from hello-edge-node-e1zri in edge-node,4
1109,67.979,Konnichiwa from hello-edge-node-e1zri in edge-node,4
1110,66.27199999999999,Konnichiwa from hello-edge-node-e1zri in edge-node,4
1111,72.809,Konnichiwa from hello-edge-node-e1zri in edge-node,4
1112,81.845,Konnichiwa from hello-edge-node-e1zri in edge-node,4
1113,83.313,Konnichiwa from hello-edge-node-e1zri in edge-node,4
1114,64.25699999999999,Konnichiwa from hello-edge-node-e1zri in edge-node,4
1115,69.795,Konnichiwa from hello-edge-node-e1zri in edge-node,4
1116,75.34200000000001,Konnichiwa from hello-edge-node-e1zri in edge-node,4
1117,77.841,Konnichiwa from hello-edge-node-e1zri in edge-node,4
1118,81.318,Konnichiwa from hello-edge-node-e1zri in edge-node,4
1119,82.969,Konnichiwa from hello-edge-node-e1zri in edge-node,4
1120,71.199,Konnichiwa from hello-edge-node-e1zri in edge-node,4
1121,72.713,Konnichiwa from hello-edge-node-e1zri in edge-node,4
1122,67.209,Konnichiwa from hello-edge-node-e1zri in edge-node,4
1123,80.556,Konnichiwa from hello-edge-node-e1zri in edge-node,4
1124,78.411,Konnichiwa from hello-edge-node-e1zri in edge-node,4
1125,66.89399999999999,Konnichiwa from hello-edge-node-e1zri in edge-node,4
1126,71.77799999999999,Konnichiwa from hello-edge-node-e1zri in edge-node,4
1127,84.369,Konnichiwa from hello-edge-node-e1zri in edge-node,4
1128,69.81700000000001,Konnichiwa from hello-edge-node-e1zri in edge-node,4
1129,82.496,Konnichiwa from hello-edge-node-e1zri in edge-node,4
1130,78.768,Konnichiwa from hello-edge-node-e1zri in edge-node,4
1131,64.792,Konnichiwa from hello-edge-node-e1zri in edge-node,4
1132,78.25699999999999,Konnichiwa from hello-edge-node-e1zri in edge-node,4
1133,78.81,Konnichiwa from hello-edge-node-e1zri in edge-node,4
1134,73.792,Konnichiwa from hello-edge-node-e1zri in edge-node,4
1135,72.797,Konnichiwa from hello-edge-node-e1zri in edge-node,4
1136,70.287,Konnichiwa from hello-edge-node-e1zri in edge-node,4
1137,76.295,Konnichiwa from hello-edge-node-e1zri in edge-node,4
1138,83.417,Konnichiwa from hello-edge-node-e1zri in edge-node,4
1139,70.4,Konnichiwa from hello-edge-node-e1zri in edge-node,4
1140,75.099,Konnichiwa from hello-edge-node-e1zri in edge-node,4
1141,71.479,Konnichiwa from hello-edge-node-e1zri in edge-node,4
1142,75.086,Konnichiwa from hello-edge-node-e1zri in edge-node,4
1143,71.301,Konnichiwa from hello-edge-node-e1zri in edge-node,4
1144,81.353,Konnichiwa from hello-edge-node-e1zri in edge-node,4
1145,84.21900000000001,Konnichiwa from hello-edge-node-e1zri in edge-node,4
1146,65.701,Konnichiwa from hello-edge-node-e1zri in edge-node,4
1147,69.82,Konnichiwa from hello-edge-node-e1zri in edge-node,4
1148,65.672,Konnichiwa from hello-edge-node-e1zri in edge-node,4
1149,83.747,Konnichiwa from hello-edge-node-e1zri in edge-node,4
1150,71.742,Konnichiwa from hello-edge-node-e1zri in edge-node,4
1151,69.45400000000001,Konnichiwa from hello-edge-node-e1zri in edge-node,4
1152,82.55999999999999,Konnichiwa from hello-edge-node-e1zri in edge-node,4
1153,84.72300000000001,Konnichiwa from hello-edge-node-e1zri in edge-node,4
1154,67.244,Konnichiwa from hello-edge-node-e1zri in edge-node,4
1155,83.951,Konnichiwa from hello-edge-node-e1zri in edge-node,4
1156,66.719,Konnichiwa from hello-edge-node-e1zri in edge-node,4
1157,82.94200000000001,Konnichiwa from hello-edge-node-e1zri in edge-node,4
1158,76.359,Konnichiwa from hello-edge-node-e1zri in edge-node,4
1159,66.34700000000001,Konnichiwa from hello-edge-node-e1zri in edge-node,4
1160,65.77900000000001,Konnichiwa from hello-edge-node-e1zri in edge-node,4
1161,69.29299999999999,Konnichiwa from hello-edge-node-e1zri in edge-node,4
1162,78.242,Konnichiwa from hello-edge-node-e1zri in edge-node,4
1163,68.88,Konnichiwa from hello-edge-node-e1zri in edge-node,4
1164,66.32499999999999,Konnichiwa from hello-edge-node-e1zri in edge-node,4
1165,80.439,Konnichiwa from hello-edge-node-e1zri in edge-node,4
1166,73.703,Konnichiwa from hello-edge-node-e1zri in edge-node,4
1167,79.349,Konnichiwa from hello-edge-node-e1zri in edge-node,4
1168,65.716,Konnichiwa from hello-edge-node-e1zri in edge-node,4
1169,71.218,Konnichiwa from hello-edge-node-e1zri in edge-node,4
1170,82.063,Konnichiwa from hello-edge-node-e1zri in edge-node,4
1171,80.261,Konnichiwa from hello-edge-node-e1zri in edge-node,4
1172,68.846,Konnichiwa from hello-edge-node-e1zri in edge-node,4
1173,67.38900000000001,Konnichiwa from hello-edge-node-e1zri in edge-node,4
1174,82.21000000000001,Konnichiwa from hello-edge-node-e1zri in edge-node,4
1175,77.936,Konnichiwa from hello-edge-node-e1zri in edge-node,4
1176,78.825,Konnichiwa from hello-edge-node-e1zri in edge-node,4
1177,81.10499999999999,Konnichiwa from hello-edge-node-e1zri in edge-node,4
1178,66.884,Konnichiwa from hello-edge-node-e1zri in edge-node,4
1179,75.238,Konnichiwa from hello-edge-node-e1zri in edge-node,4
1180,80.748,Konnichiwa from hello-edge-node-e1zri in edge-node,4
1181,67.825,Konnichiwa from hello-edge-node-e1zri in edge-node,4
1182,82.0,Konnichiwa from hello-edge-node-e1zri in edge-node,4
1183,83.79599999999999,Konnichiwa from hello-edge-node-e1zri in edge-node,4
1184,74.977,Konnichiwa from hello-edge-node-e1zri in edge-node,4
1185,82.003,Konnichiwa from hello-edge-node-e1zri in edge-node,4
1186,67.245,Konnichiwa from hello-edge-node-e1zri in edge-node,4
1187,74.864,Konnichiwa from hello-edge-node-e1zri in edge-node,4
1188,68.34899999999999,Konnichiwa from hello-edge-node-e1zri in edge-node,4
1189,74.42,Konnichiwa from hello-edge-node-e1zri in edge-node,4
1190,68.162,Konnichiwa from hello-edge-node-e1zri in edge-node,4
1191,66.305,Konnichiwa from hello-edge-node-e1zri in edge-node,4
1192,79.128,Konnichiwa from hello-edge-node-e1zri in edge-node,4
1193,65.53699999999999,Konnichiwa from hello-edge-node-e1zri in edge-node,4
1194,67.372,Konnichiwa from hello-edge-node-e1zri in edge-node,4
1195,82.15,Konnichiwa from hello-edge-node-e1zri in edge-node,4
1196,69.27600000000001,Konnichiwa from hello-edge-node-e1zri in edge-node,4
1197,67.688,Konnichiwa from hello-edge-node-e1zri in edge-node,4
1198,67.262,Konnichiwa from hello-edge-node-e1zri in edge-node,4
1199,71.762,Konnichiwa from hello-edge-node-e1zri in edge-node,4
1200,82.104,Konnichiwa from hello-edge-node-e1zri in edge-node,4
1201,69.206,Konnichiwa from hello-edge-node-e1zri in edge-node,4
1202,81.939,Konnichiwa from hello-edge-node-e1zri in edge-node,4
1203,64.75699999999999,Konnichiwa from hello-edge-node-e1zri in edge-node,4
1204,84.256,Konnichiwa from hello-edge-node-e1zri in edge-node,4
1205,78.346,Konnichiwa from hello-edge-node-e1zri in edge-node,4
1206,83.168,Konnichiwa from hello-edge-node-e1zri in edge-node,4
1207,75.257,Konnichiwa from hello-edge-node-e1zri in edge-node,4
1208,70.422,Konnichiwa from hello-edge-node-e1zri in edge-node,4
1209,82.69999999999999,Konnichiwa from hello-edge-node-e1zri in edge-node,4
1210,78.56200000000001,Konnichiwa from hello-edge-node-e1zri in edge-node,4
1211,65.931,Konnichiwa from hello-edge-node-e1zri in edge-node,4
1212,69.68599999999999,Konnichiwa from hello-edge-node-e1zri in edge-node,4
1213,65.22999999999999,Konnichiwa from hello-edge-node-e1zri in edge-node,4
1214,78.336,Konnichiwa from hello-edge-node-e1zri in edge-node,4
1215,68.241,Konnichiwa from hello-edge-node-e1zri in edge-node,4
1216,81.789,Konnichiwa from hello-edge-node-e1zri in edge-node,4
1217,67.228,Konnichiwa from hello-edge-node-e1zri in edge-node,4
1218,73.69000000000001,Konnichiwa from hello-edge-node-e1zri in edge-node,4
1219,65.32300000000001,Konnichiwa from hello-edge-node-e1zri in edge-node,4
1220,70.228,Konnichiwa from hello-edge-node-e1zri in edge-node,4
1221,66.239,Konnichiwa from hello-edge-node-e1zri in edge-node,4
1222,82.458,Konnichiwa from hello-edge-node-e1zri in edge-node,4
1223,70.24600000000001,Konnichiwa from hello-edge-node-e1zri in edge-node,4
1224,73.4,Konnichiwa from hello-edge-node-e1zri in edge-node,4
1225,77.792,Konnichiwa from hello-edge-node-e1zri in edge-node,4
1226,70.152,Konnichiwa from hello-edge-node-e1zri in edge-node,4
1227,81.262,Konnichiwa from hello-edge-node-e1zri in edge-node,4
1228,66.926,Konnichiwa from hello-edge-node-e1zri in edge-node,4
1229,70.789,Konnichiwa from hello-edge-node-e1zri in edge-node,4
1230,80.19900000000001,Konnichiwa from hello-edge-node-e1zri in edge-node,4
1231,75.83800000000001,Konnichiwa from hello-edge-node-e1zri in edge-node,4
1232,65.995,Konnichiwa from hello-edge-node-e1zri in edge-node,4
1233,75.099,Konnichiwa from hello-edge-node-e1zri in edge-node,4
1234,69.736,Konnichiwa from hello-edge-node-e1zri in edge-node,4
1235,72.295,Konnichiwa from hello-edge-node-e1zri in edge-node,4
1236,79.849,Konnichiwa from hello-edge-node-e1zri in edge-node,4
1237,83.371,Konnichiwa from hello-edge-node-e1zri in edge-node,4
1238,76.222,Konnichiwa from hello-edge-node-e1zri in edge-node,4
1239,72.932,Konnichiwa from hello-edge-node-e1zri in edge-node,4
1240,65.293,Konnichiwa from hello-edge-node-e1zri in edge-node,4
1241,68.803,Konnichiwa from hello-edge-node-e1zri in edge-node,4
1242,76.246,Konnichiwa from hello-edge-node-e1zri in edge-node,4
1243,72.27300000000001,Konnichiwa from hello-edge-node-e1zri in edge-node,4
1244,78.81,Konnichiwa from hello-edge-node-e1zri in edge-node,4
1245,68.08699999999999,Konnichiwa from hello-edge-node-e1zri in edge-node,4
1246,73.97099999999999,Konnichiwa from hello-edge-node-e1zri in edge-node,4
1247,65.773,Konnichiwa from hello-edge-node-e1zri in edge-node,4
1248,74.91499999999999,Konnichiwa from hello-edge-node-e1zri in edge-node,4
1249,70.449,Konnichiwa from hello-edge-node-e1zri in edge-node,4
1250,68.328,Konnichiwa from hello-edge-node-e1zri in edge-node,4
1251,82.48,Konnichiwa from hello-edge-node-e1zri in edge-node,4
1252,69.63600000000001,Konnichiwa from hello-edge-node-e1zri in edge-node,4
1253,81.786,Konnichiwa from hello-edge-node-e1zri in edge-node,4
1254,80.717,Konnichiwa from hello-edge-node-e1zri in edge-node,4
1255,65.18599999999999,Konnichiwa from hello-edge-node-e1zri in edge-node,4
1256,74.80799999999999,Konnichiwa from hello-edge-node-e1zri in edge-node,4
1257,74.459,Konnichiwa from hello-edge-node-e1zri in edge-node,4
1258,73.622,Konnichiwa from hello-edge-node-e1zri in edge-node,4
1259,66.697,Konnichiwa from hello-edge-node-e1zri in edge-node,4
1260,71.287,Konnichiwa from hello-edge-node-e1zri in edge-node,4
1261,78.303,Konnichiwa from hello-edge-node-e1zri in edge-node,4
1262,77.35300000000001,Konnichiwa from hello-edge-node-e1zri in edge-node,4
1263,82.78,Konnichiwa from hello-edge-node-e1zri in edge-node,4
1264,83.539,Konnichiwa from hello-edge-node-e1zri in edge-node,4
1265,67.238,Konnichiwa from hello-edge-node-e1zri in edge-node,4
1266,71.74600000000001,Konnichiwa from hello-edge-node-e1zri in edge-node,4
1267,80.765,Konnichiwa from hello-edge-node-e1zri in edge-node,4
1268,78.61999999999999,Konnichiwa from hello-edge-node-e1zri in edge-node,4
1269,69.34400000000001,Konnichiwa from hello-edge-node-e1zri in edge-node,4
1270,66.21199999999999,Konnichiwa from hello-edge-node-e1zri in edge-node,4
1271,83.7,Konnichiwa from hello-edge-node-e1zri in edge-node,4
1272,76.72500000000001,Konnichiwa from hello-edge-node-e1zri in edge-node,4
1273,68.305,Konnichiwa from hello-edge-node-e1zri in edge-node,4
1274,82.39699999999999,Konnichiwa from hello-edge-node-e1zri in edge-node,4
1275,77.34,Konnichiwa from hello-edge-node-e1zri in edge-node,4
1276,78.443,Konnichiwa from hello-edge-node-e1zri in edge-node,4
1277,78.17999999999999,Konnichiwa from hello-edge-node-e1zri in edge-node,4
1278,81.793,Konnichiwa from hello-edge-node-e1zri in edge-node,4
1279,76.779,Konnichiwa from hello-edge-node-e1zri in edge-node,4
1280,74.45400000000001,Konnichiwa from hello-edge-node-e1zri in edge-node,4
1281,81.334,Konnichiwa from hello-edge-node-e1zri in edge-node,4
1282,67.90599999999999,Konnichiwa from hello-edge-node-e1zri in edge-node,4
1283,66.15899999999999,Konnichiwa from hello-edge-node-e1zri in edge-node,4
1284,75.649,Konnichiwa from hello-edge-node-e1zri in edge-node,4
1285,73.82900000000001,Konnichiwa from hello-edge-node-e1zri in edge-node,4
1286,75.541,Konnichiwa from hello-edge-node-e1zri in edge-node,4
1287,66.021,Konnichiwa from hello-edge-node-e1zri in edge-node,4
1288,75.832,Konnichiwa from hello-edge-node-e1zri in edge-node,4
1289,77.758,Konnichiwa from hello-edge-node-e1zri in edge-node,4
1290,76.27799999999999,Konnichiwa from hello-edge-node-e1zri in edge-node,4
1291,64.947,Konnichiwa from hello-edge-node-e1zri in edge-node,4
1292,71.92800000000001,Konnichiwa from hello-edge-node-e1zri in edge-node,4
1293,74.35300000000001,Konnichiwa from hello-edge-node-e1zri in edge-node,4
1294,74.424,Konnichiwa from hello-edge-node-e1zri in edge-node,4
1295,68.26400000000001,Konnichiwa from hello-edge-node-e1zri in edge-node,4
1296,81.322,Konnichiwa from hello-edge-node-e1zri in edge-node,4
1297,74.919,Konnichiwa from hello-edge-node-e1zri in edge-node,4
1298,82.857,Konnichiwa from hello-edge-node-e1zri in edge-node,4
1299,64.709,Konnichiwa from hello-edge-node-e1zri in edge-node,4
1300,76.42,Konnichiwa from hello-edge-node-e1zri in edge-node,4
1301,75.308,Konnichiwa from hello-edge-node-e1zri in edge-node,4
1302,83.369,Konnichiwa from hello-edge-node-e1zri in edge-node,4
1303,76.249,Konnichiwa from hello-edge-node-e1zri in edge-node,4
1304,67.26400000000001,Konnichiwa from hello-edge-node-e1zri in edge-node,4
1305,80.528,Konnichiwa from hello-edge-node-e1zri in edge-node,4
1306,76.89500000000001,Konnichiwa from hello-edge-node-e1zri in edge-node,4
1307,82.443,Konnichiwa from hello-edge-node-e1zri in edge-node,4
1308,66.881,Konnichiwa from hello-edge-node-e1zri in edge-node,4
1309,66.822,Konnichiwa from hello-edge-node-e1zri in edge-node,4
1310,75.256,Konnichiwa from hello-edge-node-e1zri in edge-node,4
1311,80.842,Konnichiwa from hello-edge-node-e1zri in edge-node,4
1312,67.763,Konnichiwa from hello-edge-node-e1zri in edge-node,4
1313,77.336,Konnichiwa from hello-edge-node-e1zri in edge-node,4
1314,82.895,Konnichiwa from hello-edge-node-e1zri in edge-node,4
1315,73.39,Konnichiwa from hello-edge-node-e1zri in edge-node,4
1316,64.853,Konnichiwa from hello-edge-node-e1zri in edge-node,4
1317,83.82000000000001,Konnichiwa from hello-edge-node-e1zri in edge-node,4
1318,82.038,Konnichiwa from hello-edge-node-e1zri in edge-node,4
1319,79.894,Konnichiwa from hello-edge-node-e1zri in edge-node,4
1320,69.246,Konnichiwa from hello-edge-node-e1zri in edge-node,4
1321,81.77199999999999,Konnichiwa from hello-edge-node-e1zri in edge-node,4
1322,82.65400000000001,Konnichiwa from hello-edge-node-e1zri in edge-node,4
1323,66.814,Konnichiwa from hello-edge-node-e1zri in edge-node,4
1324,68.922,Konnichiwa from hello-edge-node-e1zri in edge-node,4
1325,75.682,Konnichiwa from hello-edge-node-e1zri in edge-node,4
1326,74.143,Konnichiwa from hello-edge-node-e1zri in edge-node,4
1327,78.536,Konnichiwa from hello-edge-node-e1zri in edge-node,4
1328,74.057,Konnichiwa from hello-edge-node-e1zri in edge-node,4
1329,71.20700000000001,Konnichiwa from hello-edge-node-e1zri in edge-node,4
1330,72.88300000000001,Konnichiwa from hello-edge-node-e1zri in edge-node,4
1331,64.43400000000001,Konnichiwa from hello-edge-node-e1zri in edge-node,4
1332,79.769,Konnichiwa from hello-edge-node-e1zri in edge-node,4
1333,67.768,Konnichiwa from hello-edge-node-e1zri in edge-node,4
1334,75.203,Konnichiwa from hello-edge-node-e1zri in edge-node,4
1335,67.899,Konnichiwa from hello-edge-node-e1zri in edge-node,4
1336,72.30499999999999,Konnichiwa from hello-edge-node-e1zri in edge-node,4
1337,82.51899999999999,Konnichiwa from hello-edge-node-e1zri in edge-node,4
1338,79.17299999999999,Konnichiwa from hello-edge-node-e1zri in edge-node,4
1339,77.294,Konnichiwa from hello-edge-node-e1zri in edge-node,4
1340,82.342,Konnichiwa from hello-edge-node-e1zri in edge-node,4
1341,80.047,Konnichiwa from hello-edge-node-e1zri in edge-node,4
1342,65.672,Konnichiwa from hello-edge-node-e1zri in edge-node,4
1343,70.304,Konnichiwa from hello-edge-node-e1zri in edge-node,4
1344,74.97800000000001,Konnichiwa from hello-edge-node-e1zri in edge-node,4
1345,80.956,Konnichiwa from hello-edge-node-e1zri in edge-node,4
1346,73.322,Konnichiwa from hello-edge-node-e1zri in edge-node,4
1347,78.219,Konnichiwa from hello-edge-node-e1zri in edge-node,4
1348,66.79,Konnichiwa from hello-edge-node-e1zri in edge-node,4
1349,82.166,Konnichiwa from hello-edge-node-e1zri in edge-node,4
1350,70.452,Konnichiwa from hello-edge-node-e1zri in edge-node,4
1351,65.343,Konnichiwa from hello-edge-node-e1zri in edge-node,4
1352,78.363,Konnichiwa from hello-edge-node-e1zri in edge-node,4
1353,64.667,Konnichiwa from hello-edge-node-e1zri in edge-node,4
1354,72.335,Konnichiwa from hello-edge-node-e1zri in edge-node,4
1355,82.705,Konnichiwa from hello-edge-node-e1zri in edge-node,4
1356,78.664,Konnichiwa from hello-edge-node-e1zri in edge-node,4
1357,72.23599999999999,Konnichiwa from hello-edge-node-e1zri in edge-node,4
1358,68.36,Konnichiwa from hello-edge-node-e1zri in edge-node,4
1359,68.803,Konnichiwa from hello-edge-node-e1zri in edge-node,4
1360,74.92699999999999,Konnichiwa from hello-edge-node-e1zri in edge-node,4
1361,68.559,Konnichiwa from hello-edge-node-e1zri in edge-node,4
1362,73.20400000000001,Konnichiwa from hello-edge-node-e1zri in edge-node,4
1363,69.194,Konnichiwa from hello-edge-node-e1zri in edge-node,4
1364,77.809,Konnichiwa from hello-edge-node-e1zri in edge-node,4
1365,76.872,Konnichiwa from hello-edge-node-e1zri in edge-node,4
1366,79.29700000000001,Konnichiwa from hello-edge-node-e1zri in edge-node,4
1367,81.83200000000001,Konnichiwa from hello-edge-node-e1zri in edge-node,4
1368,72.789,Konnichiwa from hello-edge-node-e1zri in edge-node,4
1369,72.252,Konnichiwa from hello-edge-node-e1zri in edge-node,4
1370,81.50699999999999,Konnichiwa from hello-edge-node-e1zri in edge-node,4
1371,80.864,Konnichiwa from hello-edge-node-e1zri in edge-node,4
1372,65.088,Konnichiwa from hello-edge-node-e1zri in edge-node,4
1373,81.275,Konnichiwa from hello-edge-node-e1zri in edge-node,4
1374,77.221,Konnichiwa from hello-edge-node-e1zri in edge-node,4
1375,70.213,Konnichiwa from hello-edge-node-e1zri in edge-node,4
1376,67.28399999999999,Konnichiwa from hello-edge-node-e1zri in edge-node,4
1377,83.4,Konnichiwa from hello-edge-node-e1zri in edge-node,4
1378,72.753,Konnichiwa from hello-edge-node-e1zri in edge-node,4
1379,70.764,Konnichiwa from hello-edge-node-e1zri in edge-node,4
1380,69.867,Konnichiwa from hello-edge-node-e1zri in edge-node,4
1381,83.604,Konnichiwa from hello-edge-node-e1zri in edge-node,4
1382,68.717,Konnichiwa from hello-edge-node-e1zri in edge-node,4
1383,72.682,Konnichiwa from hello-edge-node-e1zri in edge-node,4
1384,70.402,Konnichiwa from hello-edge-node-e1zri in edge-node,4
1385,70.233,Konnichiwa from hello-edge-node-e1zri in edge-node,4
1386,74.35799999999999,Konnichiwa from hello-edge-node-e1zri in edge-node,4
1387,64.761,Konnichiwa from hello-edge-node-e1zri in edge-node,4
1388,76.704,Konnichiwa from hello-edge-node-e1zri in edge-node,4
1389,69.76599999999999,Konnichiwa from hello-edge-node-e1zri in edge-node,4
1390,73.377,Konnichiwa from hello-edge-node-e1zri in edge-node,4
1391,72.673,Konnichiwa from hello-edge-node-e1zri in edge-node,4
1392,77.764,Konnichiwa from hello-edge-node-e1zri in edge-node,4
1393,67.87700000000001,Konnichiwa from hello-edge-node-e1zri in edge-node,4
1394,78.905,Konnichiwa from hello-edge-node-e1zri in edge-node,4
1395,81.842,Konnichiwa from hello-edge-node-e1zri in edge-node,4
1396,69.179,Konnichiwa from hello-edge-node-e1zri in edge-node,4
1397,80.21499999999999,Konnichiwa from hello-edge-node-e1zri in edge-node,4
1398,77.905,Konnichiwa from hello-edge-node-e1zri in edge-node,4
1399,75.367,Konnichiwa from hello-edge-node-e1zri in edge-node,4
1400,70.345,Konnichiwa from hello-edge-node-e1zri in edge-node,4
1401,68.867,Konnichiwa from hello-edge-node-e1zri in edge-node,4
1402,80.891,Konnichiwa from hello-edge-node-e1zri in edge-node,4
1403,70.726,Konnichiwa from hello-edge-node-e1zri in edge-node,4
1404,83.15,Konnichiwa from hello-edge-node-e1zri in edge-node,4
1405,64.216,Konnichiwa from hello-edge-node-e1zri in edge-node,4
1406,79.97200000000001,Konnichiwa from hello-edge-node-e1zri in edge-node,4
1407,75.089,Konnichiwa from hello-edge-node-e1zri in edge-node,4
1408,68.261,Konnichiwa from hello-edge-node-e1zri in edge-node,4
1409,81.206,Konnichiwa from hello-edge-node-e1zri in edge-node,4
1410,65.40799999999999,Konnichiwa from hello-edge-node-e1zri in edge-node,4
1411,79.27199999999999,Konnichiwa from hello-edge-node-e1zri in edge-node,4
1412,83.493,Konnichiwa from hello-edge-node-e1zri in edge-node,4
1413,76.81,Konnichiwa from hello-edge-node-e1zri in edge-node,4
1414,65.815,Konnichiwa from hello-edge-node-e1zri in edge-node,4
1415,67.291,Konnichiwa from hello-edge-node-e1zri in edge-node,4
1416,74.238,Konnichiwa from hello-edge-node-e1zri in edge-node,4
1417,66.262,Konnichiwa from hello-edge-node-e1zri in edge-node,4
1418,76.223,Konnichiwa from hello-edge-node-e1zri in edge-node,4
1419,67.123,Konnichiwa from hello-edge-node-e1zri in edge-node,4
1420,73.42999999999999,Konnichiwa from hello-edge-node-e1zri in edge-node,4
1421,71.315,Konnichiwa from hello-edge-node-e1zri in edge-node,4
1422,78.78699999999999,Konnichiwa from hello-edge-node-e1zri in edge-node,4
1423,68.66600000000001,Konnichiwa from hello-edge-node-e1zri in edge-node,4
1424,68.373,Konnichiwa from hello-edge-node-e1zri in edge-node,4
1425,75.77799999999999,Konnichiwa from hello-edge-node-e1zri in edge-node,4
1426,74.787,Konnichiwa from hello-edge-node-e1zri in edge-node,4
1427,83.73400000000001,Konnichiwa from hello-edge-node-e1zri in edge-node,4
1428,69.763,Konnichiwa from hello-edge-node-e1zri in edge-node,4
1429,83.245,Konnichiwa from hello-edge-node-e1zri in edge-node,4
1430,75.03500000000001,Konnichiwa from hello-edge-node-e1zri in edge-node,4
1431,68.468,Konnichiwa from hello-edge-node-e1zri in edge-node,4
1432,69.188,Konnichiwa from hello-edge-node-e1zri in edge-node,4
1433,78.753,Konnichiwa from hello-edge-node-e1zri in edge-node,4
1434,81.29599999999999,Konnichiwa from hello-edge-node-e1zri in edge-node,4
1435,73.317,Konnichiwa from hello-edge-node-e1zri in edge-node,4
1436,69.837,Konnichiwa from hello-edge-node-e1zri in edge-node,4
1437,76.361,Konnichiwa from hello-edge-node-e1zri in edge-node,4
1438,82.82000000000001,Konnichiwa from hello-edge-node-e1zri in edge-node,4
1439,72.842,Konnichiwa from hello-edge-node-e1zri in edge-node,4
1440,69.196,Konnichiwa from hello-edge-node-e1zri in edge-node,4
1441,83.816,Konnichiwa from hello-edge-node-e1zri in edge-node,4
1442,76.61,Konnichiwa from hello-edge-node-e1zri in edge-node,4
1443,74.14,Konnichiwa from hello-edge-node-e1zri in edge-node,4
1444,72.41,Konnichiwa from hello-edge-node-e1zri in edge-node,4
1445,66.703,Konnichiwa from hello-edge-node-e1zri in edge-node,4
1446,78.292,Konnichiwa from hello-edge-node-e1zri in edge-node,4
1447,81.801,Konnichiwa from hello-edge-node-e1zri in edge-node,4
1448,80.179,Konnichiwa from hello-edge-node-e1zri in edge-node,4
1449,82.75399999999999,Konnichiwa from hello-edge-node-e1zri in edge-node,4
1450,64.666,Konnichiwa from hello-edge-node-e1zri in edge-node,4
1451,75.866,Konnichiwa from hello-edge-node-e1zri in edge-node,4
1452,64.754,Konnichiwa from hello-edge-node-e1zri in edge-node,4
1453,76.81200000000001,Konnichiwa from hello-edge-node-e1zri in edge-node,4
1454,79.747,Konnichiwa from hello-edge-node-e1zri in edge-node,4
1455,70.815,Konnichiwa from hello-edge-node-e1zri in edge-node,4
1456,69.33699999999999,Konnichiwa from hello-edge-node-e1zri in edge-node,4
1457,76.23299999999999,Konnichiwa from hello-edge-node-e1zri in edge-node,4
1458,66.305,Konnichiwa from hello-edge-node-e1zri in edge-node,4
1459,83.119,Konnichiwa from hello-edge-node-e1zri in edge-node,4
1460,65.114,Konnichiwa from hello-edge-node-e1zri in edge-node,4
1461,66.44,Konnichiwa from hello-edge-node-e1zri in edge-node,4
1462,77.36500000000001,Konnichiwa from hello-edge-node-e1zri in edge-node,4
1463,71.961,Konnichiwa from hello-edge-node-e1zri in edge-node,4
1464,75.88499999999999,Konnichiwa from hello-edge-node-e1zri in edge-node,4
1465,83.854,Konnichiwa from hello-edge-node-e1zri in edge-node,4
1466,83.557,Konnichiwa from hello-edge-node-e1zri in edge-node,4
1467,78.332,Konnichiwa from hello-edge-node-e1zri in edge-node,4
1468,80.73700000000001,Konnichiwa from hello-edge-node-e1zri in edge-node,4
1469,79.786,Konnichiwa from hello-edge-node-e1zri in edge-node,4
1470,66.29400000000001,Konnichiwa from hello-edge-node-e1zri in edge-node,4
1471,66.667,Konnichiwa from hello-edge-node-e1zri in edge-node,4
1472,78.284,Konnichiwa from hello-edge-node-e1zri in edge-node,4
1473,67.849,Konnichiwa from hello-edge-node-e1zri in edge-node,4
1474,70.257,Konnichiwa from hello-edge-node-e1zri in edge-node,4
1475,70.45700000000001,Konnichiwa from hello-edge-node-e1zri in edge-node,4
1476,74.84,Konnichiwa from hello-edge-node-e1zri in edge-node,4
1477,73.468,Konnichiwa from hello-edge-node-e1zri in edge-node,4
1478,79.433,Konnichiwa from hello-edge-node-e1zri in edge-node,4
1479,74.211,Konnichiwa from hello-edge-node-e1zri in edge-node,4
1480,75.811,Konnichiwa from hello-edge-node-e1zri in edge-node,4
1481,65.83,Konnichiwa from hello-edge-node-e1zri in edge-node,4
1482,75.31,Konnichiwa from hello-edge-node-e1zri in edge-node,4
1483,73.28800000000001,Konnichiwa from hello-edge-node-e1zri in edge-node,4
1484,79.792,Konnichiwa from hello-edge-node-e1zri in edge-node,4
1485,80.34700000000001,Konnichiwa from hello-edge-node-e1zri in edge-node,4
1486,78.35300000000001,Konnichiwa from hello-edge-node-e1zri in edge-node,4
1487,72.373,Konnichiwa from hello-edge-node-e1zri in edge-node,4
Line count,Response time,current time,app id
1,7689.452,Konnichiwa from hello-cloud-node-1h7rl in cloud-node,5
2,4693.633,Konnichiwa from hello-cloud-node-1h7rl in cloud-node,2
3,5.343,Konnichiwa from hello-cloud-node-1h7rl in cloud-node,5
4,5.665,Konnichiwa from hello-cloud-node-1h7rl in cloud-node,2
5,5.799,Konnichiwa from hello-cloud-node-1h7rl in cloud-node,5
6,4.773000000000001,Konnichiwa from hello-cloud-node-1h7rl in cloud-node,2
7,5.478000000000001,Konnichiwa from hello-cloud-node-1h7rl in cloud-node,5
8,4.646,Konnichiwa from hello-cloud-node-1h7rl in cloud-node,5
9,3.987,Konnichiwa from hello-cloud-node-1h7rl in cloud-node,2
10,4.233,Konnichiwa from hello-cloud-node-1h7rl in cloud-node,5
11,358.159,Konnichiwa from hello-edge-node-e1zri in edge-node,2
12,93.72999999999999,Konnichiwa from hello-edge-node-e1zri in edge-node,5
13,80.491,Konnichiwa from hello-edge-node-e1zri in edge-node,2
14,71.89099999999999,Konnichiwa from hello-edge-node-e1zri in edge-node,5
15,79.527,Konnichiwa from hello-edge-node-e1zri in edge-node,2
16,83.688,Konnichiwa from hello-edge-node-e1zri in edge-node,5
17,77.029,Konnichiwa from hello-edge-node-e1zri in edge-node,2
18,1672.593,Konnichiwa from hello-edge-node-e1zri in edge-node,5
19,1673.583,Konnichiwa from hello-cloud-node-s74g1 in cloud-node,2
20,5005.958,Konnichiwa from hello-cloud-node-s74g1 in cloud-node,5
21,1672.73,Konnichiwa from hello-cloud-node-s74g1 in cloud-node,2
22,5007.621,Konnichiwa from hello-cloud-node-s74g1 in cloud-node,5
23,10008.044,Konnichiwa from hello-cloud-node-s74g1 in cloud-node,2
24,2007.5539999999999,Konnichiwa from hello-cloud-node-s74g1 in cloud-node,5
25,2508.562,Konnichiwa from hello-cloud-node-s74g1 in cloud-node,2
26,2007.038,Konnichiwa from hello-cloud-node-s74g1 in cloud-node,5
27,2506.906,Konnichiwa from hello-cloud-node-s74g1 in cloud-node,2
28,2006.672,Konnichiwa from hello-cloud-node-s74g1 in cloud-node,5
29,2508.185,Konnichiwa from hello-cloud-node-s74g1 in cloud-node,2
30,1435.602,Konnichiwa from hello-cloud-node-s74g1 in cloud-node,5
31,3340.279,Konnichiwa from hello-cloud-node-s74g1 in cloud-node,2
32,1434.7540000000001,Konnichiwa from hello-cloud-node-s74g1 in cloud-node,5
33,3339.263,Konnichiwa from hello-cloud-node-s74g1 in cloud-node,2
34,1434.345,Konnichiwa from hello-cloud-node-s74g1 in cloud-node,5
35,3339.621,Konnichiwa from hello-cloud-node-s74g1 in cloud-node,2
36,1436.303,Konnichiwa from hello-cloud-node-s74g1 in cloud-node,5
37,916.1310000000001,Konnichiwa from hello-cloud-node-s74g1 in cloud-node,2
38,1437.0240000000001,Konnichiwa from hello-cloud-node-s74g1 in cloud-node,5
39,917.572,Konnichiwa from hello-cloud-node-s74g1 in cloud-node,2
40,1434.616,Konnichiwa from hello-cloud-node-s74g1 in cloud-node,5
41,915.366,Konnichiwa from hello-cloud-node-s74g1 in cloud-node,2
42,1434.427,Konnichiwa from hello-cloud-node-s74g1 in cloud-node,5
43,915.15,Konnichiwa from hello-cloud-node-s74g1 in cloud-node,2
44,1434.4779999999998,Konnichiwa from hello-cloud-node-s74g1 in cloud-node,5
45,915.0859999999999,Konnichiwa from hello-cloud-node-s74g1 in cloud-node,2
46,2506.475,Konnichiwa from hello-cloud-node-s74g1 in cloud-node,5
47,5006.9800000000005,Konnichiwa from hello-cloud-node-s74g1 in cloud-node,2
48,2507.794,Konnichiwa from hello-cloud-node-s74g1 in cloud-node,5
49,5006.921,Konnichiwa from hello-cloud-node-s74g1 in cloud-node,2
50,2007.601,Konnichiwa from hello-cloud-node-s74g1 in cloud-node,5
51,3339.929,Konnichiwa from hello-cloud-node-s74g1 in cloud-node,2
52,2007.6860000000001,Konnichiwa from hello-cloud-node-s74g1 in cloud-node,5
53,3340.3559999999998,Konnichiwa from hello-cloud-node-s74g1 in cloud-node,2
54,2506.346,Konnichiwa from hello-cloud-node-s74g1 in cloud-node,5
55,1435.492,Konnichiwa from hello-cloud-node-s74g1 in cloud-node,2
56,2505.495,Konnichiwa from hello-cloud-node-s74g1 in cloud-node,5
57,1436.549,Konnichiwa from hello-cloud-node-s74g1 in cloud-node,2
58,2509.1009999999997,Konnichiwa from hello-cloud-node-s74g1 in cloud-node,5
59,1435.2350000000001,Konnichiwa from hello-cloud-node-s74g1 in cloud-node,2
60,10007.236,Konnichiwa from hello-cloud-node-s74g1 in cloud-node,5
61,1435.855,Konnichiwa from hello-cloud-node-s74g1 in cloud-node,2
62,2506.687,Konnichiwa from hello-cloud-node-s74g1 in cloud-node,5
63,1436.5,Konnichiwa from hello-cloud-node-s74g1 in cloud-node,2
64,2506.981,Konnichiwa from hello-cloud-node-s74g1 in cloud-node,5
65,1436.316,Konnichiwa from hello-cloud-node-s74g1 in cloud-node,2
66,2507.043,Konnichiwa from hello-cloud-node-s74g1 in cloud-node,5
67,2508.078,Konnichiwa from hello-cloud-node-s74g1 in cloud-node,2
68,1435.14,Konnichiwa from hello-cloud-node-s74g1 in cloud-node,5
69,2506.361,Konnichiwa from hello-cloud-node-s74g1 in cloud-node,2
70,1434.999,Konnichiwa from hello-cloud-node-s74g1 in cloud-node,5
71,2508.364,Konnichiwa from hello-cloud-node-s74g1 in cloud-node,2
72,1435.7040000000002,Konnichiwa from hello-cloud-node-s74g1 in cloud-node,5
73,3339.54,Konnichiwa from hello-cloud-node-s74g1 in cloud-node,2
74,10007.472,Konnichiwa from hello-cloud-node-s74g1 in cloud-node,5
75,1437.0629999999999,Konnichiwa from hello-cloud-node-s74g1 in cloud-node,2
76,5007.677000000001,Konnichiwa from hello-cloud-node-s74g1 in cloud-node,5
77,1436.192,Konnichiwa from hello-cloud-node-s74g1 in cloud-node,2
78,5007.558999999999,Konnichiwa from hello-cloud-node-s74g1 in cloud-node,5
79,5007.241,Konnichiwa from hello-cloud-node-s74g1 in cloud-node,2
80,3340.9179999999997,Konnichiwa from hello-cloud-node-s74g1 in cloud-node,5
81,5007.236,Konnichiwa from hello-cloud-node-s74g1 in cloud-node,2
82,3341.0730000000003,Konnichiwa from hello-cloud-node-s74g1 in cloud-node,5
83,2507.385,Konnichiwa from hello-cloud-node-s74g1 in cloud-node,2
84,2007.0489999999998,Konnichiwa from hello-cloud-node-s74g1 in cloud-node,5
85,2507.027,Konnichiwa from hello-cloud-node-s74g1 in cloud-node,2
86,2008.515,Konnichiwa from hello-cloud-node-s74g1 in cloud-node,5
87,2508.0550000000003,Konnichiwa from hello-cloud-node-s74g1 in cloud-node,2
88,2008.724,Konnichiwa from hello-cloud-node-s74g1 in cloud-node,5
89,2007.888,Konnichiwa from hello-cloud-node-s74g1 in cloud-node,2
90,2006.032,Konnichiwa from hello-cloud-node-s74g1 in cloud-node,5
91,2006.4639999999997,Konnichiwa from hello-cloud-node-s74g1 in cloud-node,2
92,2007.1080000000002,Konnichiwa from hello-cloud-node-s74g1 in cloud-node,5
93,2007.766,Konnichiwa from hello-cloud-node-s74g1 in cloud-node,2
94,2007.1729999999998,Konnichiwa from hello-cloud-node-s74g1 in cloud-node,5
95,2007.025,Konnichiwa from hello-cloud-node-s74g1 in cloud-node,2
96,2507.4900000000002,Konnichiwa from hello-cloud-node-s74g1 in cloud-node,5
97,2007.5669999999998,Konnichiwa from hello-cloud-node-s74g1 in cloud-node,2
98,2505.575,Konnichiwa from hello-cloud-node-s74g1 in cloud-node,5
99,2006.03,Konnichiwa from hello-cloud-node-s74g1 in cloud-node,2
100,2505.997,Konnichiwa from hello-cloud-node-s74g1 in cloud-node,5
101,2507.7729999999997,Konnichiwa from hello-cloud-node-s74g1 in cloud-node,2
102,1437.337,Konnichiwa from hello-cloud-node-s74g1 in cloud-node,5
103,2505.982,Konnichiwa from hello-cloud-node-s74g1 in cloud-node,2
104,1435.295,Konnichiwa from hello-cloud-node-s74g1 in cloud-node,5
105,2506.026,Konnichiwa from hello-cloud-node-s74g1 in cloud-node,2
106,1435.92,Konnichiwa from hello-cloud-node-s74g1 in cloud-node,5
107,2508.288,Konnichiwa from hello-cloud-node-s74g1 in cloud-node,2
108,2007.3490000000002,Konnichiwa from hello-cloud-node-s74g1 in cloud-node,5
109,2507.492,Konnichiwa from hello-cloud-node-s74g1 in cloud-node,2
110,2007.2749999999999,Konnichiwa from hello-cloud-node-s74g1 in cloud-node,5
111,2506.8030000000003,Konnichiwa from hello-cloud-node-s74g1 in cloud-node,2
112,2006.7620000000002,Konnichiwa from hello-cloud-node-s74g1 in cloud-node,5
113,2506.461,Konnichiwa from hello-cloud-node-s74g1 in cloud-node,2
114,10005.733,Konnichiwa from hello-cloud-node-s74g1 in cloud-node,5
115,2506.3970000000004,Konnichiwa from hello-cloud-node-s74g1 in cloud-node,2
116,1435.686,Konnichiwa from hello-cloud-node-s74g1 in cloud-node,5
117,2507.476,Konnichiwa from hello-cloud-node-s74g1 in cloud-node,2
118,1436.048,Konnichiwa from hello-cloud-node-s74g1 in cloud-node,5
119,2506.6639999999998,Konnichiwa from hello-cloud-node-s74g1 in cloud-node,2
120,1434.6950000000002,Konnichiwa from hello-cloud-node-s74g1 in cloud-node,5
121,1118.4270000000001,Konnichiwa from hello-cloud-node-s74g1 in cloud-node,2
122,3341.797,Konnichiwa from hello-cloud-node-s74g1 in cloud-node,5
123,1118.542,Konnichiwa from hello-cloud-node-s74g1 in cloud-node,2
124,3339.689,Konnichiwa from hello-cloud-node-s74g1 in cloud-node,5
125,1117.98,Konnichiwa from hello-cloud-node-s74g1 in cloud-node,2
126,3340.395,Konnichiwa from hello-cloud-node-s74g1 in cloud-node,5
127,10006.137,Konnichiwa from hello-cloud-node-s74g1 in cloud-node,2
128,3340.643,Konnichiwa from hello-cloud-node-s74g1 in cloud-node,5
129,1675.533,Konnichiwa from hello-cloud-node-s74g1 in cloud-node,2
130,3341.661,Konnichiwa from hello-cloud-node-s74g1 in cloud-node,5
131,1674.433,Konnichiwa from hello-cloud-node-s74g1 in cloud-node,2
132,2506.98,Konnichiwa from hello-cloud-node-s74g1 in cloud-node,5
133,1674.6129999999998,Konnichiwa from hello-cloud-node-s74g1 in cloud-node,2
134,2506.6769999999997,Konnichiwa from hello-cloud-node-s74g1 in cloud-node,5
135,2507.0139999999997,Konnichiwa from hello-cloud-node-s74g1 in cloud-node,2
136,2506.894,Konnichiwa from hello-cloud-node-s74g1 in cloud-node,5
137,2506.974,Konnichiwa from hello-cloud-node-s74g1 in cloud-node,2
138,1673.89,Konnichiwa from hello-cloud-node-s74g1 in cloud-node,5
139,2507.031,Konnichiwa from hello-cloud-node-s74g1 in cloud-node,2
140,1675.004,Konnichiwa from hello-cloud-node-s74g1 in cloud-node,5
141,5008.221,Konnichiwa from hello-cloud-node-s74g1 in cloud-node,2
142,5006.648,Konnichiwa from hello-cloud-node-s74g1 in cloud-node,5
143,1674.04,Konnichiwa from hello-cloud-node-s74g1 in cloud-node,2
144,5006.289,Konnichiwa from hello-cloud-node-s74g1 in cloud-node,5
145,1672.981,Konnichiwa from hello-cloud-node-s74g1 in cloud-node,2
146,1435.022,Konnichiwa from hello-cloud-node-s74g1 in cloud-node,5
147,1672.2079999999999,Konnichiwa from hello-cloud-node-s74g1 in cloud-node,2
148,1435.095,Konnichiwa from hello-cloud-node-s74g1 in cloud-node,5
149,1673.215,Konnichiwa from hello-cloud-node-s74g1 in cloud-node,2
150,1434.752,Konnichiwa from hello-cloud-node-s74g1 in cloud-node,5
151,1672.843,Konnichiwa from hello-cloud-node-s74g1 in cloud-node,2
152,1434.8860000000002,Konnichiwa from hello-cloud-node-s74g1 in cloud-node,5
153,1672.521,Konnichiwa from hello-cloud-node-s74g1 in cloud-node,2
154,1119.323,Konnichiwa from hello-cloud-node-s74g1 in cloud-node,5
155,1672.964,Konnichiwa from hello-cloud-node-s74g1 in cloud-node,2
156,1117.467,Konnichiwa from hello-cloud-node-s74g1 in cloud-node,5
157,1674.105,Konnichiwa from hello-cloud-node-s74g1 in cloud-node,2
158,1116.7450000000001,Konnichiwa from hello-cloud-node-s74g1 in cloud-node,5
159,1671.975,Konnichiwa from hello-cloud-node-s74g1 in cloud-node,2
160,1118.4099999999999,Konnichiwa from hello-cloud-node-s74g1 in cloud-node,5
161,1672.733,Konnichiwa from hello-cloud-node-s74g1 in cloud-node,2
162,3340.919,Konnichiwa from hello-cloud-node-s74g1 in cloud-node,5
163,916.569,Konnichiwa from hello-cloud-node-s74g1 in cloud-node,2
164,3339.8210000000004,Konnichiwa from hello-cloud-node-s74g1 in cloud-node,5
165,914.3449999999999,Konnichiwa from hello-cloud-node-s74g1 in cloud-node,2
166,3339.686,Konnichiwa from hello-cloud-node-s74g1 in cloud-node,5
167,916.169,Konnichiwa from hello-cloud-node-s74g1 in cloud-node,2
168,840.187,Konnichiwa from hello-cloud-node-s74g1 in cloud-node,5
169,1674.9350000000002,Konnichiwa from hello-cloud-node-s74g1 in cloud-node,2
170,840.899,Konnichiwa from hello-cloud-node-s74g1 in cloud-node,5
171,1672.846,Konnichiwa from hello-cloud-node-s74g1 in cloud-node,2
172,839.8050000000001,Konnichiwa from hello-cloud-node-s74g1 in cloud-node,5
173,1673.632,Konnichiwa from hello-cloud-node-s74g1 in cloud-node,2
174,839.2239999999999,Konnichiwa from hello-cloud-node-s74g1 in cloud-node,5
175,1672.896,Konnichiwa from hello-cloud-node-s74g1 in cloud-node,2
176,10006.835000000001,Konnichiwa from hello-cloud-node-s74g1 in cloud-node,5
177,5007.360000000001,Konnichiwa from hello-cloud-node-s74g1 in cloud-node,2
178,2007.4999999999998,Konnichiwa from hello-cloud-node-s74g1 in cloud-node,5
179,5005.728999999999,Konnichiwa from hello-cloud-node-s74g1 in cloud-node,2
180,2005.7990000000002,Konnichiwa from hello-cloud-node-s74g1 in cloud-node,5
181,1675.223,Konnichiwa from hello-cloud-node-s74g1 in cloud-node,2
182,2008.139,Konnichiwa from hello-cloud-node-s74g1 in cloud-node,5
183,1672.829,Konnichiwa from hello-cloud-node-s74g1 in cloud-node,2
184,2007.2969999999998,Konnichiwa from hello-cloud-node-s74g1 in cloud-node,5
185,1672.852,Konnichiwa from hello-cloud-node-s74g1 in cloud-node,2
186,2006.393,Konnichiwa from hello-cloud-node-s74g1 in cloud-node,5
187,3340.849,Konnichiwa from hello-cloud-node-s74g1 in cloud-node,2
188,1436.744,Konnichiwa from hello-cloud-node-s74g1 in cloud-node,5
189,3340.364,Konnichiwa from hello-cloud-node-s74g1 in cloud-node,2
190,1434.475,Konnichiwa from hello-cloud-node-s74g1 in cloud-node,5
191,3340.119,Konnichiwa from hello-cloud-node-s74g1 in cloud-node,2
192,1434.893,Konnichiwa from hello-cloud-node-s74g1 in cloud-node,5
193,2506.097,Konnichiwa from hello-cloud-node-s74g1 in cloud-node,2
194,3341.1330000000003,Konnichiwa from hello-cloud-node-s74g1 in cloud-node,5
195,2507.7889999999998,Konnichiwa from hello-cloud-node-s74g1 in cloud-node,2
196,3340.852,Konnichiwa from hello-cloud-node-s74g1 in cloud-node,5
197,1119.146,Konnichiwa from hello-cloud-node-s74g1 in cloud-node,2
198,1436.087,Konnichiwa from hello-cloud-node-s74g1 in cloud-node,5
199,1118.953,Konnichiwa from hello-cloud-node-s74g1 in cloud-node,2
200,1435.472,Konnichiwa from hello-cloud-node-s74g1 in cloud-node,5
201,1117.142,Konnichiwa from hello-cloud-node-s74g1 in cloud-node,2
202,1435.484,Konnichiwa from hello-cloud-node-s74g1 in cloud-node,5
203,1116.983,Konnichiwa from hello-cloud-node-s74g1 in cloud-node,2
204,1435.1560000000002,Konnichiwa from hello-cloud-node-s74g1 in cloud-node,5
205,1675.115,Konnichiwa from hello-cloud-node-s74g1 in cloud-node,2
206,1674.7620000000002,Konnichiwa from hello-cloud-node-s74g1 in cloud-node,5
207,1673.694,Konnichiwa from hello-cloud-node-s74g1 in cloud-node,2
208,1674.407,Konnichiwa from hello-cloud-node-s74g1 in cloud-node,5
209,1675.4560000000001,Konnichiwa from hello-cloud-node-s74g1 in cloud-node,2
210,1672.567,Konnichiwa from hello-cloud-node-s74g1 in cloud-node,5
211,3340.7650000000003,Konnichiwa from hello-cloud-node-s74g1 in cloud-node,2
212,2507.127,Konnichiwa from hello-cloud-node-s74g1 in cloud-node,5
213,3339.4970000000003,Konnichiwa from hello-cloud-node-s74g1 in cloud-node,2
214,2506.3900000000003,Konnichiwa from hello-cloud-node-s74g1 in cloud-node,5
215,1674.8229999999999,Konnichiwa from hello-cloud-node-s74g1 in cloud-node,2
216,3341.05,Konnichiwa from hello-cloud-node-s74g1 in cloud-node,5
217,1674.0720000000001,Konnichiwa from hello-cloud-node-s74g1 in cloud-node,2
218,3339.6690000000003,Konnichiwa from hello-cloud-node-s74g1 in cloud-node,5
219,2507.791,Konnichiwa from hello-cloud-node-s74g1 in cloud-node,2
220,3339.6789999999996,Konnichiwa from hello-cloud-node-s74g1 in cloud-node,5
221,2507.8070000000002,Konnichiwa from hello-cloud-node-s74g1 in cloud-node,2
222,3341.7340000000004,Konnichiwa from hello-cloud-node-s74g1 in cloud-node,5
223,2509.319,Konnichiwa from hello-cloud-node-s74g1 in cloud-node,2
224,5008.517000000001,Konnichiwa from hello-cloud-node-s74g1 in cloud-node,5
225,2507.089,Konnichiwa from hello-cloud-node-s74g1 in cloud-node,2
226,5006.984,Konnichiwa from hello-cloud-node-s74g1 in cloud-node,5
227,1436.026,Konnichiwa from hello-cloud-node-s74g1 in cloud-node,2
228,2506.936,Konnichiwa from hello-cloud-node-s74g1 in cloud-node,5
229,1434.672,Konnichiwa from hello-cloud-node-s74g1 in cloud-node,2
230,2506.4139999999998,Konnichiwa from hello-cloud-node-s74g1 in cloud-node,5
231,1434.24,Konnichiwa from hello-cloud-node-s74g1 in cloud-node,2
232,2505.831,Konnichiwa from hello-cloud-node-s74g1 in cloud-node,5
233,2507.311,Konnichiwa from hello-cloud-node-s74g1 in cloud-node,2
234,2507.593,Konnichiwa from hello-cloud-node-s74g1 in cloud-node,5
235,2508.582,Konnichiwa from hello-cloud-node-s74g1 in cloud-node,2
236,2509.9100000000003,Konnichiwa from hello-cloud-node-s74g1 in cloud-node,5
237,5010.874000000001,Konnichiwa from hello-cloud-node-s74g1 in cloud-node,2
238,5008.661,Konnichiwa from hello-cloud-node-s74g1 in cloud-node,5
239,1437.33,Konnichiwa from hello-cloud-node-s74g1 in cloud-node,2
240,5006.362,Konnichiwa from hello-cloud-node-s74g1 in cloud-node,5
241,1434.105,Konnichiwa from hello-cloud-node-s74g1 in cloud-node,2
242,2007.799,Konnichiwa from hello-cloud-node-s74g1 in cloud-node,5
243,1435.8010000000002,Konnichiwa from hello-cloud-node-s74g1 in cloud-node,2
244,2006.6090000000002,Konnichiwa from hello-cloud-node-s74g1 in cloud-node,5
245,1256.02,Konnichiwa from hello-cloud-node-s74g1 in cloud-node,2
246,2007.697,Konnichiwa from hello-cloud-node-s74g1 in cloud-node,5
247,1257.729,Konnichiwa from hello-cloud-node-s74g1 in cloud-node,2
248,2009.3909999999998,Konnichiwa from hello-cloud-node-s74g1 in cloud-node,5
249,1259.7240000000002,Konnichiwa from hello-cloud-node-s74g1 in cloud-node,2
250,2009.592,Konnichiwa from hello-cloud-node-s74g1 in cloud-node,5
251,1256.087,Konnichiwa from hello-cloud-node-s74g1 in cloud-node,2
252,2006.6609999999998,Konnichiwa from hello-cloud-node-s74g1 in cloud-node,5
253,1118.557,Konnichiwa from hello-cloud-node-s74g1 in cloud-node,2
254,2006.4850000000001,Konnichiwa from hello-cloud-node-s74g1 in cloud-node,5
255,1118.4650000000001,Konnichiwa from hello-cloud-node-s74g1 in cloud-node,2
256,2006.3770000000002,Konnichiwa from hello-cloud-node-s74g1 in cloud-node,5
257,1116.9,Konnichiwa from hello-cloud-node-s74g1 in cloud-node,2
258,1673.583,Konnichiwa from hello-cloud-node-s74g1 in cloud-node,5
259,1117.9779999999998,Konnichiwa from hello-cloud-node-s74g1 in cloud-node,2
260,1674.731,Konnichiwa from hello-cloud-node-s74g1 in cloud-node,5
261,1675.179,Konnichiwa from hello-cloud-node-s74g1 in cloud-node,2
262,1672.205,Konnichiwa from hello-cloud-node-s74g1 in cloud-node,5
263,1672.031,Konnichiwa from hello-cloud-node-s74g1 in cloud-node,2
264,1672.337,Konnichiwa from hello-cloud-node-s74g1 in cloud-node,5
265,1672.3539999999998,Konnichiwa from hello-cloud-node-s74g1 in cloud-node,2
266,3339.683,Konnichiwa from hello-cloud-node-s74g1 in cloud-node,5
267,2507.041,Konnichiwa from hello-cloud-node-s74g1 in cloud-node,2
268,3351.216,Konnichiwa from hello-cloud-node-s74g1 in cloud-node,5
269,2517.989,Konnichiwa from hello-cloud-node-s74g1 in cloud-node,2
270,2007.0770000000002,Konnichiwa from hello-cloud-node-s74g1 in cloud-node,5
271,5006.982,Konnichiwa from hello-cloud-node-s74g1 in cloud-node,2
272,2006.209,Konnichiwa from hello-cloud-node-s74g1 in cloud-node,5
273,5006.0779999999995,Konnichiwa from hello-cloud-node-s74g1 in cloud-node,2
274,1255.719,Konnichiwa from hello-cloud-node-s74g1 in cloud-node,5
275,3339.23,Konnichiwa from hello-cloud-node-s74g1 in cloud-node,2
276,1255.1870000000001,Konnichiwa from hello-cloud-node-s74g1 in cloud-node,5
277,3338.8399999999997,Konnichiwa from hello-cloud-node-s74g1 in cloud-node,2
278,1255.708,Konnichiwa from hello-cloud-node-s74g1 in cloud-node,5
279,3339.521,Konnichiwa from hello-cloud-node-s74g1 in cloud-node,2
280,2006.726,Konnichiwa from hello-cloud-node-s74g1 in cloud-node,5
281,2006.6739999999998,Konnichiwa from hello-cloud-node-s74g1 in cloud-node,2
282,2006.6779999999999,Konnichiwa from hello-cloud-node-s74g1 in cloud-node,5
283,2007.219,Konnichiwa from hello-cloud-node-s74g1 in cloud-node,2
284,2007.3850000000002,Konnichiwa from hello-cloud-node-s74g1 in cloud-node,5
285,2006.894,Konnichiwa from hello-cloud-node-s74g1 in cloud-node,2
286,1673.559,Konnichiwa from hello-cloud-node-s74g1 in cloud-node,5
287,2507.2549999999997,Konnichiwa from hello-cloud-node-s74g1 in cloud-node,2
288,1673.047,Konnichiwa from hello-cloud-node-s74g1 in cloud-node,5
289,2506.107,Konnichiwa from hello-cloud-node-s74g1 in cloud-node,2
290,1672.559,Konnichiwa from hello-cloud-node-s74g1 in cloud-node,5
291,2505.9170000000004,Konnichiwa from hello-cloud-node-s74g1 in cloud-node,2
292,2506.593,Konnichiwa from hello-cloud-node-s74g1 in cloud-node,5
293,1673.262,Konnichiwa from hello-cloud-node-s74g1 in cloud-node,2
294,2505.712,Konnichiwa from hello-cloud-node-s74g1 in cloud-node,5
295,1673.0929999999998,Konnichiwa from hello-cloud-node-s74g1 in cloud-node,2
296,2506.1279999999997,Konnichiwa from hello-cloud-node-s74g1 in cloud-node,5
297,1671.998,Konnichiwa from hello-cloud-node-s74g1 in cloud-node,2
298,2005.862,Konnichiwa from hello-cloud-node-s74g1 in cloud-node,5
299,1673.8500000000001,Konnichiwa from hello-cloud-node-s74g1 in cloud-node,2
300,2007.964,Konnichiwa from hello-cloud-node-s74g1 in cloud-node,5
301,1673.979,Konnichiwa from hello-cloud-node-s74g1 in cloud-node,2
302,2006.1019999999999,Konnichiwa from hello-cloud-node-s74g1 in cloud-node,5
303,1672.578,Konnichiwa from hello-cloud-node-s74g1 in cloud-node,2
304,2008.284,Konnichiwa from hello-cloud-node-s74g1 in cloud-node,5
305,1436.286,Konnichiwa from hello-cloud-node-s74g1 in cloud-node,2
306,2005.9759999999999,Konnichiwa from hello-cloud-node-s74g1 in cloud-node,5
307,1434.561,Konnichiwa from hello-cloud-node-s74g1 in cloud-node,2
308,2008.8059999999998,Konnichiwa from hello-cloud-node-s74g1 in cloud-node,5
309,1436.3319999999999,Konnichiwa from hello-cloud-node-s74g1 in cloud-node,2
310,3338.923,Konnichiwa from hello-cloud-node-s74g1 in cloud-node,5
311,2006.4920000000002,Konnichiwa from hello-cloud-node-s74g1 in cloud-node,2
312,3339.991,Konnichiwa from hello-cloud-node-s74g1 in cloud-node,5
313,2007.46,Konnichiwa from hello-cloud-node-s74g1 in cloud-node,2
314,2007.7880000000002,Konnichiwa from hello-cloud-node-s74g1 in cloud-node,5
315,2007.2060000000001,Konnichiwa from hello-cloud-node-s74g1 in cloud-node,2
316,2006.294,Konnichiwa from hello-cloud-node-s74g1 in cloud-node,5
317,5007.2080000000005,Konnichiwa from hello-cloud-node-s74g1 in cloud-node,2
318,1119.521,Konnichiwa from hello-cloud-node-s74g1 in cloud-node,5
319,5007.846,Konnichiwa from hello-cloud-node-s74g1 in cloud-node,2
320,1118.253,Konnichiwa from hello-cloud-node-s74g1 in cloud-node,5
321,1674.277,Konnichiwa from hello-cloud-node-s74g1 in cloud-node,2
322,1117.751,Konnichiwa from hello-cloud-node-s74g1 in cloud-node,5
323,1672.556,Konnichiwa from hello-cloud-node-s74g1 in cloud-node,2
324,1435.9360000000001,Konnichiwa from hello-cloud-node-s74g1 in cloud-node,5
325,1672.245,Konnichiwa from hello-cloud-node-s74g1 in cloud-node,2
326,1434.755,Konnichiwa from hello-cloud-node-s74g1 in cloud-node,5
327,1672.8799999999999,Konnichiwa from hello-cloud-node-s74g1 in cloud-node,2
328,1435.558,Konnichiwa from hello-cloud-node-s74g1 in cloud-node,5
329,1256.66,Konnichiwa from hello-cloud-node-s74g1 in cloud-node,2
330,1435.564,Konnichiwa from hello-cloud-node-s74g1 in cloud-node,5
331,1256.161,Konnichiwa from hello-cloud-node-s74g1 in cloud-node,2
332,1673.231,Konnichiwa from hello-cloud-node-s74g1 in cloud-node,5
333,1257.0410000000002,Konnichiwa from hello-cloud-node-s74g1 in cloud-node,2
334,1674.3159999999998,Konnichiwa from hello-cloud-node-s74g1 in cloud-node,5
335,1256.409,Konnichiwa from hello-cloud-node-s74g1 in cloud-node,2
336,1672.2189999999998,Konnichiwa from hello-cloud-node-s74g1 in cloud-node,5
337,2506.545,Konnichiwa from hello-cloud-node-s74g1 in cloud-node,2
338,2507.174,Konnichiwa from hello-cloud-node-s74g1 in cloud-node,5
339,2507.3430000000003,Konnichiwa from hello-cloud-node-s74g1 in cloud-node,2
340,2507.6420000000003,Konnichiwa from hello-cloud-node-s74g1 in cloud-node,5
341,1435.7459999999999,Konnichiwa from hello-cloud-node-s74g1 in cloud-node,2
342,2507.4990000000003,Konnichiwa from hello-cloud-node-s74g1 in cloud-node,5
343,1434.74,Konnichiwa from hello-cloud-node-s74g1 in cloud-node,2
344,1118.626,Konnichiwa from hello-cloud-node-s74g1 in cloud-node,5
345,1435.468,Konnichiwa from hello-cloud-node-s74g1 in cloud-node,2
346,1117.203,Konnichiwa from hello-cloud-node-s74g1 in cloud-node,5
347,1434.7369999999999,Konnichiwa from hello-cloud-node-s74g1 in cloud-node,2
348,1116.93,Konnichiwa from hello-cloud-node-s74g1 in cloud-node,5
349,1256.184,Konnichiwa from hello-cloud-node-s74g1 in cloud-node,2
350,1117.016,Konnichiwa from hello-cloud-node-s74g1 in cloud-node,5
351,1256.2089999999998,Konnichiwa from hello-cloud-node-s74g1 in cloud-node,2
352,1117.866,Konnichiwa from hello-cloud-node-s74g1 in cloud-node,5
353,1257.414,Konnichiwa from hello-cloud-node-s74g1 in cloud-node,2
354,2007.6390000000001,Konnichiwa from hello-cloud-node-s74g1 in cloud-node,5
355,1257.2740000000001,Konnichiwa from hello-cloud-node-s74g1 in cloud-node,2
356,2005.839,Konnichiwa from hello-cloud-node-s74g1 in cloud-node,5
357,3341.3759999999997,Konnichiwa from hello-cloud-node-s74g1 in cloud-node,2
358,2007.188,Konnichiwa from hello-cloud-node-s74g1 in cloud-node,5
359,3341.248,Konnichiwa from hello-cloud-node-s74g1 in cloud-node,2
360,1672.69,Konnichiwa from hello-cloud-node-s74g1 in cloud-node,5
361,1437.854,Konnichiwa from hello-cloud-node-s74g1 in cloud-node,2
362,1673.343,Konnichiwa from hello-cloud-node-s74g1 in cloud-node,5
363,1435.058,Konnichiwa from hello-cloud-node-s74g1 in cloud-node,2
364,1672.9279999999999,Konnichiwa from hello-cloud-node-s74g1 in cloud-node,5
365,1435.208,Konnichiwa from hello-cloud-node-s74g1 in cloud-node,2
366,1673.435,Konnichiwa from hello-cloud-node-s74g1 in cloud-node,5
367,1434.232,Konnichiwa from hello-cloud-node-s74g1 in cloud-node,2
368,3340.4440000000004,Konnichiwa from hello-cloud-node-s74g1 in cloud-node,5
369,3340.163,Konnichiwa from hello-cloud-node-s74g1 in cloud-node,2
370,3338.85,Konnichiwa from hello-cloud-node-s74g1 in cloud-node,5
371,3340.408,Konnichiwa from hello-cloud-node-s74g1 in cloud-node,2
372,1675.633,Konnichiwa from hello-cloud-node-s74g1 in cloud-node,5
373,1437.577,Konnichiwa from hello-cloud-node-s74g1 in cloud-node,2
374,1673.8090000000002,Konnichiwa from hello-cloud-node-s74g1 in cloud-node,5
375,1435.891,Konnichiwa from hello-cloud-node-s74g1 in cloud-node,2
376,1674.011,Konnichiwa from hello-cloud-node-s74g1 in cloud-node,5
377,1436.568,Konnichiwa from hello-cloud-node-s74g1 in cloud-node,2
378,1674.784,Konnichiwa from hello-cloud-node-s74g1 in cloud-node,5
379,1435.952,Konnichiwa from hello-cloud-node-s74g1 in cloud-node,2
380,3341.603,Konnichiwa from hello-cloud-node-s74g1 in cloud-node,5
381,1258.838,Konnichiwa from hello-cloud-node-s74g1 in cloud-node,2
382,3340.812,Konnichiwa from hello-cloud-node-s74g1 in cloud-node,5
383,1256.828,Konnichiwa from hello-cloud-node-s74g1 in cloud-node,2
384,3341.447,Konnichiwa from hello-cloud-node-s74g1 in cloud-node,5
385,1258.914,Konnichiwa from hello-cloud-node-s74g1 in cloud-node,2
386,3341.897,Konnichiwa from hello-cloud-node-s74g1 in cloud-node,5
387,1673.9109999999998,Konnichiwa from hello-cloud-node-s74g1 in cloud-node,2
388,3341.54,Konnichiwa from hello-cloud-node-s74g1 in cloud-node,5
389,1674.137,Konnichiwa from hello-cloud-node-s74g1 in cloud-node,2
390,2006.5149999999999,Konnichiwa from hello-cloud-node-s74g1 in cloud-node,5
391,1673.625,Konnichiwa from hello-cloud-node-s74g1 in cloud-node,2
392,2007.3180000000002,Konnichiwa from hello-cloud-node-s74g1 in cloud-node,5
393,5007.37,Konnichiwa from hello-cloud-node-s74g1 in cloud-node,2
394,2506.708,Konnichiwa from hello-cloud-node-s74g1 in cloud-node,5
395,5007.046,Konnichiwa from hello-cloud-node-s74g1 in cloud-node,2
396,2506.399,Konnichiwa from hello-cloud-node-s74g1 in cloud-node,5
397,1672.376,Konnichiwa from hello-cloud-node-s74g1 in cloud-node,2
398,5005.913,Konnichiwa from hello-cloud-node-s74g1 in cloud-node,5
399,1671.907,Konnichiwa from hello-cloud-node-s74g1 in cloud-node,2
400,5006.195,Konnichiwa from hello-cloud-node-s74g1 in cloud-node,5
401,5007.341,Konnichiwa from hello-cloud-node-s74g1 in cloud-node,2
402,3338.953,Konnichiwa from hello-cloud-node-s74g1 in cloud-node,5
403,5006.515,Konnichiwa from hello-cloud-node-s74g1 in cloud-node,2
404,3339.347,Konnichiwa from hello-cloud-node-s74g1 in cloud-node,5
405,1257.8039999999999,Konnichiwa from hello-cloud-node-s74g1 in cloud-node,2
406,2007.145,Konnichiwa from hello-cloud-node-s74g1 in cloud-node,5
407,1257.877,Konnichiwa from hello-cloud-node-s74g1 in cloud-node,2
408,2005.777,Konnichiwa from hello-cloud-node-s74g1 in cloud-node,5
409,1256.389,Konnichiwa from hello-cloud-node-s74g1 in cloud-node,2
410,2006.8100000000002,Konnichiwa from hello-cloud-node-s74g1 in cloud-node,5
411,1257.483,Konnichiwa from hello-cloud-node-s74g1 in cloud-node,2
412,2006.3439999999998,Konnichiwa from hello-cloud-node-s74g1 in cloud-node,5
413,10007.322,Konnichiwa from hello-cloud-node-s74g1 in cloud-node,2
414,1436.53,Konnichiwa from hello-cloud-node-s74g1 in cloud-node,5
415,3339.083,Konnichiwa from hello-cloud-node-s74g1 in cloud-node,2
416,1433.711,Konnichiwa from hello-cloud-node-s74g1 in cloud-node,5
417,3338.316,Konnichiwa from hello-cloud-node-s74g1 in cloud-node,2
418,1434.723,Konnichiwa from hello-cloud-node-s74g1 in cloud-node,5
419,3338.693,Konnichiwa from hello-cloud-node-s74g1 in cloud-node,2
420,2006.7710000000002,Konnichiwa from hello-cloud-node-s74g1 in cloud-node,5
421,1673.482,Konnichiwa from hello-cloud-node-s74g1 in cloud-node,2
422,2006.7569999999998,Konnichiwa from hello-cloud-node-s74g1 in cloud-node,5
423,1673.5420000000001,Konnichiwa from hello-cloud-node-s74g1 in cloud-node,2
424,2005.814,Konnichiwa from hello-cloud-node-s74g1 in cloud-node,5
425,1673.174,Konnichiwa from hello-cloud-node-s74g1 in cloud-node,2
426,3338.989,Konnichiwa from hello-cloud-node-s74g1 in cloud-node,5
427,2506.334,Konnichiwa from hello-cloud-node-s74g1 in cloud-node,2
428,3338.756,Konnichiwa from hello-cloud-node-s74g1 in cloud-node,5
429,2506.7050000000004,Konnichiwa from hello-cloud-node-s74g1 in cloud-node,2
430,2507.628,Konnichiwa from hello-cloud-node-s74g1 in cloud-node,5
431,2506.69,Konnichiwa from hello-cloud-node-s74g1 in cloud-node,2
432,2506.218,Konnichiwa from hello-cloud-node-s74g1 in cloud-node,5
433,2506.0,Konnichiwa from hello-cloud-node-s74g1 in cloud-node,2
434,2506.591,Konnichiwa from hello-cloud-node-s74g1 in cloud-node,5
435,1257.205,Konnichiwa from hello-cloud-node-s74g1 in cloud-node,2
436,2506.1059999999998,Konnichiwa from hello-cloud-node-s74g1 in cloud-node,5
437,1256.7939999999999,Konnichiwa from hello-cloud-node-s74g1 in cloud-node,2
438,2507.7639999999997,Konnichiwa from hello-cloud-node-s74g1 in cloud-node,5
439,1258.022,Konnichiwa from hello-cloud-node-s74g1 in cloud-node,2
440,1006.4820000000001,Konnichiwa from hello-cloud-node-s74g1 in cloud-node,5
441,1259.1680000000001,Konnichiwa from hello-cloud-node-s74g1 in cloud-node,2
442,1007.4129999999999,Konnichiwa from hello-cloud-node-s74g1 in cloud-node,5
443,2505.9779999999996,Konnichiwa from hello-cloud-node-s74g1 in cloud-node,2
444,1006.271,Konnichiwa from hello-cloud-node-s74g1 in cloud-node,5
445,2507.341,Konnichiwa from hello-cloud-node-s74g1 in cloud-node,2
446,1006.1999999999999,Konnichiwa from hello-cloud-node-s74g1 in cloud-node,5
447,2505.816,Konnichiwa from hello-cloud-node-s74g1 in cloud-node,2
448,1672.9940000000001,Konnichiwa from hello-cloud-node-s74g1 in cloud-node,5
449,2010.017,Konnichiwa from hello-cloud-node-s74g1 in cloud-node,2
450,1675.459,Konnichiwa from hello-cloud-node-s74g1 in cloud-node,5
451,2006.245,Konnichiwa from hello-cloud-node-s74g1 in cloud-node,2
452,1672.733,Konnichiwa from hello-cloud-node-s74g1 in cloud-node,5
453,2006.653,Konnichiwa from hello-cloud-node-s74g1 in cloud-node,2
454,1009.039,Konnichiwa from hello-cloud-node-s74g1 in cloud-node,5
455,1672.789,Konnichiwa from hello-cloud-node-s74g1 in cloud-node,2
456,1005.9229999999999,Konnichiwa from hello-cloud-node-s74g1 in cloud-node,5
457,1671.896,Konnichiwa from hello-cloud-node-s74g1 in cloud-node,2
458,1006.9449999999999,Konnichiwa from hello-cloud-node-s74g1 in cloud-node,5
459,1673.061,Konnichiwa from hello-cloud-node-s74g1 in cloud-node,2
460,1005.8059999999999,Konnichiwa from hello-cloud-node-s74g1 in cloud-node,5
461,1672.971,Konnichiwa from hello-cloud-node-s74g1 in cloud-node,2
462,1673.769,Konnichiwa from hello-cloud-node-s74g1 in cloud-node,5
463,2506.914,Konnichiwa from hello-cloud-node-s74g1 in cloud-node,2
464,1672.3539999999998,Konnichiwa from hello-cloud-node-s74g1 in cloud-node,5
465,2506.685,Konnichiwa from hello-cloud-node-s74g1 in cloud-node,2
466,1673.183,Konnichiwa from hello-cloud-node-s74g1 in cloud-node,5
467,2505.612,Konnichiwa from hello-cloud-node-s74g1 in cloud-node,2
468,5006.8679999999995,Konnichiwa from hello-cloud-node-s74g1 in cloud-node,5
469,2007.37,Konnichiwa from hello-cloud-node-s74g1 in cloud-node,2
470,5007.213,Konnichiwa from hello-cloud-node-s74g1 in cloud-node,5
471,2005.325,Konnichiwa from hello-cloud-node-s74g1 in cloud-node,2
472,2007.9009999999998,Konnichiwa from hello-cloud-node-s74g1 in cloud-node,5
473,2007.78,Konnichiwa from hello-cloud-node-s74g1 in cloud-node,2
474,2006.662,Konnichiwa from hello-cloud-node-s74g1 in cloud-node,5
475,2006.8670000000002,Konnichiwa from hello-cloud-node-s74g1 in cloud-node,2
476,2009.199,Konnichiwa from hello-cloud-node-s74g1 in cloud-node,5
477,2008.944,Konnichiwa from hello-cloud-node-s74g1 in cloud-node,2
478,2507.0280000000002,Konnichiwa from hello-cloud-node-s74g1 in cloud-node,5
479,1436.6380000000001,Konnichiwa from hello-cloud-node-s74g1 in cloud-node,2
480,2508.3579999999997,Konnichiwa from hello-cloud-node-s74g1 in cloud-node,5
481,1434.211,Konnichiwa from hello-cloud-node-s74g1 in cloud-node,2
482,2507.032,Konnichiwa from hello-cloud-node-s74g1 in cloud-node,5
483,1435.189,Konnichiwa from hello-cloud-node-s74g1 in cloud-node,2
484,1436.126,Konnichiwa from hello-cloud-node-s74g1 in cloud-node,5
485,1674.345,Konnichiwa from hello-cloud-node-s74g1 in cloud-node,2
486,1435.274,Konnichiwa from hello-cloud-node-s74g1 in cloud-node,5
487,1673.2169999999999,Konnichiwa from hello-cloud-node-s74g1 in cloud-node,2
488,1435.6390000000001,Konnichiwa from hello-cloud-node-s74g1 in cloud-node,5
489,1673.295,Konnichiwa from hello-cloud-node-s74g1 in cloud-node,2
490,1434.587,Konnichiwa from hello-cloud-node-s74g1 in cloud-node,5
491,1672.8780000000002,Konnichiwa from hello-cloud-node-s74g1 in cloud-node,2
492,5005.969,Konnichiwa from hello-cloud-node-s74g1 in cloud-node,5
493,1118.017,Konnichiwa from hello-cloud-node-s74g1 in cloud-node,2
494,5006.086,Konnichiwa from hello-cloud-node-s74g1 in cloud-node,5
495,1116.117,Konnichiwa from hello-cloud-node-s74g1 in cloud-node,2
496,1673.417,Konnichiwa from hello-cloud-node-s74g1 in cloud-node,5
497,1117.797,Konnichiwa from hello-cloud-node-s74g1 in cloud-node,2
498,1673.1229999999998,Konnichiwa from hello-cloud-node-s74g1 in cloud-node,5
499,2006.7279999999998,Konnichiwa from hello-cloud-node-s74g1 in cloud-node,2
500,1672.468,Konnichiwa from hello-cloud-node-s74g1 in cloud-node,5
501,2005.433,Konnichiwa from hello-cloud-node-s74g1 in cloud-node,2
502,2506.636,Konnichiwa from hello-cloud-node-s74g1 in cloud-node,5
503,2006.2890000000002,Konnichiwa from hello-cloud-node-s74g1 in cloud-node,2
504,2505.759,Konnichiwa from hello-cloud-node-s74g1 in cloud-node,5
505,1673.263,Konnichiwa from hello-cloud-node-s74g1 in cloud-node,2
506,2506.192,Konnichiwa from hello-cloud-node-s74g1 in cloud-node,5
507,1674.196,Konnichiwa from hello-cloud-node-s74g1 in cloud-node,2
508,5006.903,Konnichiwa from hello-cloud-node-s74g1 in cloud-node,5
509,1673.397,Konnichiwa from hello-cloud-node-s74g1 in cloud-node,2
510,5007.349999999999,Konnichiwa from hello-cloud-node-s74g1 in cloud-node,5
511,1673.798,Konnichiwa from hello-cloud-node-s74g1 in cloud-node,2
512,1436.033,Konnichiwa from hello-cloud-node-s74g1 in cloud-node,5
513,1672.375,Konnichiwa from hello-cloud-node-s74g1 in cloud-node,2
514,1434.05,Konnichiwa from hello-cloud-node-s74g1 in cloud-node,5
515,1434.98,Konnichiwa from hello-cloud-node-s74g1 in cloud-node,2
516,1435.5990000000002,Konnichiwa from hello-cloud-node-s74g1 in cloud-node,5
517,1435.2659999999998,Konnichiwa from hello-cloud-node-s74g1 in cloud-node,2
518,1435.4940000000001,Konnichiwa from hello-cloud-node-s74g1 in cloud-node,5
519,1436.2189999999998,Konnichiwa from hello-cloud-node-s74g1 in cloud-node,2
520,1674.546,Konnichiwa from hello-cloud-node-s74g1 in cloud-node,5
521,1434.66,Konnichiwa from hello-cloud-node-s74g1 in cloud-node,2
522,1672.9650000000001,Konnichiwa from hello-cloud-node-s74g1 in cloud-node,5
523,1435.48,Konnichiwa from hello-cloud-node-s74g1 in cloud-node,2
524,1672.612,Konnichiwa from hello-cloud-node-s74g1 in cloud-node,5
525,1436.404,Konnichiwa from hello-cloud-node-s74g1 in cloud-node,2
526,1674.809,Konnichiwa from hello-cloud-node-s74g1 in cloud-node,5
527,1434.215,Konnichiwa from hello-cloud-node-s74g1 in cloud-node,2
528,3339.682,Konnichiwa from hello-cloud-node-s74g1 in cloud-node,5
529,1010.222,Konnichiwa from hello-cloud-node-s74g1 in cloud-node,2
530,3343.285,Konnichiwa from hello-cloud-node-s74g1 in cloud-node,5
531,1005.495,Konnichiwa from hello-cloud-node-s74g1 in cloud-node,2
532,3338.667,Konnichiwa from hello-cloud-node-s74g1 in cloud-node,5
533,1007.007,Konnichiwa from hello-cloud-node-s74g1 in cloud-node,2
534,1673.052,Konnichiwa from hello-cloud-node-s74g1 in cloud-node,5
535,3341.0890000000004,Konnichiwa from hello-cloud-node-s74g1 in cloud-node,2
536,1673.171,Konnichiwa from hello-cloud-node-s74g1 in cloud-node,5
537,3340.643,Konnichiwa from hello-cloud-node-s74g1 in cloud-node,2
538,10008.65,Konnichiwa from hello-cloud-node-s74g1 in cloud-node,5
539,1259.047,Konnichiwa from hello-cloud-node-s74g1 in cloud-node,2
540,1256.346,Konnichiwa from hello-cloud-node-s74g1 in cloud-node,5
541,1255.4129999999998,Konnichiwa from hello-cloud-node-s74g1 in cloud-node,2
542,1257.457,Konnichiwa from hello-cloud-node-s74g1 in cloud-node,5
543,1256.526,Konnichiwa from hello-cloud-node-s74g1 in cloud-node,2
544,1255.426,Konnichiwa from hello-cloud-node-s74g1 in cloud-node,5
545,1256.386,Konnichiwa from hello-cloud-node-s74g1 in cloud-node,2
546,1257.1429999999998,Konnichiwa from hello-cloud-node-s74g1 in cloud-node,5
547,1119.0910000000001,Konnichiwa from hello-cloud-node-s74g1 in cloud-node,2
548,1256.726,Konnichiwa from hello-cloud-node-s74g1 in cloud-node,5
549,1117.9399999999998,Konnichiwa from hello-cloud-node-s74g1 in cloud-node,2
550,1673.552,Konnichiwa from hello-cloud-node-s74g1 in cloud-node,5
551,1118.2430000000002,Konnichiwa from hello-cloud-node-s74g1 in cloud-node,2
552,1672.2030000000002,Konnichiwa from hello-cloud-node-s74g1 in cloud-node,5
553,1117.039,Konnichiwa from hello-cloud-node-s74g1 in cloud-node,2
554,1674.493,Konnichiwa from hello-cloud-node-s74g1 in cloud-node,5
555,5007.376,Konnichiwa from hello-cloud-node-s74g1 in cloud-node,2
556,1435.0810000000001,Konnichiwa from hello-cloud-node-s74g1 in cloud-node,5
557,5006.281999999999,Konnichiwa from hello-cloud-node-s74g1 in cloud-node,2
558,1434.039,Konnichiwa from hello-cloud-node-s74g1 in cloud-node,5
559,10008.711,Konnichiwa from hello-cloud-node-s74g1 in cloud-node,2
560,5007.787,Konnichiwa from hello-cloud-node-s74g1 in cloud-node,5
561,2007.565,Konnichiwa from hello-cloud-node-s74g1 in cloud-node,2
562,5006.428,Konnichiwa from hello-cloud-node-s74g1 in cloud-node,5
563,2007.0100000000002,Konnichiwa from hello-cloud-node-s74g1 in cloud-node,2
564,2506.927,Konnichiwa from hello-cloud-node-s74g1 in cloud-node,5
565,1256.93,Konnichiwa from hello-cloud-node-s74g1 in cloud-node,2
566,2505.539,Konnichiwa from hello-cloud-node-s74g1 in cloud-node,5
567,1256.662,Konnichiwa from hello-cloud-node-s74g1 in cloud-node,2
568,2506.627,Konnichiwa from hello-cloud-node-s74g1 in cloud-node,5
569,1256.895,Konnichiwa from hello-cloud-node-s74g1 in cloud-node,2
570,2006.82,Konnichiwa from hello-cloud-node-s74g1 in cloud-node,5
571,1672.78,Konnichiwa from hello-cloud-node-s74g1 in cloud-node,2
572,2005.627,Konnichiwa from hello-cloud-node-s74g1 in cloud-node,5
573,1671.792,Konnichiwa from hello-cloud-node-s74g1 in cloud-node,2
574,2007.0269999999998,Konnichiwa from hello-cloud-node-s74g1 in cloud-node,5
575,1673.72,Konnichiwa from hello-cloud-node-s74g1 in cloud-node,2
576,3340.132,Konnichiwa from hello-cloud-node-s74g1 in cloud-node,5
577,10006.966999999999,Konnichiwa from hello-cloud-node-s74g1 in cloud-node,2
578,1435.268,Konnichiwa from hello-cloud-node-s74g1 in cloud-node,5
579,2507.368,Konnichiwa from hello-cloud-node-s74g1 in cloud-node,2
580,1434.547,Konnichiwa from hello-cloud-node-s74g1 in cloud-node,5
581,2506.162,Konnichiwa from hello-cloud-node-s74g1 in cloud-node,2
582,1433.855,Konnichiwa from hello-cloud-node-s74g1 in cloud-node,5
583,2506.361,Konnichiwa from hello-cloud-node-s74g1 in cloud-node,2
584,2006.5080000000003,Konnichiwa from hello-cloud-node-s74g1 in cloud-node,5
585,1674.5049999999999,Konnichiwa from hello-cloud-node-s74g1 in cloud-node,2
586,2008.043,Konnichiwa from hello-cloud-node-s74g1 in cloud-node,5
587,1674.547,Konnichiwa from hello-cloud-node-s74g1 in cloud-node,2
588,2008.699,Konnichiwa from hello-cloud-node-s74g1 in cloud-node,5
589,1674.15,Konnichiwa from hello-cloud-node-s74g1 in cloud-node,2
590,2506.1040000000003,Konnichiwa from hello-cloud-node-s74g1 in cloud-node,5
591,1674.086,Konnichiwa from hello-cloud-node-s74g1 in cloud-node,2
592,2505.776,Konnichiwa from hello-cloud-node-s74g1 in cloud-node,5
593,1672.698,Konnichiwa from hello-cloud-node-s74g1 in cloud-node,2
594,2505.5550000000003,Konnichiwa from hello-cloud-node-s74g1 in cloud-node,5
595,1673.192,Konnichiwa from hello-cloud-node-s74g1 in cloud-node,2
596,2506.73,Konnichiwa from hello-cloud-node-s74g1 in cloud-node,5
597,1673.6519999999998,Konnichiwa from hello-cloud-node-s74g1 in cloud-node,2
598,2505.9610000000002,Konnichiwa from hello-cloud-node-s74g1 in cloud-node,5
599,1672.281,Konnichiwa from hello-cloud-node-s74g1 in cloud-node,2
600,2506.222,Konnichiwa from hello-cloud-node-s74g1 in cloud-node,5
601,1674.043,Konnichiwa from hello-cloud-node-s74g1 in cloud-node,2
602,5007.005,Konnichiwa from hello-cloud-node-s74g1 in cloud-node,5
603,3341.24,Konnichiwa from hello-cloud-node-s74g1 in cloud-node,2
604,5007.616,Konnichiwa from hello-cloud-node-s74g1 in cloud-node,5
605,3339.963,Konnichiwa from hello-cloud-node-s74g1 in cloud-node,2
606,2007.539,Konnichiwa from hello-cloud-node-s74g1 in cloud-node,5
607,1435.87,Konnichiwa from hello-cloud-node-s74g1 in cloud-node,2
608,2007.341,Konnichiwa from hello-cloud-node-s74g1 in cloud-node,5
609,1435.138,Konnichiwa from hello-cloud-node-s74g1 in cloud-node,2
610,2007.2869999999998,Konnichiwa from hello-cloud-node-s74g1 in cloud-node,5
611,1434.5049999999999,Konnichiwa from hello-cloud-node-s74g1 in cloud-node,2
612,1673.308,Konnichiwa from hello-cloud-node-s74g1 in cloud-node,5
613,1434.978,Konnichiwa from hello-cloud-node-s74g1 in cloud-node,2
614,1672.736,Konnichiwa from hello-cloud-node-s74g1 in cloud-node,5
615,3339.966,Konnichiwa from hello-cloud-node-s74g1 in cloud-node,2
616,1672.6000000000001,Konnichiwa from hello-cloud-node-s74g1 in cloud-node,5
617,3339.8439999999996,Konnichiwa from hello-cloud-node-s74g1 in cloud-node,2
618,5007.138,Konnichiwa from hello-cloud-node-s74g1 in cloud-node,5
619,2507.729,Konnichiwa from hello-cloud-node-s74g1 in cloud-node,2
620,5007.411,Konnichiwa from hello-cloud-node-s74g1 in cloud-node,5
621,2507.353,Konnichiwa from hello-cloud-node-s74g1 in cloud-node,2
622,3340.2470000000003,Konnichiwa from hello-cloud-node-s74g1 in cloud-node,5
623,5006.926,Konnichiwa from hello-cloud-node-s74g1 in cloud-node,2
624,3338.318,Konnichiwa from hello-cloud-node-s74g1 in cloud-node,5
625,5006.098,Konnichiwa from hello-cloud-node-s74g1 in cloud-node,2
626,2005.893,Konnichiwa from hello-cloud-node-s74g1 in cloud-node,5
627,2506.168,Konnichiwa from hello-cloud-node-s74g1 in cloud-node,2
628,2006.1399999999999,Konnichiwa from hello-cloud-node-s74g1 in cloud-node,5
629,2505.921,Konnichiwa from hello-cloud-node-s74g1 in cloud-node,2
630,2006.548,Konnichiwa from hello-cloud-node-s74g1 in cloud-node,5
631,2507.332,Konnichiwa from hello-cloud-node-s74g1 in cloud-node,2
632,1437.06,Konnichiwa from hello-cloud-node-s74g1 in cloud-node,5
633,841.573,Konnichiwa from hello-cloud-node-s74g1 in cloud-node,2
634,1435.923,Konnichiwa from hello-cloud-node-s74g1 in cloud-node,5
635,840.0419999999999,Konnichiwa from hello-cloud-node-s74g1 in cloud-node,2
636,1435.906,Konnichiwa from hello-cloud-node-s74g1 in cloud-node,5
637,840.022,Konnichiwa from hello-cloud-node-s74g1 in cloud-node,2
638,1435.786,Konnichiwa from hello-cloud-node-s74g1 in cloud-node,5
639,841.992,Konnichiwa from hello-cloud-node-s74g1 in cloud-node,2
640,1436.61,Konnichiwa from hello-cloud-node-s74g1 in cloud-node,5
641,841.292,Konnichiwa from hello-cloud-node-s74g1 in cloud-node,2
642,2008.092,Konnichiwa from hello-cloud-node-s74g1 in cloud-node,5
643,2508.188,Konnichiwa from hello-cloud-node-s74g1 in cloud-node,2
644,2007.079,Konnichiwa from hello-cloud-node-s74g1 in cloud-node,5
645,2506.455,Konnichiwa from hello-cloud-node-s74g1 in cloud-node,2
646,2007.2,Konnichiwa from hello-cloud-node-s74g1 in cloud-node,5
647,2507.142,Konnichiwa from hello-cloud-node-s74g1 in cloud-node,2
648,1673.0149999999999,Konnichiwa from hello-cloud-node-s74g1 in cloud-node,5
649,5008.742,Konnichiwa from hello-cloud-node-s74g1 in cloud-node,2
650,1676.034,Konnichiwa from hello-cloud-node-s74g1 in cloud-node,5
651,5005.853,Konnichiwa from hello-cloud-node-s74g1 in cloud-node,2
652,1673.306,Konnichiwa from hello-cloud-node-s74g1 in cloud-node,5
653,3340.926,Konnichiwa from hello-cloud-node-s74g1 in cloud-node,2
654,1673.139,Konnichiwa from hello-cloud-node-s74g1 in cloud-node,5
655,3340.672,Konnichiwa from hello-cloud-node-s74g1 in cloud-node,2
656,2007.4879999999998,Konnichiwa from hello-cloud-node-s74g1 in cloud-node,5
657,1673.471,Konnichiwa from hello-cloud-node-s74g1 in cloud-node,2
658,2006.38,Konnichiwa from hello-cloud-node-s74g1 in cloud-node,5
659,1672.942,Konnichiwa from hello-cloud-node-s74g1 in cloud-node,2
660,2005.6970000000001,Konnichiwa from hello-cloud-node-s74g1 in cloud-node,5
661,1672.689,Konnichiwa from hello-cloud-node-s74g1 in cloud-node,2
662,2007.083,Konnichiwa from hello-cloud-node-s74g1 in cloud-node,5
663,10006.405,Konnichiwa from hello-cloud-node-s74g1 in cloud-node,2
664,10006.983999999999,Konnichiwa from hello-cloud-node-s74g1 in cloud-node,5
665,10006.769999999999,Konnichiwa from hello-cloud-node-s74g1 in cloud-node,2
666,10005.815,Konnichiwa from hello-cloud-node-s74g1 in cloud-node,5
667,2008.0149999999999,Konnichiwa from hello-cloud-node-s74g1 in cloud-node,2
668,2507.5319999999997,Konnichiwa from hello-cloud-node-s74g1 in cloud-node,5
669,2005.8060000000003,Konnichiwa from hello-cloud-node-s74g1 in cloud-node,2
670,2505.674,Konnichiwa from hello-cloud-node-s74g1 in cloud-node,5
671,2006.276,Konnichiwa from hello-cloud-node-s74g1 in cloud-node,2
672,2505.799,Konnichiwa from hello-cloud-node-s74g1 in cloud-node,5
673,10005.778,Konnichiwa from hello-cloud-node-s74g1 in cloud-node,2
674,1673.926,Konnichiwa from hello-cloud-node-s74g1 in cloud-node,5
675,1673.872,Konnichiwa from hello-cloud-node-s74g1 in cloud-node,2
676,1672.384,Konnichiwa from hello-cloud-node-s74g1 in cloud-node,5
677,1672.156,Konnichiwa from hello-cloud-node-s74g1 in cloud-node,2
678,1674.192,Konnichiwa from hello-cloud-node-s74g1 in cloud-node,5
679,1673.743,Konnichiwa from hello-cloud-node-s74g1 in cloud-node,2
680,3339.979,Konnichiwa from hello-cloud-node-s74g1 in cloud-node,5
681,1672.7920000000001,Konnichiwa from hello-cloud-node-s74g1 in cloud-node,2
682,3339.39,Konnichiwa from hello-cloud-node-s74g1 in cloud-node,5
683,1674.423,Konnichiwa from hello-cloud-node-s74g1 in cloud-node,2
684,5010.142,Konnichiwa from hello-cloud-node-s74g1 in cloud-node,5
685,1121.962,Konnichiwa from hello-cloud-node-s74g1 in cloud-node,2
686,5006.399,Konnichiwa from hello-cloud-node-s74g1 in cloud-node,5
687,1118.549,Konnichiwa from hello-cloud-node-s74g1 in cloud-node,2
688,2008.2369999999999,Konnichiwa from hello-cloud-node-s74g1 in cloud-node,5
689,1119.229,Konnichiwa from hello-cloud-node-s74g1 in cloud-node,2
690,2008.9920000000002,Konnichiwa from hello-cloud-node-s74g1 in cloud-node,5
691,3342.925,Konnichiwa from hello-cloud-node-s74g1 in cloud-node,2
692,2006.768,Konnichiwa from hello-cloud-node-s74g1 in cloud-node,5
693,3339.4539999999997,Konnichiwa from hello-cloud-node-s74g1 in cloud-node,2
694,3340.112,Konnichiwa from hello-cloud-node-s74g1 in cloud-node,5
695,3339.471,Konnichiwa from hello-cloud-node-s74g1 in cloud-node,2
696,3339.2200000000003,Konnichiwa from hello-cloud-node-s74g1 in cloud-node,5
697,3340.2349999999997,Konnichiwa from hello-cloud-node-s74g1 in cloud-node,2
698,1257.4579999999999,Konnichiwa from hello-cloud-node-s74g1 in cloud-node,5
699,5007.792,Konnichiwa from hello-cloud-node-s74g1 in cloud-node,2
700,1257.365,Konnichiwa from hello-cloud-node-s74g1 in cloud-node,5
701,5007.19,Konnichiwa from hello-cloud-node-s74g1 in cloud-node,2
702,1673.4569999999999,Konnichiwa from hello-cloud-node-s74g1 in cloud-node,5
703,917.5269999999999,Konnichiwa from hello-cloud-node-s74g1 in cloud-node,2
704,1673.5739999999998,Konnichiwa from hello-cloud-node-s74g1 in cloud-node,5
705,914.727,Konnichiwa from hello-cloud-node-s74g1 in cloud-node,2
706,1672.612,Konnichiwa from hello-cloud-node-s74g1 in cloud-node,5
707,916.379,Konnichiwa from hello-cloud-node-s74g1 in cloud-node,2
708,1672.857,Konnichiwa from hello-cloud-node-s74g1 in cloud-node,5
709,914.948,Konnichiwa from hello-cloud-node-s74g1 in cloud-node,2
710,3339.35,Konnichiwa from hello-cloud-node-s74g1 in cloud-node,5
711,3342.355,Konnichiwa from hello-cloud-node-s74g1 in cloud-node,2
712,3342.5699999999997,Konnichiwa from hello-cloud-node-s74g1 in cloud-node,5
713,3340.3179999999998,Konnichiwa from hello-cloud-node-s74g1 in cloud-node,2
714,1257.896,Konnichiwa from hello-cloud-node-s74g1 in cloud-node,5
715,2006.9889999999998,Konnichiwa from hello-cloud-node-s74g1 in cloud-node,2
716,1256.648,Konnichiwa from hello-cloud-node-s74g1 in cloud-node,5
717,2006.8260000000002,Konnichiwa from hello-cloud-node-s74g1 in cloud-node,2
718,1256.875,Konnichiwa from hello-cloud-node-s74g1 in cloud-node,5
719,2006.869,Konnichiwa from hello-cloud-node-s74g1 in cloud-node,2
720,1256.2169999999999,Konnichiwa from hello-cloud-node-s74g1 in cloud-node,5
721,2006.2250000000001,Konnichiwa from hello-cloud-node-s74g1 in cloud-node,2
722,3339.083,Konnichiwa from hello-cloud-node-s74g1 in cloud-node,5
723,2007.5069999999998,Konnichiwa from hello-cloud-node-s74g1 in cloud-node,2
724,3339.6569999999997,Konnichiwa from hello-cloud-node-s74g1 in cloud-node,5
725,2007.5240000000001,Konnichiwa from hello-cloud-node-s74g1 in cloud-node,2
726,1259.565,Konnichiwa from hello-cloud-node-s74g1 in cloud-node,5
727,2005.8980000000001,Konnichiwa from hello-cloud-node-s74g1 in cloud-node,2
728,1257.337,Konnichiwa from hello-cloud-node-s74g1 in cloud-node,5
729,13341.883,Konnichiwa from hello-cloud-node-s74g1 in cloud-node,2
730,2008.0209999999997,Konnichiwa from hello-cloud-node-s74g1 in cloud-node,5
731,3340.673,Konnichiwa from hello-cloud-node-s74g1 in cloud-node,2
732,2007.5660000000003,Konnichiwa from hello-cloud-node-s74g1 in cloud-node,5
733,5008.142000000001,Konnichiwa from hello-cloud-node-s74g1 in cloud-node,2
734,1257.489,Konnichiwa from hello-cloud-node-s74g1 in cloud-node,5
735,5007.757,Konnichiwa from hello-cloud-node-s74g1 in cloud-node,2
736,1256.4820000000002,Konnichiwa from hello-cloud-node-s74g1 in cloud-node,5
737,1119.336,Konnichiwa from hello-cloud-node-s74g1 in cloud-node,2
738,1256.604,Konnichiwa from hello-cloud-node-s74g1 in cloud-node,5
739,1118.674,Konnichiwa from hello-cloud-node-s74g1 in cloud-node,2
740,1436.701,Konnichiwa from hello-cloud-node-s74g1 in cloud-node,5
741,1116.941,Konnichiwa from hello-cloud-node-s74g1 in cloud-node,2
742,1435.246,Konnichiwa from hello-cloud-node-s74g1 in cloud-node,5
743,1118.245,Konnichiwa from hello-cloud-node-s74g1 in cloud-node,2
744,1434.3729999999998,Konnichiwa from hello-cloud-node-s74g1 in cloud-node,5
745,2508.238,Konnichiwa from hello-cloud-node-s74g1 in cloud-node,2
746,1435.3,Konnichiwa from hello-cloud-node-s74g1 in cloud-node,5
747,2506.0950000000003,Konnichiwa from hello-cloud-node-s74g1 in cloud-node,2
748,2007.393,Konnichiwa from hello-cloud-node-s74g1 in cloud-node,5
749,2506.09,Konnichiwa from hello-cloud-node-s74g1 in cloud-node,2
750,2007.7410000000002,Konnichiwa from hello-cloud-node-s74g1 in cloud-node,5
751,1436.291,Konnichiwa from hello-cloud-node-s74g1 in cloud-node,2
752,2007.381,Konnichiwa from hello-cloud-node-s74g1 in cloud-node,5
753,1434.931,Konnichiwa from hello-cloud-node-s74g1 in cloud-node,2
754,5006.235000000001,Konnichiwa from hello-cloud-node-s74g1 in cloud-node,5
755,1433.463,Konnichiwa from hello-cloud-node-s74g1 in cloud-node,2
756,5006.719,Konnichiwa from hello-cloud-node-s74g1 in cloud-node,5
757,1118.421,Konnichiwa from hello-cloud-node-s74g1 in cloud-node,2
758,2508.213,Konnichiwa from hello-cloud-node-s74g1 in cloud-node,5
759,1117.7379999999998,Konnichiwa from hello-cloud-node-s74g1 in cloud-node,2
760,2506.447,Konnichiwa from hello-cloud-node-s74g1 in cloud-node,5
761,1118.401,Konnichiwa from hello-cloud-node-s74g1 in cloud-node,2
762,2506.355,Konnichiwa from hello-cloud-node-s74g1 in cloud-node,5
763,5005.958,Konnichiwa from hello-cloud-node-s74g1 in cloud-node,2
764,1256.4869999999999,Konnichiwa from hello-cloud-node-s74g1 in cloud-node,5
765,5005.424,Konnichiwa from hello-cloud-node-s74g1 in cloud-node,2
766,1255.833,Konnichiwa from hello-cloud-node-s74g1 in cloud-node,5
767,2007.8390000000002,Konnichiwa from hello-cloud-node-s74g1 in cloud-node,2
768,1257.3319999999999,Konnichiwa from hello-cloud-node-s74g1 in cloud-node,5
769,2006.3749999999998,Konnichiwa from hello-cloud-node-s74g1 in cloud-node,2
770,5007.575,Konnichiwa from hello-cloud-node-s74g1 in cloud-node,5
771,1673.838,Konnichiwa from hello-cloud-node-s74g1 in cloud-node,2
772,5007.879,Konnichiwa from hello-cloud-node-s74g1 in cloud-node,5
773,1674.54,Konnichiwa from hello-cloud-node-s74g1 in cloud-node,2
774,1675.011,Konnichiwa from hello-cloud-node-s74g1 in cloud-node,5
775,1117.7330000000002,Konnichiwa from hello-cloud-node-s74g1 in cloud-node,2
776,1673.3709999999999,Konnichiwa from hello-cloud-node-s74g1 in cloud-node,5
777,1117.6200000000001,Konnichiwa from hello-cloud-node-s74g1 in cloud-node,2
778,1673.4340000000002,Konnichiwa from hello-cloud-node-s74g1 in cloud-node,5
779,1117.544,Konnichiwa from hello-cloud-node-s74g1 in cloud-node,2
780,1673.465,Konnichiwa from hello-cloud-node-s74g1 in cloud-node,5
781,1117.6,Konnichiwa from hello-cloud-node-s74g1 in cloud-node,2
782,3340.612,Konnichiwa from hello-cloud-node-s74g1 in cloud-node,5
783,1256.897,Konnichiwa from hello-cloud-node-s74g1 in cloud-node,2
784,3339.077,Konnichiwa from hello-cloud-node-s74g1 in cloud-node,5
785,1255.533,Konnichiwa from hello-cloud-node-s74g1 in cloud-node,2
786,3340.0089999999996,Konnichiwa from hello-cloud-node-s74g1 in cloud-node,5
787,1255.846,Konnichiwa from hello-cloud-node-s74g1 in cloud-node,2
788,2506.791,Konnichiwa from hello-cloud-node-s74g1 in cloud-node,5
789,1672.572,Konnichiwa from hello-cloud-node-s74g1 in cloud-node,2
790,2505.761,Konnichiwa from hello-cloud-node-s74g1 in cloud-node,5
791,1673.309,Konnichiwa from hello-cloud-node-s74g1 in cloud-node,2
792,2507.946,Konnichiwa from hello-cloud-node-s74g1 in cloud-node,5
793,1674.134,Konnichiwa from hello-cloud-node-s74g1 in cloud-node,2
794,5007.365,Konnichiwa from hello-cloud-node-s74g1 in cloud-node,5
795,2006.952,Konnichiwa from hello-cloud-node-s74g1 in cloud-node,2
796,5006.512,Konnichiwa from hello-cloud-node-s74g1 in cloud-node,5
797,2007.771,Konnichiwa from hello-cloud-node-s74g1 in cloud-node,2
798,2506.6290000000004,Konnichiwa from hello-cloud-node-s74g1 in cloud-node,5
799,3341.437,Konnichiwa from hello-cloud-node-s74g1 in cloud-node,2
800,2507.3599999999997,Konnichiwa from hello-cloud-node-s74g1 in cloud-node,5
801,3338.6209999999996,Konnichiwa from hello-cloud-node-s74g1 in cloud-node,2
802,1438.784,Konnichiwa from hello-cloud-node-s74g1 in cloud-node,5
803,1438.531,Konnichiwa from hello-cloud-node-s74g1 in cloud-node,2
804,1435.209,Konnichiwa from hello-cloud-node-s74g1 in cloud-node,5
805,1435.894,Konnichiwa from hello-cloud-node-s74g1 in cloud-node,2
806,1437.655,Konnichiwa from hello-cloud-node-s74g1 in cloud-node,5
807,1438.083,Konnichiwa from hello-cloud-node-s74g1 in cloud-node,2
808,1434.338,Konnichiwa from hello-cloud-node-s74g1 in cloud-node,5
809,1434.826,Konnichiwa from hello-cloud-node-s74g1 in cloud-node,2
810,2007.3590000000002,Konnichiwa from hello-cloud-node-s74g1 in cloud-node,5
811,1674.415,Konnichiwa from hello-cloud-node-s74g1 in cloud-node,2
812,2008.2420000000002,Konnichiwa from hello-cloud-node-s74g1 in cloud-node,5
813,1675.76,Konnichiwa from hello-cloud-node-s74g1 in cloud-node,2
814,2008.553,Konnichiwa from hello-cloud-node-s74g1 in cloud-node,5
815,1674.607,Konnichiwa from hello-cloud-node-s74g1 in cloud-node,2
816,1674.532,Konnichiwa from hello-cloud-node-s74g1 in cloud-node,5
817,1436.544,Konnichiwa from hello-cloud-node-s74g1 in cloud-node,2
818,1673.227,Konnichiwa from hello-cloud-node-s74g1 in cloud-node,5
819,1436.527,Konnichiwa from hello-cloud-node-s74g1 in cloud-node,2
820,1673.4640000000002,Konnichiwa from hello-cloud-node-s74g1 in cloud-node,5
821,1434.546,Konnichiwa from hello-cloud-node-s74g1 in cloud-node,2
822,1672.644,Konnichiwa from hello-cloud-node-s74g1 in cloud-node,5
823,1435.276,Konnichiwa from hello-cloud-node-s74g1 in cloud-node,2
824,1258.0059999999999,Konnichiwa from hello-cloud-node-s74g1 in cloud-node,5
825,1257.639,Konnichiwa from hello-cloud-node-s74g1 in cloud-node,2
826,1256.7710000000002,Konnichiwa from hello-cloud-node-s74g1 in cloud-node,5
827,1256.054,Konnichiwa from hello-cloud-node-s74g1 in cloud-node,2
828,1256.2169999999999,Konnichiwa from hello-cloud-node-s74g1 in cloud-node,5
829,1257.866,Konnichiwa from hello-cloud-node-s74g1 in cloud-node,2
830,1257.128,Konnichiwa from hello-cloud-node-s74g1 in cloud-node,5
831,1256.433,Konnichiwa from hello-cloud-node-s74g1 in cloud-node,2
832,3340.4500000000003,Konnichiwa from hello-cloud-node-s74g1 in cloud-node,5
833,3339.5950000000003,Konnichiwa from hello-cloud-node-s74g1 in cloud-node,2
834,3340.096,Konnichiwa from hello-cloud-node-s74g1 in cloud-node,5
835,3340.852,Konnichiwa from hello-cloud-node-s74g1 in cloud-node,2
836,1435.891,Konnichiwa from hello-cloud-node-s74g1 in cloud-node,5
837,5007.307,Konnichiwa from hello-cloud-node-s74g1 in cloud-node,2
838,1435.292,Konnichiwa from hello-cloud-node-s74g1 in cloud-node,5
839,5005.794,Konnichiwa from hello-cloud-node-s74g1 in cloud-node,2
840,3339.4370000000004,Konnichiwa from hello-cloud-node-s74g1 in cloud-node,5
841,1256.059,Konnichiwa from hello-cloud-node-s74g1 in cloud-node,2
842,3338.4770000000003,Konnichiwa from hello-cloud-node-s74g1 in cloud-node,5
843,1257.704,Konnichiwa from hello-cloud-node-s74g1 in cloud-node,2
844,3340.9399999999996,Konnichiwa from hello-cloud-node-s74g1 in cloud-node,5
845,1256.408,Konnichiwa from hello-cloud-node-s74g1 in cloud-node,2
846,10007.495,Konnichiwa from hello-cloud-node-s74g1 in cloud-node,5
847,2508.146,Konnichiwa from hello-cloud-node-s74g1 in cloud-node,2
848,1674.295,Konnichiwa from hello-cloud-node-s74g1 in cloud-node,5
849,2507.482,Konnichiwa from hello-cloud-node-s74g1 in cloud-node,2
850,1673.128,Konnichiwa from hello-cloud-node-s74g1 in cloud-node,5
851,2506.631,Konnichiwa from hello-cloud-node-s74g1 in cloud-node,2
852,1673.121,Konnichiwa from hello-cloud-node-s74g1 in cloud-node,5
853,3341.3759999999997,Konnichiwa from hello-cloud-node-s74g1 in cloud-node,2
854,2008.115,Konnichiwa from hello-cloud-node-s74g1 in cloud-node,5
855,3341.059,Konnichiwa from hello-cloud-node-s74g1 in cloud-node,2
856,2006.0159999999998,Konnichiwa from hello-cloud-node-s74g1 in cloud-node,5
857,2008.198,Konnichiwa from hello-cloud-node-s74g1 in cloud-node,2
858,2006.634,Konnichiwa from hello-cloud-node-s74g1 in cloud-node,5
859,2006.3399999999997,Konnichiwa from hello-cloud-node-s74g1 in cloud-node,2
860,1435.53,Konnichiwa from hello-cloud-node-s74g1 in cloud-node,5
861,2007.0009999999997,Konnichiwa from hello-cloud-node-s74g1 in cloud-node,2
862,1434.272,Konnichiwa from hello-cloud-node-s74g1 in cloud-node,5
863,1673.875,Konnichiwa from hello-cloud-node-s74g1 in cloud-node,2
864,1434.0839999999998,Konnichiwa from hello-cloud-node-s74g1 in cloud-node,5
865,1672.8860000000002,Konnichiwa from hello-cloud-node-s74g1 in cloud-node,2
866,1434.013,Konnichiwa from hello-cloud-node-s74g1 in cloud-node,5
867,1671.836,Konnichiwa from hello-cloud-node-s74g1 in cloud-node,2
868,10007.989,Konnichiwa from hello-cloud-node-s74g1 in cloud-node,5
869,1119.985,Konnichiwa from hello-cloud-node-s74g1 in cloud-node,2
870,2507.819,Konnichiwa from hello-cloud-node-s74g1 in cloud-node,5
871,1118.874,Konnichiwa from hello-cloud-node-s74g1 in cloud-node,2
872,2506.716,Konnichiwa from hello-cloud-node-s74g1 in cloud-node,5
873,1117.855,Konnichiwa from hello-cloud-node-s74g1 in cloud-node,2
874,2507.46,Konnichiwa from hello-cloud-node-s74g1 in cloud-node,5
875,1672.896,Konnichiwa from hello-cloud-node-s74g1 in cloud-node,2
876,2505.673,Konnichiwa from hello-cloud-node-s74g1 in cloud-node,5
877,1674.027,Konnichiwa from hello-cloud-node-s74g1 in cloud-node,2
878,2506.433,Konnichiwa from hello-cloud-node-s74g1 in cloud-node,5
879,1672.915,Konnichiwa from hello-cloud-node-s74g1 in cloud-node,2
880,2505.351,Konnichiwa from hello-cloud-node-s74g1 in cloud-node,5
881,5007.188,Konnichiwa from hello-cloud-node-s74g1 in cloud-node,2
882,2006.745,Konnichiwa from hello-cloud-node-s74g1 in cloud-node,5
883,5006.495,Konnichiwa from hello-cloud-node-s74g1 in cloud-node,2
884,2005.265,Konnichiwa from hello-cloud-node-s74g1 in cloud-node,5
885,1672.8970000000002,Konnichiwa from hello-cloud-node-s74g1 in cloud-node,2
886,5006.46,Konnichiwa from hello-cloud-node-s74g1 in cloud-node,5
887,1674.1699999999998,Konnichiwa from hello-cloud-node-s74g1 in cloud-node,2
888,5006.656000000001,Konnichiwa from hello-cloud-node-s74g1 in cloud-node,5
889,5006.47,Konnichiwa from hello-cloud-node-s74g1 in cloud-node,2
890,1435.778,Konnichiwa from hello-cloud-node-s74g1 in cloud-node,5
891,5005.924,Konnichiwa from hello-cloud-node-s74g1 in cloud-node,2
892,1434.6000000000001,Konnichiwa from hello-cloud-node-s74g1 in cloud-node,5
893,5007.252,Konnichiwa from hello-cloud-node-s74g1 in cloud-node,2
894,1675.403,Konnichiwa from hello-cloud-node-s74g1 in cloud-node,5
895,5007.472,Konnichiwa from hello-cloud-node-s74g1 in cloud-node,2
896,1673.3990000000001,Konnichiwa from hello-cloud-node-s74g1 in cloud-node,5
897,1257.5700000000002,Konnichiwa from hello-cloud-node-s74g1 in cloud-node,2
898,1674.155,Konnichiwa from hello-cloud-node-s74g1 in cloud-node,5
899,1255.706,Konnichiwa from hello-cloud-node-s74g1 in cloud-node,2
900,5005.349,Konnichiwa from hello-cloud-node-s74g1 in cloud-node,5
901,1256.1299999999999,Konnichiwa from hello-cloud-node-s74g1 in cloud-node,2
902,5007.331,Konnichiwa from hello-cloud-node-s74g1 in cloud-node,5
903,1673.49,Konnichiwa from hello-cloud-node-s74g1 in cloud-node,2
904,2506.206,Konnichiwa from hello-cloud-node-s74g1 in cloud-node,5
905,1673.324,Konnichiwa from hello-cloud-node-s74g1 in cloud-node,2
906,2506.484,Konnichiwa from hello-cloud-node-s74g1 in cloud-node,5
907,1673.472,Konnichiwa from hello-cloud-node-s74g1 in cloud-node,2
908,2505.946,Konnichiwa from hello-cloud-node-s74g1 in cloud-node,5
909,2006.376,Konnichiwa from hello-cloud-node-s74g1 in cloud-node,2
910,2007.3919999999998,Konnichiwa from hello-cloud-node-s74g1 in cloud-node,5
911,2006.895,Konnichiwa from hello-cloud-node-s74g1 in cloud-node,2
912,2006.341,Konnichiwa from hello-cloud-node-s74g1 in cloud-node,5
913,2007.288,Konnichiwa from hello-cloud-node-s74g1 in cloud-node,2
914,2007.3439999999998,Konnichiwa from hello-cloud-node-s74g1 in cloud-node,5
915,3341.341,Konnichiwa from hello-cloud-node-s74g1 in cloud-node,2
916,1435.953,Konnichiwa from hello-cloud-node-s74g1 in cloud-node,5
917,3340.5119999999997,Konnichiwa from hello-cloud-node-s74g1 in cloud-node,2
918,1434.772,Konnichiwa from hello-cloud-node-s74g1 in cloud-node,5
919,3340.369,Konnichiwa from hello-cloud-node-s74g1 in cloud-node,2
920,1434.868,Konnichiwa from hello-cloud-node-s74g1 in cloud-node,5
921,2006.7930000000001,Konnichiwa from hello-cloud-node-s74g1 in cloud-node,2
922,2506.62,Konnichiwa from hello-cloud-node-s74g1 in cloud-node,5
923,2006.152,Konnichiwa from hello-cloud-node-s74g1 in cloud-node,2
924,2505.541,Konnichiwa from hello-cloud-node-s74g1 in cloud-node,5
925,2005.338,Konnichiwa from hello-cloud-node-s74g1 in cloud-node,2
926,2507.1259999999997,Konnichiwa from hello-cloud-node-s74g1 in cloud-node,5
927,2507.362,Konnichiwa from hello-cloud-node-s74g1 in cloud-node,2
928,3340.604,Konnichiwa from hello-cloud-node-s74g1 in cloud-node,5
929,2507.994,Konnichiwa from hello-cloud-node-s74g1 in cloud-node,2
930,3341.635,Konnichiwa from hello-cloud-node-s74g1 in cloud-node,5
931,10008.039999999999,Konnichiwa from hello-cloud-node-s74g1 in cloud-node,2
932,3341.129,Konnichiwa from hello-cloud-node-s74g1 in cloud-node,5
933,2006.9629999999997,Konnichiwa from hello-cloud-node-s74g1 in cloud-node,2
934,3339.245,Konnichiwa from hello-cloud-node-s74g1 in cloud-node,5
935,2005.8470000000002,Konnichiwa from hello-cloud-node-s74g1 in cloud-node,2
936,1673.484,Konnichiwa from hello-cloud-node-s74g1 in cloud-node,5
937,2005.522,Konnichiwa from hello-cloud-node-s74g1 in cloud-node,2
938,1672.1889999999999,Konnichiwa from hello-cloud-node-s74g1 in cloud-node,5
939,2006.6419999999998,Konnichiwa from hello-cloud-node-s74g1 in cloud-node,2
940,1673.106,Konnichiwa from hello-cloud-node-s74g1 in cloud-node,5
941,2007.212,Konnichiwa from hello-cloud-node-s74g1 in cloud-node,2
942,2509.363,Konnichiwa from hello-cloud-node-s74g1 in cloud-node,5
943,2006.878,Konnichiwa from hello-cloud-node-s74g1 in cloud-node,2
944,2505.9339999999997,Konnichiwa from hello-cloud-node-s74g1 in cloud-node,5
945,1257.617,Konnichiwa from hello-cloud-node-s74g1 in cloud-node,2
946,2506.056,Konnichiwa from hello-cloud-node-s74g1 in cloud-node,5
947,1255.222,Konnichiwa from hello-cloud-node-s74g1 in cloud-node,2
948,1436.4479999999999,Konnichiwa from hello-cloud-node-s74g1 in cloud-node,5
949,1257.781,Konnichiwa from hello-cloud-node-s74g1 in cloud-node,2
950,1435.703,Konnichiwa from hello-cloud-node-s74g1 in cloud-node,5
951,1256.164,Konnichiwa from hello-cloud-node-s74g1 in cloud-node,2
952,1434.984,Konnichiwa from hello-cloud-node-s74g1 in cloud-node,5
953,2007.2649999999999,Konnichiwa from hello-cloud-node-s74g1 in cloud-node,2
954,1435.9299999999998,Konnichiwa from hello-cloud-node-s74g1 in cloud-node,5
955,2006.5040000000001,Konnichiwa from hello-cloud-node-s74g1 in cloud-node,2
956,1007.661,Konnichiwa from hello-cloud-node-s74g1 in cloud-node,5
957,2005.7610000000002,Konnichiwa from hello-cloud-node-s74g1 in cloud-node,2
958,1006.818,Konnichiwa from hello-cloud-node-s74g1 in cloud-node,5
959,2008.683,Konnichiwa from hello-cloud-node-s74g1 in cloud-node,2
960,1005.2719999999999,Konnichiwa from hello-cloud-node-s74g1 in cloud-node,5
961,2008.368,Konnichiwa from hello-cloud-node-s74g1 in cloud-node,2
962,1008.6820000000001,Konnichiwa from hello-cloud-node-s74g1 in cloud-node,5
963,2006.1779999999999,Konnichiwa from hello-cloud-node-s74g1 in cloud-node,2
964,2505.887,Konnichiwa from hello-cloud-node-s74g1 in cloud-node,5
965,2005.592,Konnichiwa from hello-cloud-node-s74g1 in cloud-node,2
966,2506.098,Konnichiwa from hello-cloud-node-s74g1 in cloud-node,5
967,2007.006,Konnichiwa from hello-cloud-node-s74g1 in cloud-node,2
968,2506.3179999999998,Konnichiwa from hello-cloud-node-s74g1 in cloud-node,5
969,2006.249,Konnichiwa from hello-cloud-node-s74g1 in cloud-node,2
970,1006.316,Konnichiwa from hello-cloud-node-s74g1 in cloud-node,5
971,2009.128,Konnichiwa from hello-cloud-node-s74g1 in cloud-node,2
972,1008.9840000000002,Konnichiwa from hello-cloud-node-s74g1 in cloud-node,5
973,5005.722,Konnichiwa from hello-cloud-node-s74g1 in cloud-node,2
974,1005.238,Konnichiwa from hello-cloud-node-s74g1 in cloud-node,5
975,5006.614,Konnichiwa from hello-cloud-node-s74g1 in cloud-node,2
976,3339.583,Konnichiwa from hello-cloud-node-s74g1 in cloud-node,5
977,1672.7320000000002,Konnichiwa from hello-cloud-node-s74g1 in cloud-node,2
978,3338.7400000000002,Konnichiwa from hello-cloud-node-s74g1 in cloud-node,5
979,1672.081,Konnichiwa from hello-cloud-node-s74g1 in cloud-node,2
980,1674.4840000000002,Konnichiwa from hello-cloud-node-s74g1 in cloud-node,5
981,1673.077,Konnichiwa from hello-cloud-node-s74g1 in cloud-node,2
982,1672.723,Konnichiwa from hello-cloud-node-s74g1 in cloud-node,5
983,1436.041,Konnichiwa from hello-cloud-node-s74g1 in cloud-node,2
984,1673.653,Konnichiwa from hello-cloud-node-s74g1 in cloud-node,5
985,1434.807,Konnichiwa from hello-cloud-node-s74g1 in cloud-node,2
986,1672.372,Konnichiwa from hello-cloud-node-s74g1 in cloud-node,5
987,1437.134,Konnichiwa from hello-cloud-node-s74g1 in cloud-node,2
988,3342.8619999999996,Konnichiwa from hello-cloud-node-s74g1 in cloud-node,5
989,1435.834,Konnichiwa from hello-cloud-node-s74g1 in cloud-node,2
990,3340.419,Konnichiwa from hello-cloud-node-s74g1 in cloud-node,5
991,1435.565,Konnichiwa from hello-cloud-node-s74g1 in cloud-node,2
992,3338.76,Konnichiwa from hello-cloud-node-s74g1 in cloud-node,5
993,1435.32,Konnichiwa from hello-cloud-node-s74g1 in cloud-node,2
994,840.837,Konnichiwa from hello-cloud-node-s74g1 in cloud-node,5
995,1674.5710000000001,Konnichiwa from hello-cloud-node-s74g1 in cloud-node,2
996,839.3399999999999,Konnichiwa from hello-cloud-node-s74g1 in cloud-node,5
997,1672.745,Konnichiwa from hello-cloud-node-s74g1 in cloud-node,2
998,838.844,Konnichiwa from hello-cloud-node-s74g1 in cloud-node,5
999,1673.463,Konnichiwa from hello-cloud-node-s74g1 in cloud-node,2
1000,838.9250000000001,Konnichiwa from hello-cloud-node-s74g1 in cloud-node,5
1001,1673.109,Konnichiwa from hello-cloud-node-s74g1 in cloud-node,2
1002,2506.665,Konnichiwa from hello-cloud-node-s74g1 in cloud-node,5
1003,3340.501,Konnichiwa from hello-cloud-node-s74g1 in cloud-node,2
1004,2506.217,Konnichiwa from hello-cloud-node-s74g1 in cloud-node,5
1005,3338.923,Konnichiwa from hello-cloud-node-s74g1 in cloud-node,2
1006,2007.571,Konnichiwa from hello-cloud-node-s74g1 in cloud-node,5
1007,5005.814,Konnichiwa from hello-cloud-node-s74g1 in cloud-node,2
1008,2005.5200000000002,Konnichiwa from hello-cloud-node-s74g1 in cloud-node,5
1009,5005.101,Konnichiwa from hello-cloud-node-s74g1 in cloud-node,2
1010,2006.5,Konnichiwa from hello-cloud-node-s74g1 in cloud-node,5
1011,2507.3889999999997,Konnichiwa from hello-cloud-node-s74g1 in cloud-node,2
1012,2005.763,Konnichiwa from hello-cloud-node-s74g1 in cloud-node,5
1013,2507.045,Konnichiwa from hello-cloud-node-s74g1 in cloud-node,2
1014,2007.4,Konnichiwa from hello-cloud-node-s74g1 in cloud-node,5
1015,2506.181,Konnichiwa from hello-cloud-node-s74g1 in cloud-node,2
1016,10006.405,Konnichiwa from hello-cloud-node-s74g1 in cloud-node,5
1017,1673.6390000000001,Konnichiwa from hello-cloud-node-s74g1 in cloud-node,2
1018,1257.613,Konnichiwa from hello-cloud-node-s74g1 in cloud-node,5
1019,1673.4869999999999,Konnichiwa from hello-cloud-node-s74g1 in cloud-node,2
1020,1256.464,Konnichiwa from hello-cloud-node-s74g1 in cloud-node,5
1021,1672.038,Konnichiwa from hello-cloud-node-s74g1 in cloud-node,2
1022,1256.697,Konnichiwa from hello-cloud-node-s74g1 in cloud-node,5
1023,1672.599,Konnichiwa from hello-cloud-node-s74g1 in cloud-node,2
1024,1255.886,Konnichiwa from hello-cloud-node-s74g1 in cloud-node,5
1025,2507.288,Konnichiwa from hello-cloud-node-s74g1 in cloud-node,2
1026,2008.0710000000001,Konnichiwa from hello-cloud-node-s74g1 in cloud-node,5
1027,2507.738,Konnichiwa from hello-cloud-node-s74g1 in cloud-node,2
1028,2007.3310000000001,Konnichiwa from hello-cloud-node-s74g1 in cloud-node,5
1029,2506.168,Konnichiwa from hello-cloud-node-s74g1 in cloud-node,2
1030,2005.462,Konnichiwa from hello-cloud-node-s74g1 in cloud-node,5
1031,1673.8249999999998,Konnichiwa from hello-cloud-node-s74g1 in cloud-node,2
1032,2007.6689999999999,Konnichiwa from hello-cloud-node-s74g1 in cloud-node,5
1033,1673.176,Konnichiwa from hello-cloud-node-s74g1 in cloud-node,2
1034,2006.123,Konnichiwa from hello-cloud-node-s74g1 in cloud-node,5
1035,1673.162,Konnichiwa from hello-cloud-node-s74g1 in cloud-node,2
1036,2006.58,Konnichiwa from hello-cloud-node-s74g1 in cloud-node,5
1037,3339.693,Konnichiwa from hello-cloud-node-s74g1 in cloud-node,2
1038,1691.883,Konnichiwa from hello-cloud-node-s74g1 in cloud-node,5
1039,3357.543,Konnichiwa from hello-cloud-node-s74g1 in cloud-node,2
1040,1673.248,Konnichiwa from hello-cloud-node-s74g1 in cloud-node,5
1041,2007.991,Konnichiwa from hello-cloud-node-s74g1 in cloud-node,2
1042,1674.107,Konnichiwa from hello-cloud-node-s74g1 in cloud-node,5
1043,2005.0569999999998,Konnichiwa from hello-cloud-node-s74g1 in cloud-node,2
1044,2506.8450000000003,Konnichiwa from hello-cloud-node-s74g1 in cloud-node,5
1045,2006.39,Konnichiwa from hello-cloud-node-s74g1 in cloud-node,2
1046,2506.041,Konnichiwa from hello-cloud-node-s74g1 in cloud-node,5
1047,1256.781,Konnichiwa from hello-cloud-node-s74g1 in cloud-node,2
1048,2507.459,Konnichiwa from hello-cloud-node-s74g1 in cloud-node,5
1049,1257.037,Konnichiwa from hello-cloud-node-s74g1 in cloud-node,2
1050,1673.5359999999998,Konnichiwa from hello-cloud-node-s74g1 in cloud-node,5
1051,1255.978,Konnichiwa from hello-cloud-node-s74g1 in cloud-node,2
1052,1672.483,Konnichiwa from hello-cloud-node-s74g1 in cloud-node,5
1053,1255.9579999999999,Konnichiwa from hello-cloud-node-s74g1 in cloud-node,2
1054,1672.295,Konnichiwa from hello-cloud-node-s74g1 in cloud-node,5
1055,2507.555,Konnichiwa from hello-cloud-node-s74g1 in cloud-node,2
1056,1674.327,Konnichiwa from hello-cloud-node-s74g1 in cloud-node,5
1057,2508.66,Konnichiwa from hello-cloud-node-s74g1 in cloud-node,2
1058,1673.672,Konnichiwa from hello-cloud-node-s74g1 in cloud-node,5
1059,2506.134,Konnichiwa from hello-cloud-node-s74g1 in cloud-node,2
1060,1673.346,Konnichiwa from hello-cloud-node-s74g1 in cloud-node,5
1061,1256.811,Konnichiwa from hello-cloud-node-s74g1 in cloud-node,2
1062,1434.855,Konnichiwa from hello-cloud-node-s74g1 in cloud-node,5
1063,1254.703,Konnichiwa from hello-cloud-node-s74g1 in cloud-node,2
1064,1433.496,Konnichiwa from hello-cloud-node-s74g1 in cloud-node,5
1065,1257.2,Konnichiwa from hello-cloud-node-s74g1 in cloud-node,2
1066,1434.819,Konnichiwa from hello-cloud-node-s74g1 in cloud-node,5
1067,1255.6989999999998,Konnichiwa from hello-cloud-node-s74g1 in cloud-node,2
1068,1435.484,Konnichiwa from hello-cloud-node-s74g1 in cloud-node,5
1069,2506.7560000000003,Konnichiwa from hello-cloud-node-s74g1 in cloud-node,2
1070,1117.9889999999998,Konnichiwa from hello-cloud-node-s74g1 in cloud-node,5
1071,2505.7200000000003,Konnichiwa from hello-cloud-node-s74g1 in cloud-node,2
1072,1118.573,Konnichiwa from hello-cloud-node-s74g1 in cloud-node,5
1073,2508.116,Konnichiwa from hello-cloud-node-s74g1 in cloud-node,2
1074,1118.303,Konnichiwa from hello-cloud-node-s74g1 in cloud-node,5
1075,2507.4649999999997,Konnichiwa from hello-cloud-node-s74g1 in cloud-node,2
1076,5006.96,Konnichiwa from hello-cloud-node-s74g1 in cloud-node,5
1077,2505.732,Konnichiwa from hello-cloud-node-s74g1 in cloud-node,2
1078,5006.501,Konnichiwa from hello-cloud-node-s74g1 in cloud-node,5
1079,2007.3759999999997,Konnichiwa from hello-cloud-node-s74g1 in cloud-node,2
1080,2007.014,Konnichiwa from hello-cloud-node-s74g1 in cloud-node,5
1081,2007.9099999999999,Konnichiwa from hello-cloud-node-s74g1 in cloud-node,2
1082,2006.109,Konnichiwa from hello-cloud-node-s74g1 in cloud-node,5
1083,2006.71,Konnichiwa from hello-cloud-node-s74g1 in cloud-node,2
1084,2007.0739999999998,Konnichiwa from hello-cloud-node-s74g1 in cloud-node,5
1085,1009.1410000000001,Konnichiwa from hello-cloud-node-s74g1 in cloud-node,2
1086,10007.866999999998,Konnichiwa from hello-cloud-node-s74g1 in cloud-node,5
1087,1437.54,Konnichiwa from hello-cloud-node-s74g1 in cloud-node,2
1088,1435.265,Konnichiwa from hello-cloud-node-s74g1 in cloud-node,5
1089,1435.275,Konnichiwa from hello-cloud-node-s74g1 in cloud-node,2
1090,1434.559,Konnichiwa from hello-cloud-node-s74g1 in cloud-node,5
1091,1435.397,Konnichiwa from hello-cloud-node-s74g1 in cloud-node,2
1092,1436.018,Konnichiwa from hello-cloud-node-s74g1 in cloud-node,5
1093,1434.9050000000002,Konnichiwa from hello-cloud-node-s74g1 in cloud-node,2
1094,1434.4969999999998,Konnichiwa from hello-cloud-node-s74g1 in cloud-node,5
1095,1436.2839999999999,Konnichiwa from hello-cloud-node-s74g1 in cloud-node,2
1096,3339.757,Konnichiwa from hello-cloud-node-s74g1 in cloud-node,5
1097,1433.7740000000001,Konnichiwa from hello-cloud-node-s74g1 in cloud-node,2
1098,3340.453,Konnichiwa from hello-cloud-node-s74g1 in cloud-node,5
1099,1434.064,Konnichiwa from hello-cloud-node-s74g1 in cloud-node,2
1100,3338.542,Konnichiwa from hello-cloud-node-s74g1 in cloud-node,5
1101,2006.3010000000002,Konnichiwa from hello-cloud-node-s74g1 in cloud-node,2
1102,1255.432,Konnichiwa from hello-cloud-node-s74g1 in cloud-node,5
1103,2006.0889999999997,Konnichiwa from hello-cloud-node-s74g1 in cloud-node,2
1104,1256.202,Konnichiwa from hello-cloud-node-s74g1 in cloud-node,5
1105,2007.164,Konnichiwa from hello-cloud-node-s74g1 in cloud-node,2
1106,1257.078,Konnichiwa from hello-cloud-node-s74g1 in cloud-node,5
1107,2005.6419999999998,Konnichiwa from hello-cloud-node-s74g1 in cloud-node,2
1108,1255.868,Konnichiwa from hello-cloud-node-s74g1 in cloud-node,5
1109,915.9620000000001,Konnichiwa from hello-cloud-node-s74g1 in cloud-node,2
1110,1673.604,Konnichiwa from hello-cloud-node-s74g1 in cloud-node,5
1111,914.908,Konnichiwa from hello-cloud-node-s74g1 in cloud-node,2
1112,1674.068,Konnichiwa from hello-cloud-node-s74g1 in cloud-node,5
1113,915.1890000000001,Konnichiwa from hello-cloud-node-s74g1 in cloud-node,2
1114,1672.961,Konnichiwa from hello-cloud-node-s74g1 in cloud-node,5
1115,916.095,Konnichiwa from hello-cloud-node-s74g1 in cloud-node,2
1116,1672.899,Konnichiwa from hello-cloud-node-s74g1 in cloud-node,5
1117,10007.52,Konnichiwa from hello-cloud-node-s74g1 in cloud-node,2
1118,1436.142,Konnichiwa from hello-cloud-node-s74g1 in cloud-node,5
1119,1674.075,Konnichiwa from hello-cloud-node-s74g1 in cloud-node,2
1120,1436.414,Konnichiwa from hello-cloud-node-s74g1 in cloud-node,5
1121,1674.866,Konnichiwa from hello-cloud-node-s74g1 in cloud-node,2
1122,1434.017,Konnichiwa from hello-cloud-node-s74g1 in cloud-node,5
1123,1674.058,Konnichiwa from hello-cloud-node-s74g1 in cloud-node,2
1124,1434.736,Konnichiwa from hello-cloud-node-s74g1 in cloud-node,5
1125,1673.8249999999998,Konnichiwa from hello-cloud-node-s74g1 in cloud-node,2
1126,3339.543,Konnichiwa from hello-cloud-node-s74g1 in cloud-node,5
1127,1674.518,Konnichiwa from hello-cloud-node-s74g1 in cloud-node,2
1128,3338.997,Konnichiwa from hello-cloud-node-s74g1 in cloud-node,5
1129,1674.047,Konnichiwa from hello-cloud-node-s74g1 in cloud-node,2
1130,1674.083,Konnichiwa from hello-cloud-node-s74g1 in cloud-node,5
1131,1673.3690000000001,Konnichiwa from hello-cloud-node-s74g1 in cloud-node,2
1132,1674.531,Konnichiwa from hello-cloud-node-s74g1 in cloud-node,5
1133,1673.602,Konnichiwa from hello-cloud-node-s74g1 in cloud-node,2
1134,1672.637,Konnichiwa from hello-cloud-node-s74g1 in cloud-node,5
1135,1673.882,Konnichiwa from hello-cloud-node-s74g1 in cloud-node,2
1136,1257.696,Konnichiwa from hello-cloud-node-s74g1 in cloud-node,5
1137,1673.943,Konnichiwa from hello-cloud-node-s74g1 in cloud-node,2
1138,1256.1480000000001,Konnichiwa from hello-cloud-node-s74g1 in cloud-node,5
1139,1672.989,Konnichiwa from hello-cloud-node-s74g1 in cloud-node,2
1140,1257.072,Konnichiwa from hello-cloud-node-s74g1 in cloud-node,5
1141,2506.136,Konnichiwa from hello-cloud-node-s74g1 in cloud-node,2
1142,1256.445,Konnichiwa from hello-cloud-node-s74g1 in cloud-node,5
1143,2506.763,Konnichiwa from hello-cloud-node-s74g1 in cloud-node,2
1144,3341.101,Konnichiwa from hello-cloud-node-s74g1 in cloud-node,5
1145,2506.563,Konnichiwa from hello-cloud-node-s74g1 in cloud-node,2
1146,3339.319,Konnichiwa from hello-cloud-node-s74g1 in cloud-node,5
1147,10008.727,Konnichiwa from hello-cloud-node-s74g1 in cloud-node,2
1148,2008.6360000000002,Konnichiwa from hello-cloud-node-s74g1 in cloud-node,5
1149,5007.327,Konnichiwa from hello-cloud-node-s74g1 in cloud-node,2
1150,2006.352,Konnichiwa from hello-cloud-node-s74g1 in cloud-node,5
1151,5006.131,Konnichiwa from hello-cloud-node-s74g1 in cloud-node,2
1152,1256.928,Konnichiwa from hello-cloud-node-s74g1 in cloud-node,5
1153,1435.362,Konnichiwa from hello-cloud-node-s74g1 in cloud-node,2
1154,1256.094,Konnichiwa from hello-cloud-node-s74g1 in cloud-node,5
1155,1434.6350000000002,Konnichiwa from hello-cloud-node-s74g1 in cloud-node,2
1156,1256.0059999999999,Konnichiwa from hello-cloud-node-s74g1 in cloud-node,5
1157,1434.8590000000002,Konnichiwa from hello-cloud-node-s74g1 in cloud-node,2
1158,1256.9589999999998,Konnichiwa from hello-cloud-node-s74g1 in cloud-node,5
1159,1434.681,Konnichiwa from hello-cloud-node-s74g1 in cloud-node,2
1160,1674.9350000000002,Konnichiwa from hello-cloud-node-s74g1 in cloud-node,5
1161,1256.231,Konnichiwa from hello-cloud-node-s74g1 in cloud-node,2
1162,1672.32,Konnichiwa from hello-cloud-node-s74g1 in cloud-node,5
1163,1254.9859999999999,Konnichiwa from hello-cloud-node-s74g1 in cloud-node,2
1164,1672.245,Konnichiwa from hello-cloud-node-s74g1 in cloud-node,5
1165,1256.597,Konnichiwa from hello-cloud-node-s74g1 in cloud-node,2
1166,1673.3329999999999,Konnichiwa from hello-cloud-node-s74g1 in cloud-node,5
1167,1256.81,Konnichiwa from hello-cloud-node-s74g1 in cloud-node,2
1168,2506.885,Konnichiwa from hello-cloud-node-s74g1 in cloud-node,5
1169,2508.052,Konnichiwa from hello-cloud-node-s74g1 in cloud-node,2
1170,2506.1420000000003,Konnichiwa from hello-cloud-node-s74g1 in cloud-node,5
1171,2506.026,Konnichiwa from hello-cloud-node-s74g1 in cloud-node,2
1172,10006.778,Konnichiwa from hello-cloud-node-s74g1 in cloud-node,5
1173,3339.2889999999998,Konnichiwa from hello-cloud-node-s74g1 in cloud-node,2
1174,5005.542,Konnichiwa from hello-cloud-node-s74g1 in cloud-node,5
1175,3339.0240000000003,Konnichiwa from hello-cloud-node-s74g1 in cloud-node,2
1176,5006.157,Konnichiwa from hello-cloud-node-s74g1 in cloud-node,5
1177,3342.033,Konnichiwa from hello-cloud-node-s74g1 in cloud-node,2
1178,2006.7780000000002,Konnichiwa from hello-cloud-node-s74g1 in cloud-node,5
1179,3340.38,Konnichiwa from hello-cloud-node-s74g1 in cloud-node,2
1180,2007.4160000000002,Konnichiwa from hello-cloud-node-s74g1 in cloud-node,5
1181,5007.289,Konnichiwa from hello-cloud-node-s74g1 in cloud-node,2
1182,2006.646,Konnichiwa from hello-cloud-node-s74g1 in cloud-node,5
1183,5005.541,Konnichiwa from hello-cloud-node-s74g1 in cloud-node,2
1184,2005.893,Konnichiwa from hello-cloud-node-s74g1 in cloud-node,5
1185,2007.3310000000001,Konnichiwa from hello-cloud-node-s74g1 in cloud-node,2
1186,1674.0790000000002,Konnichiwa from hello-cloud-node-s74g1 in cloud-node,5
1187,2007.879,Konnichiwa from hello-cloud-node-s74g1 in cloud-node,2
1188,1673.427,Konnichiwa from hello-cloud-node-s74g1 in cloud-node,5
1189,2006.5750000000003,Konnichiwa from hello-cloud-node-s74g1 in cloud-node,2
1190,1673.465,Konnichiwa from hello-cloud-node-s74g1 in cloud-node,5
1191,1118.438,Konnichiwa from hello-cloud-node-s74g1 in cloud-node,2
1192,1261.173,Konnichiwa from hello-cloud-node-s74g1 in cloud-node,5
1193,1119.648,Konnichiwa from hello-cloud-node-s74g1 in cloud-node,2
1194,1256.7649999999999,Konnichiwa from hello-cloud-node-s74g1 in cloud-node,5
1195,1117.083,Konnichiwa from hello-cloud-node-s74g1 in cloud-node,2
1196,1255.846,Konnichiwa from hello-cloud-node-s74g1 in cloud-node,5
1197,1116.9070000000002,Konnichiwa from hello-cloud-node-s74g1 in cloud-node,2
1198,1256.178,Konnichiwa from hello-cloud-node-s74g1 in cloud-node,5
1199,1117.0230000000001,Konnichiwa from hello-cloud-node-s74g1 in cloud-node,2
1200,1255.7959999999998,Konnichiwa from hello-cloud-node-s74g1 in cloud-node,5
1201,2007.4879999999998,Konnichiwa from hello-cloud-node-s74g1 in cloud-node,2
1202,2007.2549999999999,Konnichiwa from hello-cloud-node-s74g1 in cloud-node,5
1203,2006.995,Konnichiwa from hello-cloud-node-s74g1 in cloud-node,2
1204,2006.945,Konnichiwa from hello-cloud-node-s74g1 in cloud-node,5
1205,2005.7580000000003,Konnichiwa from hello-cloud-node-s74g1 in cloud-node,2
1206,2007.551,Konnichiwa from hello-cloud-node-s74g1 in cloud-node,5
1207,2507.953,Konnichiwa from hello-cloud-node-s74g1 in cloud-node,2
1208,5006.196,Konnichiwa from hello-cloud-node-s74g1 in cloud-node,5
1209,2506.196,Konnichiwa from hello-cloud-node-s74g1 in cloud-node,2
1210,5005.6089999999995,Konnichiwa from hello-cloud-node-s74g1 in cloud-node,5
1211,1674.191,Konnichiwa from hello-cloud-node-s74g1 in cloud-node,2
1212,1673.64,Konnichiwa from hello-cloud-node-s74g1 in cloud-node,5
1213,1673.136,Konnichiwa from hello-cloud-node-s74g1 in cloud-node,2
1214,1673.75,Konnichiwa from hello-cloud-node-s74g1 in cloud-node,5
1215,1673.625,Konnichiwa from hello-cloud-node-s74g1 in cloud-node,2
1216,1673.011,Konnichiwa from hello-cloud-node-s74g1 in cloud-node,5
1217,2006.5460000000003,Konnichiwa from hello-cloud-node-s74g1 in cloud-node,2
1218,1434.8970000000002,Konnichiwa from hello-cloud-node-s74g1 in cloud-node,5
1219,2006.7590000000002,Konnichiwa from hello-cloud-node-s74g1 in cloud-node,2
1220,1435.128,Konnichiwa from hello-cloud-node-s74g1 in cloud-node,5
1221,2006.736,Konnichiwa from hello-cloud-node-s74g1 in cloud-node,2
1222,1437.754,Konnichiwa from hello-cloud-node-s74g1 in cloud-node,5
1223,2007.845,Konnichiwa from hello-cloud-node-s74g1 in cloud-node,2
1224,2007.0450000000003,Konnichiwa from hello-cloud-node-s74g1 in cloud-node,5
1225,2006.307,Konnichiwa from hello-cloud-node-s74g1 in cloud-node,2
1226,2006.336,Konnichiwa from hello-cloud-node-s74g1 in cloud-node,5
1227,2006.097,Konnichiwa from hello-cloud-node-s74g1 in cloud-node,2
1228,2005.2819999999997,Konnichiwa from hello-cloud-node-s74g1 in cloud-node,5
1229,2506.281,Konnichiwa from hello-cloud-node-s74g1 in cloud-node,2
1230,3340.8419999999996,Konnichiwa from hello-cloud-node-s74g1 in cloud-node,5
1231,2506.788,Konnichiwa from hello-cloud-node-s74g1 in cloud-node,2
1232,3339.895,Konnichiwa from hello-cloud-node-s74g1 in cloud-node,5
1233,5007.246,Konnichiwa from hello-cloud-node-s74g1 in cloud-node,2
1234,3342.791,Konnichiwa from hello-cloud-node-s74g1 in cloud-node,5
1235,5006.804,Konnichiwa from hello-cloud-node-s74g1 in cloud-node,2
1236,3339.743,Konnichiwa from hello-cloud-node-s74g1 in cloud-node,5
1237,5007.206,Konnichiwa from hello-cloud-node-s74g1 in cloud-node,2
1238,1674.125,Konnichiwa from hello-cloud-node-s74g1 in cloud-node,5
1239,5007.138,Konnichiwa from hello-cloud-node-s74g1 in cloud-node,2
1240,1673.4370000000001,Konnichiwa from hello-cloud-node-s74g1 in cloud-node,5
1241,2010.5849999999998,Konnichiwa from hello-cloud-node-s74g1 in cloud-node,2
1242,1437.7009999999998,Konnichiwa from hello-cloud-node-s74g1 in cloud-node,5
1243,2006.6549999999997,Konnichiwa from hello-cloud-node-s74g1 in cloud-node,2
1244,1435.411,Konnichiwa from hello-cloud-node-s74g1 in cloud-node,5
1245,2005.659,Konnichiwa from hello-cloud-node-s74g1 in cloud-node,2
1246,1435.072,Konnichiwa from hello-cloud-node-s74g1 in cloud-node,5
1247,5006.389999999999,Konnichiwa from hello-cloud-node-s74g1 in cloud-node,2
1248,2006.813,Konnichiwa from hello-cloud-node-s74g1 in cloud-node,5
1249,5009.331,Konnichiwa from hello-cloud-node-s74g1 in cloud-node,2
1250,2009.103,Konnichiwa from hello-cloud-node-s74g1 in cloud-node,5
1251,5007.959,Konnichiwa from hello-cloud-node-s74g1 in cloud-node,2
1252,2506.98,Konnichiwa from hello-cloud-node-s74g1 in cloud-node,5
1253,5006.825,Konnichiwa from hello-cloud-node-s74g1 in cloud-node,2
1254,2505.719,Konnichiwa from hello-cloud-node-s74g1 in cloud-node,5
1255,1673.479,Konnichiwa from hello-cloud-node-s74g1 in cloud-node,2
1256,2006.295,Konnichiwa from hello-cloud-node-s74g1 in cloud-node,5
1257,1673.325,Konnichiwa from hello-cloud-node-s74g1 in cloud-node,2
1258,2007.3490000000002,Konnichiwa from hello-cloud-node-s74g1 in cloud-node,5
1259,1672.9959999999999,Konnichiwa from hello-cloud-node-s74g1 in cloud-node,2
1260,2007.018,Konnichiwa from hello-cloud-node-s74g1 in cloud-node,5
1261,3339.95,Konnichiwa from hello-cloud-node-s74g1 in cloud-node,2
1262,10006.304,Konnichiwa from hello-cloud-node-s74g1 in cloud-node,5
1263,1674.7289999999998,Konnichiwa from hello-cloud-node-s74g1 in cloud-node,2
1264,2007.6779999999999,Konnichiwa from hello-cloud-node-s74g1 in cloud-node,5
1265,1673.5910000000001,Konnichiwa from hello-cloud-node-s74g1 in cloud-node,2
1266,2006.717,Konnichiwa from hello-cloud-node-s74g1 in cloud-node,5
1267,1672.945,Konnichiwa from hello-cloud-node-s74g1 in cloud-node,2
1268,2006.9240000000002,Konnichiwa from hello-cloud-node-s74g1 in cloud-node,5
1269,1436.25,Konnichiwa from hello-cloud-node-s74g1 in cloud-node,2
1270,1117.071,Konnichiwa from hello-cloud-node-s74g1 in cloud-node,5
1271,1434.144,Konnichiwa from hello-cloud-node-s74g1 in cloud-node,2
1272,1117.962,Konnichiwa from hello-cloud-node-s74g1 in cloud-node,5
1273,1434.685,Konnichiwa from hello-cloud-node-s74g1 in cloud-node,2
1274,1117.492,Konnichiwa from hello-cloud-node-s74g1 in cloud-node,5
1275,1435.854,Konnichiwa from hello-cloud-node-s74g1 in cloud-node,2
1276,1118.34,Konnichiwa from hello-cloud-node-s74g1 in cloud-node,5
1277,1434.8220000000001,Konnichiwa from hello-cloud-node-s74g1 in cloud-node,2
1278,1436.121,Konnichiwa from hello-cloud-node-s74g1 in cloud-node,5
1279,1435.221,Konnichiwa from hello-cloud-node-s74g1 in cloud-node,2
1280,1434.7430000000002,Konnichiwa from hello-cloud-node-s74g1 in cloud-node,5
1281,1435.173,Konnichiwa from hello-cloud-node-s74g1 in cloud-node,2
1282,1434.2269999999999,Konnichiwa from hello-cloud-node-s74g1 in cloud-node,5
1283,1438.682,Konnichiwa from hello-cloud-node-s74g1 in cloud-node,2
1284,1438.2649999999999,Konnichiwa from hello-cloud-node-s74g1 in cloud-node,5
1285,2506.456,Konnichiwa from hello-cloud-node-s74g1 in cloud-node,2
1286,1436.579,Konnichiwa from hello-cloud-node-s74g1 in cloud-node,5
1287,2509.771,Konnichiwa from hello-cloud-node-s74g1 in cloud-node,2
1288,1434.689,Konnichiwa from hello-cloud-node-s74g1 in cloud-node,5
1289,2506.357,Konnichiwa from hello-cloud-node-s74g1 in cloud-node,2
1290,1435.587,Konnichiwa from hello-cloud-node-s74g1 in cloud-node,5
1291,2507.5919999999996,Konnichiwa from hello-cloud-node-s74g1 in cloud-node,2
1292,2508.969,Konnichiwa from hello-cloud-node-s74g1 in cloud-node,5
1293,2508.039,Konnichiwa from hello-cloud-node-s74g1 in cloud-node,2
1294,2507.051,Konnichiwa from hello-cloud-node-s74g1 in cloud-node,5
1295,2506.449,Konnichiwa from hello-cloud-node-s74g1 in cloud-node,2
1296,2505.887,Konnichiwa from hello-cloud-node-s74g1 in cloud-node,5
1297,2507.56,Konnichiwa from hello-cloud-node-s74g1 in cloud-node,2
1298,2507.198,Konnichiwa from hello-cloud-node-s74g1 in cloud-node,5
1299,1674.154,Konnichiwa from hello-cloud-node-s74g1 in cloud-node,2
1300,2505.433,Konnichiwa from hello-cloud-node-s74g1 in cloud-node,5
1301,1673.978,Konnichiwa from hello-cloud-node-s74g1 in cloud-node,2
1302,2009.3999999999999,Konnichiwa from hello-cloud-node-s74g1 in cloud-node,5
1303,1673.083,Konnichiwa from hello-cloud-node-s74g1 in cloud-node,2
1304,2006.104,Konnichiwa from hello-cloud-node-s74g1 in cloud-node,5
1305,3342.949,Konnichiwa from hello-cloud-node-s74g1 in cloud-node,2
1306,2008.445,Konnichiwa from hello-cloud-node-s74g1 in cloud-node,5
1307,3340.246,Konnichiwa from hello-cloud-node-s74g1 in cloud-node,2
1308,5006.617,Konnichiwa from hello-cloud-node-s74g1 in cloud-node,5
1309,2506.732,Konnichiwa from hello-cloud-node-s74g1 in cloud-node,2
1310,5005.982999999999,Konnichiwa from hello-cloud-node-s74g1 in cloud-node,5
1311,2505.8579999999997,Konnichiwa from hello-cloud-node-s74g1 in cloud-node,2
1312,1674.155,Konnichiwa from hello-cloud-node-s74g1 in cloud-node,5
1313,1674.392,Konnichiwa from hello-cloud-node-s74g1 in cloud-node,2
1314,1673.545,Konnichiwa from hello-cloud-node-s74g1 in cloud-node,5
1315,1674.078,Konnichiwa from hello-cloud-node-s74g1 in cloud-node,2
1316,1673.4750000000001,Konnichiwa from hello-cloud-node-s74g1 in cloud-node,5
1317,1672.2559999999999,Konnichiwa from hello-cloud-node-s74g1 in cloud-node,2
1318,5005.434,Konnichiwa from hello-cloud-node-s74g1 in cloud-node,5
1319,1675.0100000000002,Konnichiwa from hello-cloud-node-s74g1 in cloud-node,2
1320,5007.637,Konnichiwa from hello-cloud-node-s74g1 in cloud-node,5
1321,1672.6080000000002,Konnichiwa from hello-cloud-node-s74g1 in cloud-node,2
1322,3340.5499999999997,Konnichiwa from hello-cloud-node-s74g1 in cloud-node,5
1323,2008.1639999999998,Konnichiwa from hello-cloud-node-s74g1 in cloud-node,2
1324,3339.172,Konnichiwa from hello-cloud-node-s74g1 in cloud-node,5
1325,2006.084,Konnichiwa from hello-cloud-node-s74g1 in cloud-node,2
1326,1673.5629999999999,Konnichiwa from hello-cloud-node-s74g1 in cloud-node,5
1327,2007.307,Konnichiwa from hello-cloud-node-s74g1 in cloud-node,2
1328,1673.1560000000002,Konnichiwa from hello-cloud-node-s74g1 in cloud-node,5
1329,1673.6850000000002,Konnichiwa from hello-cloud-node-s74g1 in cloud-node,2
1330,1673.307,Konnichiwa from hello-cloud-node-s74g1 in cloud-node,5
1331,1672.557,Konnichiwa from hello-cloud-node-s74g1 in cloud-node,2
1332,1671.853,Konnichiwa from hello-cloud-node-s74g1 in cloud-node,5
1333,1672.3909999999998,Konnichiwa from hello-cloud-node-s74g1 in cloud-node,2
1334,1672.8590000000002,Konnichiwa from hello-cloud-node-s74g1 in cloud-node,5
1335,1673.598,Konnichiwa from hello-cloud-node-s74g1 in cloud-node,2
1336,1674.179,Konnichiwa from hello-cloud-node-s74g1 in cloud-node,5
1337,1673.2050000000002,Konnichiwa from hello-cloud-node-s74g1 in cloud-node,2
1338,1673.822,Konnichiwa from hello-cloud-node-s74g1 in cloud-node,5
1339,1673.405,Konnichiwa from hello-cloud-node-s74g1 in cloud-node,2
1340,1673.1419999999998,Konnichiwa from hello-cloud-node-s74g1 in cloud-node,5
1341,2007.701,Konnichiwa from hello-cloud-node-s74g1 in cloud-node,2
1342,1672.693,Konnichiwa from hello-cloud-node-s74g1 in cloud-node,5
1343,2005.261,Konnichiwa from hello-cloud-node-s74g1 in cloud-node,2
1344,10005.883000000002,Konnichiwa from hello-cloud-node-s74g1 in cloud-node,5
1345,2506.529,Konnichiwa from hello-cloud-node-s74g1 in cloud-node,2
1346,2505.713,Konnichiwa from hello-cloud-node-s74g1 in cloud-node,5
1347,2506.645,Konnichiwa from hello-cloud-node-s74g1 in cloud-node,2
1348,2506.021,Konnichiwa from hello-cloud-node-s74g1 in cloud-node,5
1349,2008.129,Konnichiwa from hello-cloud-node-s74g1 in cloud-node,2
1350,2507.436,Konnichiwa from hello-cloud-node-s74g1 in cloud-node,5
1351,2006.2649999999999,Konnichiwa from hello-cloud-node-s74g1 in cloud-node,2
1352,1672.642,Konnichiwa from hello-cloud-node-s74g1 in cloud-node,5
1353,2006.9650000000001,Konnichiwa from hello-cloud-node-s74g1 in cloud-node,2
1354,1673.618,Konnichiwa from hello-cloud-node-s74g1 in cloud-node,5
1355,1435.17,Konnichiwa from hello-cloud-node-s74g1 in cloud-node,2
1356,1673.4759999999999,Konnichiwa from hello-cloud-node-s74g1 in cloud-node,5
1357,1436.461,Konnichiwa from hello-cloud-node-s74g1 in cloud-node,2
1358,1673.174,Konnichiwa from hello-cloud-node-s74g1 in cloud-node,5
1359,1434.96,Konnichiwa from hello-cloud-node-s74g1 in cloud-node,2
1360,3339.668,Konnichiwa from hello-cloud-node-s74g1 in cloud-node,5
1361,5007.059,Konnichiwa from hello-cloud-node-s74g1 in cloud-node,2
1362,3340.0820000000003,Konnichiwa from hello-cloud-node-s74g1 in cloud-node,5
1363,5008.071,Konnichiwa from hello-cloud-node-s74g1 in cloud-node,2
1364,3343.725,Konnichiwa from hello-cloud-node-s74g1 in cloud-node,5
1365,10009.038999999999,Konnichiwa from hello-cloud-node-s74g1 in cloud-node,2
1366,1257.626,Konnichiwa from hello-cloud-node-s74g1 in cloud-node,5
1367,1674.476,Konnichiwa from hello-cloud-node-s74g1 in cloud-node,2
1368,1256.941,Konnichiwa from hello-cloud-node-s74g1 in cloud-node,5
1369,1671.946,Konnichiwa from hello-cloud-node-s74g1 in cloud-node,2
1370,1258.029,Konnichiwa from hello-cloud-node-s74g1 in cloud-node,5
1371,1673.847,Konnichiwa from hello-cloud-node-s74g1 in cloud-node,2
1372,1256.987,Konnichiwa from hello-cloud-node-s74g1 in cloud-node,5
1373,1673.378,Konnichiwa from hello-cloud-node-s74g1 in cloud-node,2
1374,5007.115,Konnichiwa from hello-cloud-node-s74g1 in cloud-node,5
1375,1435.354,Konnichiwa from hello-cloud-node-s74g1 in cloud-node,2
1376,5006.326,Konnichiwa from hello-cloud-node-s74g1 in cloud-node,5
1377,1434.325,Konnichiwa from hello-cloud-node-s74g1 in cloud-node,2
1378,1006.85,Konnichiwa from hello-cloud-node-s74g1 in cloud-node,5
1379,1436.513,Konnichiwa from hello-cloud-node-s74g1 in cloud-node,2
1380,1007.941,Konnichiwa from hello-cloud-node-s74g1 in cloud-node,5
1381,2506.9,Konnichiwa from hello-cloud-node-s74g1 in cloud-node,2
1382,1005.742,Konnichiwa from hello-cloud-node-s74g1 in cloud-node,5
1383,2507.02,Konnichiwa from hello-cloud-node-s74g1 in cloud-node,2
1384,1006.3729999999999,Konnichiwa from hello-cloud-node-s74g1 in cloud-node,5
1385,2506.156,Konnichiwa from hello-cloud-node-s74g1 in cloud-node,2
1386,2008.206,Konnichiwa from hello-cloud-node-s74g1 in cloud-node,5
1387,2507.29,Konnichiwa from hello-cloud-node-s74g1 in cloud-node,2
1388,2007.059,Konnichiwa from hello-cloud-node-s74g1 in cloud-node,5
1389,2506.2380000000003,Konnichiwa from hello-cloud-node-s74g1 in cloud-node,2
1390,2006.564,Konnichiwa from hello-cloud-node-s74g1 in cloud-node,5
1391,2506.354,Konnichiwa from hello-cloud-node-s74g1 in cloud-node,2
1392,2007.9950000000001,Konnichiwa from hello-cloud-node-s74g1 in cloud-node,5
1393,2506.5620000000004,Konnichiwa from hello-cloud-node-s74g1 in cloud-node,2
1394,2006.032,Konnichiwa from hello-cloud-node-s74g1 in cloud-node,5
1395,2506.742,Konnichiwa from hello-cloud-node-s74g1 in cloud-node,2
1396,2007.1750000000002,Konnichiwa from hello-cloud-node-s74g1 in cloud-node,5
1397,2507.433,Konnichiwa from hello-cloud-node-s74g1 in cloud-node,2
1398,1674.9,Konnichiwa from hello-cloud-node-s74g1 in cloud-node,5
1399,2006.1580000000001,Konnichiwa from hello-cloud-node-s74g1 in cloud-node,2
1400,1673.465,Konnichiwa from hello-cloud-node-s74g1 in cloud-node,5
1401,2007.8109999999997,Konnichiwa from hello-cloud-node-s74g1 in cloud-node,2
1402,1673.282,Konnichiwa from hello-cloud-node-s74g1 in cloud-node,5
1403,2007.1029999999998,Konnichiwa from hello-cloud-node-s74g1 in cloud-node,2
1404,5007.723999999999,Konnichiwa from hello-cloud-node-s74g1 in cloud-node,5
1405,1257.404,Konnichiwa from hello-cloud-node-s74g1 in cloud-node,2
1406,5006.2660000000005,Konnichiwa from hello-cloud-node-s74g1 in cloud-node,5
1407,1256.845,Konnichiwa from hello-cloud-node-s74g1 in cloud-node,2
1408,1674.5710000000001,Konnichiwa from hello-cloud-node-s74g1 in cloud-node,5
1409,1258.4379999999999,Konnichiwa from hello-cloud-node-s74g1 in cloud-node,2
1410,1674.212,Konnichiwa from hello-cloud-node-s74g1 in cloud-node,5
1411,1674.843,Konnichiwa from hello-cloud-node-s74g1 in cloud-node,2
1412,1671.8200000000002,Konnichiwa from hello-cloud-node-s74g1 in cloud-node,5
1413,1671.964,Konnichiwa from hello-cloud-node-s74g1 in cloud-node,2
1414,1671.553,Konnichiwa from hello-cloud-node-s74g1 in cloud-node,5
1415,1673.1180000000002,Konnichiwa from hello-cloud-node-s74g1 in cloud-node,2
1416,3339.773,Konnichiwa from hello-cloud-node-s74g1 in cloud-node,5
1417,10009.072,Konnichiwa from hello-cloud-node-s74g1 in cloud-node,2
1418,2006.0790000000002,Konnichiwa from hello-cloud-node-s74g1 in cloud-node,5
1419,3340.432,Konnichiwa from hello-cloud-node-s74g1 in cloud-node,2
1420,2005.4509999999998,Konnichiwa from hello-cloud-node-s74g1 in cloud-node,5
1421,3339.658,Konnichiwa from hello-cloud-node-s74g1 in cloud-node,2
1422,2007.3729999999998,Konnichiwa from hello-cloud-node-s74g1 in cloud-node,5
1423,1674.397,Konnichiwa from hello-cloud-node-s74g1 in cloud-node,2
1424,2005.7930000000001,Konnichiwa from hello-cloud-node-s74g1 in cloud-node,5
1425,1672.9989999999998,Konnichiwa from hello-cloud-node-s74g1 in cloud-node,2
1426,2005.922,Konnichiwa from hello-cloud-node-s74g1 in cloud-node,5
1427,1672.39,Konnichiwa from hello-cloud-node-s74g1 in cloud-node,2
1428,1672.93,Konnichiwa from hello-cloud-node-s74g1 in cloud-node,5
1429,3340.4919999999997,Konnichiwa from hello-cloud-node-s74g1 in cloud-node,2
1430,1672.796,Konnichiwa from hello-cloud-node-s74g1 in cloud-node,5
1431,3339.232,Konnichiwa from hello-cloud-node-s74g1 in cloud-node,2
1432,1434.4950000000001,Konnichiwa from hello-cloud-node-s74g1 in cloud-node,5
1433,3340.055,Konnichiwa from hello-cloud-node-s74g1 in cloud-node,2
1434,1436.164,Konnichiwa from hello-cloud-node-s74g1 in cloud-node,5
1435,2507.6710000000003,Konnichiwa from hello-cloud-node-s74g1 in cloud-node,2
1436,1434.346,Konnichiwa from hello-cloud-node-s74g1 in cloud-node,5
1437,2506.8199999999997,Konnichiwa from hello-cloud-node-s74g1 in cloud-node,2
1438,1675.203,Konnichiwa from hello-cloud-node-s74g1 in cloud-node,5
1439,2507.485,Konnichiwa from hello-cloud-node-s74g1 in cloud-node,2
1440,1673.108,Konnichiwa from hello-cloud-node-s74g1 in cloud-node,5
1441,2508.2110000000002,Konnichiwa from hello-cloud-node-s74g1 in cloud-node,2
1442,1674.011,Konnichiwa from hello-cloud-node-s74g1 in cloud-node,5
1443,2506.174,Konnichiwa from hello-cloud-node-s74g1 in cloud-node,2
1444,2506.843,Konnichiwa from hello-cloud-node-s74g1 in cloud-node,5
1445,2506.205,Konnichiwa from hello-cloud-node-s74g1 in cloud-node,2
1446,2507.018,Konnichiwa from hello-cloud-node-s74g1 in cloud-node,5
1447,1675.6770000000001,Konnichiwa from hello-cloud-node-s74g1 in cloud-node,2
1448,2507.018,Konnichiwa from hello-cloud-node-s74g1 in cloud-node,5
1449,1671.77,Konnichiwa from hello-cloud-node-s74g1 in cloud-node,2
1450,2506.7,Konnichiwa from hello-cloud-node-s74g1 in cloud-node,5
1451,1673.154,Konnichiwa from hello-cloud-node-s74g1 in cloud-node,2
1452,2506.0190000000002,Konnichiwa from hello-cloud-node-s74g1 in cloud-node,5
1453,1256.4550000000002,Konnichiwa from hello-cloud-node-s74g1 in cloud-node,2
1454,2507.468,Konnichiwa from hello-cloud-node-s74g1 in cloud-node,5
1455,1256.953,Konnichiwa from hello-cloud-node-s74g1 in cloud-node,2
1456,1673.619,Konnichiwa from hello-cloud-node-s74g1 in cloud-node,5
1457,1256.412,Konnichiwa from hello-cloud-node-s74g1 in cloud-node,2
1458,1673.45,Konnichiwa from hello-cloud-node-s74g1 in cloud-node,5
1459,1257.506,Konnichiwa from hello-cloud-node-s74g1 in cloud-node,2
1460,1673.733,Konnichiwa from hello-cloud-node-s74g1 in cloud-node,5
1461,2507.041,Konnichiwa from hello-cloud-node-s74g1 in cloud-node,2
1462,1257.051,Konnichiwa from hello-cloud-node-s74g1 in cloud-node,5
1463,2508.908,Konnichiwa from hello-cloud-node-s74g1 in cloud-node,2
1464,1256.605,Konnichiwa from hello-cloud-node-s74g1 in cloud-node,5
1465,2506.036,Konnichiwa from hello-cloud-node-s74g1 in cloud-node,2
1466,1255.904,Konnichiwa from hello-cloud-node-s74g1 in cloud-node,5
1467,1673.678,Konnichiwa from hello-cloud-node-s74g1 in cloud-node,2
1468,2507.294,Konnichiwa from hello-cloud-node-s74g1 in cloud-node,5
1469,1672.4540000000002,Konnichiwa from hello-cloud-node-s74g1 in cloud-node,2
1470,2506.539,Konnichiwa from hello-cloud-node-s74g1 in cloud-node,5
1471,1674.003,Konnichiwa from hello-cloud-node-s74g1 in cloud-node,2
1472,2507.743,Konnichiwa from hello-cloud-node-s74g1 in cloud-node,5
1473,5007.1630000000005,Konnichiwa from hello-cloud-node-s74g1 in cloud-node,2
1474,2006.653,Konnichiwa from hello-cloud-node-s74g1 in cloud-node,5
1475,5005.495,Konnichiwa from hello-cloud-node-s74g1 in cloud-node,2
1476,2005.693,Konnichiwa from hello-cloud-node-s74g1 in cloud-node,5
1477,2006.882,Konnichiwa from hello-cloud-node-s74g1 in cloud-node,2
1478,1673.0430000000001,Konnichiwa from hello-cloud-node-s74g1 in cloud-node,5
1479,2006.6510000000003,Konnichiwa from hello-cloud-node-s74g1 in cloud-node,2
1480,1673.424,Konnichiwa from hello-cloud-node-s74g1 in cloud-node,5
1481,2006.161,Konnichiwa from hello-cloud-node-s74g1 in cloud-node,2
1482,1673.0179999999998,Konnichiwa from hello-cloud-node-s74g1 in cloud-node,5
1483,2006.459,Konnichiwa from hello-cloud-node-s74g1 in cloud-node,2
1484,2506.533,Konnichiwa from hello-cloud-node-s74g1 in cloud-node,5
1485,2006.57,Konnichiwa from hello-cloud-node-s74g1 in cloud-node,2
1486,2505.621,Konnichiwa from hello-cloud-node-s74g1 in cloud-node,5
1487,2006.166,Konnichiwa from hello-cloud-node-s74g1 in cloud-node,2
1488,2506.418,Konnichiwa from hello-cloud-node-s74g1 in cloud-node,5
1489,2006.77,Konnichiwa from hello-cloud-node-s74g1 in cloud-node,2
1490,2506.507,Konnichiwa from hello-cloud-node-s74g1 in cloud-node,5
1491,2005.989,Konnichiwa from hello-cloud-node-s74g1 in cloud-node,2
1492,2506.0829999999996,Konnichiwa from hello-cloud-node-s74g1 in cloud-node,5
1493,2005.891,Konnichiwa from hello-cloud-node-s74g1 in cloud-node,2
1494,2506.2250000000004,Konnichiwa from hello-cloud-node-s74g1 in cloud-node,5
1495,3340.732,Konnichiwa from hello-cloud-node-s74g1 in cloud-node,2
1496,2006.497,Konnichiwa from hello-cloud-node-s74g1 in cloud-node,5
1497,3339.19,Konnichiwa from hello-cloud-node-s74g1 in cloud-node,2
1498,2006.3390000000002,Konnichiwa from hello-cloud-node-s74g1 in cloud-node,5
1499,1256.958,Konnichiwa from hello-cloud-node-s74g1 in cloud-node,2
1500,2006.6320000000003,Konnichiwa from hello-cloud-node-s74g1 in cloud-node,5
1501,1257.1879999999999,Konnichiwa from hello-cloud-node-s74g1 in cloud-node,2
1502,11676.56,Konnichiwa from hello-cloud-node-s74g1 in cloud-node,5
1503,2009.1779999999999,Konnichiwa from hello-cloud-node-s74g1 in cloud-node,2
1504,1672.817,Konnichiwa from hello-cloud-node-s74g1 in cloud-node,5
1505,2005.6609999999998,Konnichiwa from hello-cloud-node-s74g1 in cloud-node,2
1506,1673.092,Konnichiwa from hello-cloud-node-s74g1 in cloud-node,5
1507,2009.023,Konnichiwa from hello-cloud-node-s74g1 in cloud-node,2
1508,1673.642,Konnichiwa from hello-cloud-node-s74g1 in cloud-node,5
1509,2007.6879999999999,Konnichiwa from hello-cloud-node-s74g1 in cloud-node,2
1510,1675.246,Konnichiwa from hello-cloud-node-s74g1 in cloud-node,5
1511,2006.8860000000002,Konnichiwa from hello-cloud-node-s74g1 in cloud-node,2
1512,1674.107,Konnichiwa from hello-cloud-node-s74g1 in cloud-node,5
1513,2007.352,Konnichiwa from hello-cloud-node-s74g1 in cloud-node,2
1514,920.7539999999999,Konnichiwa from hello-cloud-node-s74g1 in cloud-node,5
1515,5011.756,Konnichiwa from hello-cloud-node-s74g1 in cloud-node,2
1516,916.2909999999999,Konnichiwa from hello-cloud-node-s74g1 in cloud-node,5
1517,5008.813,Konnichiwa from hello-cloud-node-s74g1 in cloud-node,2
1518,10006.677,Konnichiwa from hello-cloud-node-s74g1 in cloud-node,5
1519,2506.324,Konnichiwa from hello-cloud-node-s74g1 in cloud-node,2
1520,1434.234,Konnichiwa from hello-cloud-node-s74g1 in cloud-node,5
1521,2505.903,Konnichiwa from hello-cloud-node-s74g1 in cloud-node,2
1522,1434.4399999999998,Konnichiwa from hello-cloud-node-s74g1 in cloud-node,5
1523,2507.526,Konnichiwa from hello-cloud-node-s74g1 in cloud-node,2
1524,1433.811,Konnichiwa from hello-cloud-node-s74g1 in cloud-node,5
1525,1434.7250000000001,Konnichiwa from hello-cloud-node-s74g1 in cloud-node,2
1526,2505.561,Konnichiwa from hello-cloud-node-s74g1 in cloud-node,5
1527,1435.069,Konnichiwa from hello-cloud-node-s74g1 in cloud-node,2
1528,2506.08,Konnichiwa from hello-cloud-node-s74g1 in cloud-node,5
1529,1434.4779999999998,Konnichiwa from hello-cloud-node-s74g1 in cloud-node,2
1530,2506.3520000000003,Konnichiwa from hello-cloud-node-s74g1 in cloud-node,5
1531,2507.4610000000002,Konnichiwa from hello-cloud-node-s74g1 in cloud-node,2
1532,3339.9049999999997,Konnichiwa from hello-cloud-node-s74g1 in cloud-node,5
1533,2505.57,Konnichiwa from hello-cloud-node-s74g1 in cloud-node,2
1534,3339.902,Konnichiwa from hello-cloud-node-s74g1 in cloud-node,5
1535,1673.398,Konnichiwa from hello-cloud-node-s74g1 in cloud-node,2
1536,2006.4479999999999,Konnichiwa from hello-cloud-node-s74g1 in cloud-node,5
1537,1672.675,Konnichiwa from hello-cloud-node-s74g1 in cloud-node,2
1538,2007.18,Konnichiwa from hello-cloud-node-s74g1 in cloud-node,5
1539,1674.1390000000001,Konnichiwa from hello-cloud-node-s74g1 in cloud-node,2
1540,2006.907,Konnichiwa from hello-cloud-node-s74g1 in cloud-node,5
1541,5006.836,Konnichiwa from hello-cloud-node-s74g1 in cloud-node,2
1542,1256.5120000000002,Konnichiwa from hello-cloud-node-s74g1 in cloud-node,5
1543,5007.999,Konnichiwa from hello-cloud-node-s74g1 in cloud-node,2
1544,1257.897,Konnichiwa from hello-cloud-node-s74g1 in cloud-node,5
1545,1674.019,Konnichiwa from hello-cloud-node-s74g1 in cloud-node,2
1546,1255.622,Konnichiwa from hello-cloud-node-s74g1 in cloud-node,5
1547,1672.808,Konnichiwa from hello-cloud-node-s74g1 in cloud-node,2
1548,1117.445,Konnichiwa from hello-cloud-node-s74g1 in cloud-node,5
1549,1673.887,Konnichiwa from hello-cloud-node-s74g1 in cloud-node,2
1550,1118.258,Konnichiwa from hello-cloud-node-s74g1 in cloud-node,5
1551,1672.43,Konnichiwa from hello-cloud-node-s74g1 in cloud-node,2
1552,1116.741,Konnichiwa from hello-cloud-node-s74g1 in cloud-node,5
1553,2506.67,Konnichiwa from hello-cloud-node-s74g1 in cloud-node,2
1554,1117.037,Konnichiwa from hello-cloud-node-s74g1 in cloud-node,5
1555,2506.5170000000003,Konnichiwa from hello-cloud-node-s74g1 in cloud-node,2
1556,5006.78,Konnichiwa from hello-cloud-node-s74g1 in cloud-node,5
1557,1435.454,Konnichiwa from hello-cloud-node-s74g1 in cloud-node,2
1558,5007.617,Konnichiwa from hello-cloud-node-s74g1 in cloud-node,5
1559,1435.672,Konnichiwa from hello-cloud-node-s74g1 in cloud-node,2
1560,1435.819,Konnichiwa from hello-cloud-node-s74g1 in cloud-node,5
1561,1435.3149999999998,Konnichiwa from hello-cloud-node-s74g1 in cloud-node,2
1562,1435.0,Konnichiwa from hello-cloud-node-s74g1 in cloud-node,5
1563,1436.08,Konnichiwa from hello-cloud-node-s74g1 in cloud-node,2
1564,1434.4170000000001,Konnichiwa from hello-cloud-node-s74g1 in cloud-node,5
1565,1435.597,Konnichiwa from hello-cloud-node-s74g1 in cloud-node,2
1566,1435.606,Konnichiwa from hello-cloud-node-s74g1 in cloud-node,5
1567,1435.633,Konnichiwa from hello-cloud-node-s74g1 in cloud-node,2
1568,2007.5029999999997,Konnichiwa from hello-cloud-node-s74g1 in cloud-node,5
1569,1433.691,Konnichiwa from hello-cloud-node-s74g1 in cloud-node,2
1570,2007.221,Konnichiwa from hello-cloud-node-s74g1 in cloud-node,5
1571,2509.418,Konnichiwa from hello-cloud-node-s74g1 in cloud-node,2
1572,2006.166,Konnichiwa from hello-cloud-node-s74g1 in cloud-node,5
1573,2505.855,Konnichiwa from hello-cloud-node-s74g1 in cloud-node,2
1574,5005.097,Konnichiwa from hello-cloud-node-s74g1 in cloud-node,5
1575,1007.2080000000001,Konnichiwa from hello-cloud-node-s74g1 in cloud-node,2
1576,5006.598999999999,Konnichiwa from hello-cloud-node-s74g1 in cloud-node,5
1577,1006.3919999999999,Konnichiwa from hello-cloud-node-s74g1 in cloud-node,2
1578,2505.911,Konnichiwa from hello-cloud-node-s74g1 in cloud-node,5
1579,1005.4989999999999,Konnichiwa from hello-cloud-node-s74g1 in cloud-node,2
1580,2505.3109999999997,Konnichiwa from hello-cloud-node-s74g1 in cloud-node,5
1581,3340.3610000000003,Konnichiwa from hello-cloud-node-s74g1 in cloud-node,2
1582,2505.7580000000003,Konnichiwa from hello-cloud-node-s74g1 in cloud-node,5
1583,3339.254,Konnichiwa from hello-cloud-node-s74g1 in cloud-node,2
1584,1435.2549999999999,Konnichiwa from hello-cloud-node-s74g1 in cloud-node,5
1585,1007.133,Konnichiwa from hello-cloud-node-s74g1 in cloud-node,2
1586,1435.056,Konnichiwa from hello-cloud-node-s74g1 in cloud-node,5
1587,1006.596,Konnichiwa from hello-cloud-node-s74g1 in cloud-node,2
1588,1436.015,Konnichiwa from hello-cloud-node-s74g1 in cloud-node,5
1589,1007.593,Konnichiwa from hello-cloud-node-s74g1 in cloud-node,2
1590,1435.263,Konnichiwa from hello-cloud-node-s74g1 in cloud-node,5
1591,1005.6510000000001,Konnichiwa from hello-cloud-node-s74g1 in cloud-node,2
1592,1435.8709999999999,Konnichiwa from hello-cloud-node-s74g1 in cloud-node,5
1593,1006.8999999999999,Konnichiwa from hello-cloud-node-s74g1 in cloud-node,2
1594,2005.445,Konnichiwa from hello-cloud-node-s74g1 in cloud-node,5
1595,1436.2379999999998,Konnichiwa from hello-cloud-node-s74g1 in cloud-node,2
1596,2006.396,Konnichiwa from hello-cloud-node-s74g1 in cloud-node,5
1597,1435.05,Konnichiwa from hello-cloud-node-s74g1 in cloud-node,2
1598,2006.9560000000001,Konnichiwa from hello-cloud-node-s74g1 in cloud-node,5
1599,1436.3310000000001,Konnichiwa from hello-cloud-node-s74g1 in cloud-node,2
1600,2507.077,Konnichiwa from hello-cloud-node-s74g1 in cloud-node,5
1601,1673.402,Konnichiwa from hello-cloud-node-s74g1 in cloud-node,2
1602,2506.73,Konnichiwa from hello-cloud-node-s74g1 in cloud-node,5
1603,1672.926,Konnichiwa from hello-cloud-node-s74g1 in cloud-node,2
1604,2506.492,Konnichiwa from hello-cloud-node-s74g1 in cloud-node,5
1605,1672.63,Konnichiwa from hello-cloud-node-s74g1 in cloud-node,2
1606,5007.943,Konnichiwa from hello-cloud-node-s74g1 in cloud-node,5
1607,2007.444,Konnichiwa from hello-cloud-node-s74g1 in cloud-node,2
1608,5005.5779999999995,Konnichiwa from hello-cloud-node-s74g1 in cloud-node,5
1609,2005.6219999999998,Konnichiwa from hello-cloud-node-s74g1 in cloud-node,2
1610,3343.4849999999997,Konnichiwa from hello-cloud-node-s74g1 in cloud-node,5
1611,2508.546,Konnichiwa from hello-cloud-node-s74g1 in cloud-node,2
1612,3339.412,Konnichiwa from hello-cloud-node-s74g1 in cloud-node,5
1613,2507.29,Konnichiwa from hello-cloud-node-s74g1 in cloud-node,2
1614,1674.664,Konnichiwa from hello-cloud-node-s74g1 in cloud-node,5
1615,5007.744,Konnichiwa from hello-cloud-node-s74g1 in cloud-node,2
1616,1672.127,Konnichiwa from hello-cloud-node-s74g1 in cloud-node,5
1617,5006.408,Konnichiwa from hello-cloud-node-s74g1 in cloud-node,2
1618,1673.959,Konnichiwa from hello-cloud-node-s74g1 in cloud-node,5
1619,3343.757,Konnichiwa from hello-cloud-node-s74g1 in cloud-node,2
1620,1676.213,Konnichiwa from hello-cloud-node-s74g1 in cloud-node,5
1621,3339.714,Konnichiwa from hello-cloud-node-s74g1 in cloud-node,2
1622,3339.228,Konnichiwa from hello-cloud-node-s74g1 in cloud-node,5
1623,3339.427,Konnichiwa from hello-cloud-node-s74g1 in cloud-node,2
1624,3340.63,Konnichiwa from hello-cloud-node-s74g1 in cloud-node,5
1625,3339.957,Konnichiwa from hello-cloud-node-s74g1 in cloud-node,2
1626,1672.691,Konnichiwa from hello-cloud-node-s74g1 in cloud-node,5
1627,1435.391,Konnichiwa from hello-cloud-node-s74g1 in cloud-node,2
1628,1672.932,Konnichiwa from hello-cloud-node-s74g1 in cloud-node,5
1629,1436.751,Konnichiwa from hello-cloud-node-s74g1 in cloud-node,2
1630,1673.383,Konnichiwa from hello-cloud-node-s74g1 in cloud-node,5
1631,1435.145,Konnichiwa from hello-cloud-node-s74g1 in cloud-node,2
1632,1673.319,Konnichiwa from hello-cloud-node-s74g1 in cloud-node,5
1633,1434.3010000000002,Konnichiwa from hello-cloud-node-s74g1 in cloud-node,2
1634,2006.5819999999999,Konnichiwa from hello-cloud-node-s74g1 in cloud-node,5
1635,1435.943,Konnichiwa from hello-cloud-node-s74g1 in cloud-node,2
1636,2006.39,Konnichiwa from hello-cloud-node-s74g1 in cloud-node,5
1637,1434.031,Konnichiwa from hello-cloud-node-s74g1 in cloud-node,2
1638,2004.89,Konnichiwa from hello-cloud-node-s74g1 in cloud-node,5
1639,1434.664,Konnichiwa from hello-cloud-node-s74g1 in cloud-node,2
1640,3340.602,Konnichiwa from hello-cloud-node-s74g1 in cloud-node,5
Line count,Response time,current time,app id
1,9242.517,Konnichiwa from hello-edge-node-e1zri in edge-node,6
2,9911.894999999999,Konnichiwa from hello-edge-node-e1zri in edge-node,10
3,7578.443,Konnichiwa from hello-edge-node-e1zri in edge-node,3
4,7.707000000000001,Konnichiwa from hello-edge-node-e1zri in edge-node,3
5,3.3440000000000003,Konnichiwa from hello-edge-node-e1zri in edge-node,10
6,3.785,Konnichiwa from hello-edge-node-e1zri in edge-node,6
7,3.767,Konnichiwa from hello-edge-node-e1zri in edge-node,3
8,3.507,Konnichiwa from hello-edge-node-e1zri in edge-node,10
9,3.494,Konnichiwa from hello-edge-node-e1zri in edge-node,3
10,3.777,Konnichiwa from hello-edge-node-e1zri in edge-node,6
11,4.1739999999999995,Konnichiwa from hello-edge-node-e1zri in edge-node,3
12,3.96,Konnichiwa from hello-edge-node-e1zri in edge-node,10
13,3.402,Konnichiwa from hello-edge-node-e1zri in edge-node,3
14,3.4819999999999998,Konnichiwa from hello-edge-node-e1zri in edge-node,6
15,3.886,Konnichiwa from hello-edge-node-e1zri in edge-node,10
16,3.397,Konnichiwa from hello-edge-node-e1zri in edge-node,3
17,3.384,Konnichiwa from hello-edge-node-e1zri in edge-node,6
18,2.907,Konnichiwa from hello-edge-node-e1zri in edge-node,10
19,3.747,Konnichiwa from hello-edge-node-e1zri in edge-node,3
20,3.4880000000000004,Konnichiwa from hello-edge-node-e1zri in edge-node,10
21,3.3579999999999997,Konnichiwa from hello-edge-node-e1zri in edge-node,6
22,3.362,Konnichiwa from hello-edge-node-e1zri in edge-node,3
23,3.516,Konnichiwa from hello-edge-node-e1zri in edge-node,10
24,3.764,Konnichiwa from hello-edge-node-e1zri in edge-node,6
25,3.463,Konnichiwa from hello-edge-node-e1zri in edge-node,3
26,3.363,Konnichiwa from hello-edge-node-e1zri in edge-node,10
27,3.613,Konnichiwa from hello-edge-node-e1zri in edge-node,6
28,3.356,Konnichiwa from hello-edge-node-e1zri in edge-node,3
29,3.521,Konnichiwa from hello-edge-node-e1zri in edge-node,10
30,3.238,Konnichiwa from hello-edge-node-e1zri in edge-node,6
31,3.3040000000000003,Konnichiwa from hello-edge-node-e1zri in edge-node,3
32,3.7039999999999997,Konnichiwa from hello-edge-node-e1zri in edge-node,10
33,3.9979999999999998,Konnichiwa from hello-edge-node-e1zri in edge-node,6
34,3.776,Konnichiwa from hello-edge-node-e1zri in edge-node,10
35,3.7169999999999996,Konnichiwa from hello-edge-node-e1zri in edge-node,3
36,3.806,Konnichiwa from hello-edge-node-e1zri in edge-node,10
37,3.967,Konnichiwa from hello-edge-node-e1zri in edge-node,3
38,4.042,Konnichiwa from hello-edge-node-e1zri in edge-node,6
39,3.59,Konnichiwa from hello-edge-node-e1zri in edge-node,10
40,3.628,Konnichiwa from hello-edge-node-e1zri in edge-node,3
41,4.004,Konnichiwa from hello-edge-node-e1zri in edge-node,10
42,3.702,Konnichiwa from hello-edge-node-e1zri in edge-node,6
43,3.578,Konnichiwa from hello-edge-node-e1zri in edge-node,10
44,3.1189999999999998,Konnichiwa from hello-edge-node-e1zri in edge-node,3
45,3.863,Konnichiwa from hello-edge-node-e1zri in edge-node,3
46,3.6189999999999998,Konnichiwa from hello-edge-node-e1zri in edge-node,10
47,3.731,Konnichiwa from hello-edge-node-e1zri in edge-node,6
48,4.854,Konnichiwa from hello-edge-node-e1zri in edge-node,3
49,3.424,Konnichiwa from hello-edge-node-e1zri in edge-node,10
50,3.644,Konnichiwa from hello-edge-node-e1zri in edge-node,6
51,4.186,Konnichiwa from hello-edge-node-e1zri in edge-node,3
52,3.649,Konnichiwa from hello-edge-node-e1zri in edge-node,10
53,3.876,Konnichiwa from hello-edge-node-e1zri in edge-node,3
54,3.628,Konnichiwa from hello-edge-node-e1zri in edge-node,6
55,4.124,Konnichiwa from hello-edge-node-e1zri in edge-node,10
56,3.355,Konnichiwa from hello-edge-node-e1zri in edge-node,3
57,3.657,Konnichiwa from hello-edge-node-e1zri in edge-node,6
58,3.391,Konnichiwa from hello-edge-node-e1zri in edge-node,10
59,3.306,Konnichiwa from hello-edge-node-e1zri in edge-node,3
60,3.7239999999999998,Konnichiwa from hello-edge-node-e1zri in edge-node,10
61,2.9979999999999998,Konnichiwa from hello-edge-node-e1zri in edge-node,3
62,3.9090000000000003,Konnichiwa from hello-edge-node-e1zri in edge-node,6
63,3.427,Konnichiwa from hello-edge-node-e1zri in edge-node,10
64,3.3609999999999998,Konnichiwa from hello-edge-node-e1zri in edge-node,3
65,3.413,Konnichiwa from hello-edge-node-e1zri in edge-node,6
66,3.552,Konnichiwa from hello-edge-node-e1zri in edge-node,10
67,3.0010000000000003,Konnichiwa from hello-edge-node-e1zri in edge-node,3
68,3.4949999999999997,Konnichiwa from hello-edge-node-e1zri in edge-node,6
69,3.434,Konnichiwa from hello-edge-node-e1zri in edge-node,10
70,3.558,Konnichiwa from hello-edge-node-e1zri in edge-node,3
71,3.885,Konnichiwa from hello-edge-node-e1zri in edge-node,3
72,3.873,Konnichiwa from hello-edge-node-e1zri in edge-node,6
73,3.5509999999999997,Konnichiwa from hello-edge-node-e1zri in edge-node,10
74,3.2529999999999997,Konnichiwa from hello-edge-node-e1zri in edge-node,3
75,3.283,Konnichiwa from hello-edge-node-e1zri in edge-node,6
76,3.815,Konnichiwa from hello-edge-node-e1zri in edge-node,3
77,3.5260000000000002,Konnichiwa from hello-edge-node-e1zri in edge-node,10
78,3.383,Konnichiwa from hello-edge-node-e1zri in edge-node,6
79,3.4810000000000003,Konnichiwa from hello-edge-node-e1zri in edge-node,3
80,3.437,Konnichiwa from hello-edge-node-e1zri in edge-node,6
81,3.326,Konnichiwa from hello-edge-node-e1zri in edge-node,10
82,3.417,Konnichiwa from hello-edge-node-e1zri in edge-node,3
83,3.371,Konnichiwa from hello-edge-node-e1zri in edge-node,3
84,3.648,Konnichiwa from hello-edge-node-e1zri in edge-node,10
85,3.3019999999999996,Konnichiwa from hello-edge-node-e1zri in edge-node,3
86,3.606,Konnichiwa from hello-edge-node-e1zri in edge-node,10
87,3.0500000000000003,Konnichiwa from hello-edge-node-e1zri in edge-node,3
88,3.5100000000000002,Konnichiwa from hello-edge-node-e1zri in edge-node,6
89,3.479,Konnichiwa from hello-edge-node-e1zri in edge-node,3
90,3.7750000000000004,Konnichiwa from hello-edge-node-e1zri in edge-node,10
91,3.432,Konnichiwa from hello-edge-node-e1zri in edge-node,3
92,3.798,Konnichiwa from hello-edge-node-e1zri in edge-node,10
93,3.522,Konnichiwa from hello-edge-node-e1zri in edge-node,3
94,3.5239999999999996,Konnichiwa from hello-edge-node-e1zri in edge-node,3
95,4.473999999999999,Konnichiwa from hello-edge-node-e1zri in edge-node,10
96,3.7100000000000004,Konnichiwa from hello-edge-node-e1zri in edge-node,6
97,4.071,Konnichiwa from hello-edge-node-e1zri in edge-node,3
98,3.6229999999999998,Konnichiwa from hello-edge-node-e1zri in edge-node,10
99,3.29,Konnichiwa from hello-edge-node-e1zri in edge-node,3
100,4.218,Konnichiwa from hello-edge-node-e1zri in edge-node,3
101,4.14,Konnichiwa from hello-edge-node-e1zri in edge-node,10
102,3.437,Konnichiwa from hello-edge-node-e1zri in edge-node,3
103,3.362,Konnichiwa from hello-edge-node-e1zri in edge-node,6
104,3.66,Konnichiwa from hello-edge-node-e1zri in edge-node,10
105,3.508,Konnichiwa from hello-edge-node-e1zri in edge-node,3
106,3.412,Konnichiwa from hello-edge-node-e1zri in edge-node,6
107,3.411,Konnichiwa from hello-edge-node-e1zri in edge-node,3
108,3.496,Konnichiwa from hello-edge-node-e1zri in edge-node,10
109,3.4520000000000004,Konnichiwa from hello-edge-node-e1zri in edge-node,6
110,3.229,Konnichiwa from hello-edge-node-e1zri in edge-node,3
111,3.332,Konnichiwa from hello-edge-node-e1zri in edge-node,10
112,3.283,Konnichiwa from hello-edge-node-e1zri in edge-node,6
113,3.826,Konnichiwa from hello-edge-node-e1zri in edge-node,3
114,3.7720000000000002,Konnichiwa from hello-edge-node-e1zri in edge-node,6
115,3.975,Konnichiwa from hello-edge-node-e1zri in edge-node,10
116,3.858,Konnichiwa from hello-edge-node-e1zri in edge-node,3
117,3.678,Konnichiwa from hello-edge-node-e1zri in edge-node,6
118,3.326,Konnichiwa from hello-edge-node-e1zri in edge-node,10
119,3.363,Konnichiwa from hello-edge-node-e1zri in edge-node,3
120,3.3409999999999997,Konnichiwa from hello-edge-node-e1zri in edge-node,6
121,3.5500000000000003,Konnichiwa from hello-edge-node-e1zri in edge-node,6
122,3.406,Konnichiwa from hello-edge-node-e1zri in edge-node,10
123,3.69,Konnichiwa from hello-edge-node-e1zri in edge-node,3
124,3.536,Konnichiwa from hello-edge-node-e1zri in edge-node,3
125,3.6189999999999998,Konnichiwa from hello-edge-node-e1zri in edge-node,10
126,3.8739999999999997,Konnichiwa from hello-edge-node-e1zri in edge-node,3
127,4.699,Konnichiwa from hello-edge-node-e1zri in edge-node,3
128,4.084,Konnichiwa from hello-edge-node-e1zri in edge-node,6
129,3.369,Konnichiwa from hello-edge-node-e1zri in edge-node,10
130,3.794,Konnichiwa from hello-edge-node-e1zri in edge-node,3
131,3.846,Konnichiwa from hello-edge-node-e1zri in edge-node,6
132,3.376,Konnichiwa from hello-edge-node-e1zri in edge-node,6
133,3.558,Konnichiwa from hello-edge-node-e1zri in edge-node,10
134,3.264,Konnichiwa from hello-edge-node-e1zri in edge-node,6
135,3.691,Konnichiwa from hello-edge-node-e1zri in edge-node,3
136,3.4810000000000003,Konnichiwa from hello-edge-node-e1zri in edge-node,6
137,3.479,Konnichiwa from hello-edge-node-e1zri in edge-node,6
138,3.504,Konnichiwa from hello-edge-node-e1zri in edge-node,10
139,3.455,Konnichiwa from hello-edge-node-e1zri in edge-node,6
140,3.9639999999999995,Konnichiwa from hello-edge-node-e1zri in edge-node,3
141,3.144,Konnichiwa from hello-edge-node-e1zri in edge-node,6
142,3.928,Konnichiwa from hello-edge-node-e1zri in edge-node,10
143,3.601,Konnichiwa from hello-edge-node-e1zri in edge-node,6
144,3.644,Konnichiwa from hello-edge-node-e1zri in edge-node,6
145,3.529,Konnichiwa from hello-edge-node-e1zri in edge-node,6
146,3.469,Konnichiwa from hello-edge-node-e1zri in edge-node,10
147,3.4,Konnichiwa from hello-edge-node-e1zri in edge-node,3
148,3.686,Konnichiwa from hello-edge-node-e1zri in edge-node,6
149,4.061,Konnichiwa from hello-edge-node-e1zri in edge-node,10
150,3.375,Konnichiwa from hello-edge-node-e1zri in edge-node,3
151,3.355,Konnichiwa from hello-edge-node-e1zri in edge-node,6
152,3.847,Konnichiwa from hello-edge-node-e1zri in edge-node,10
153,3.803,Konnichiwa from hello-edge-node-e1zri in edge-node,3
154,3.8449999999999998,Konnichiwa from hello-edge-node-e1zri in edge-node,6
155,3.355,Konnichiwa from hello-edge-node-e1zri in edge-node,6
156,3.347,Konnichiwa from hello-edge-node-e1zri in edge-node,10
157,3.8600000000000003,Konnichiwa from hello-edge-node-e1zri in edge-node,3
158,3.3649999999999998,Konnichiwa from hello-edge-node-e1zri in edge-node,6
159,3.377,Konnichiwa from hello-edge-node-e1zri in edge-node,10
160,3.261,Konnichiwa from hello-edge-node-e1zri in edge-node,3
161,3.399,Konnichiwa from hello-edge-node-e1zri in edge-node,6
162,3.505,Konnichiwa from hello-edge-node-e1zri in edge-node,6
163,2.7729999999999997,Konnichiwa from hello-edge-node-e1zri in edge-node,10
164,4.024,Konnichiwa from hello-edge-node-e1zri in edge-node,3
165,3.527,Konnichiwa from hello-edge-node-e1zri in edge-node,6
166,3.5100000000000002,Konnichiwa from hello-edge-node-e1zri in edge-node,10
167,3.523,Konnichiwa from hello-edge-node-e1zri in edge-node,6
168,3.42,Konnichiwa from hello-edge-node-e1zri in edge-node,3
169,3.354,Konnichiwa from hello-edge-node-e1zri in edge-node,6
170,4.335999999999999,Konnichiwa from hello-edge-node-e1zri in edge-node,10
171,3.3939999999999997,Konnichiwa from hello-edge-node-e1zri in edge-node,6
172,3.849,Konnichiwa from hello-edge-node-e1zri in edge-node,10
173,3.0469999999999997,Konnichiwa from hello-edge-node-e1zri in edge-node,6
174,3.281,Konnichiwa from hello-edge-node-e1zri in edge-node,3
175,4.163,Konnichiwa from hello-edge-node-e1zri in edge-node,10
176,4.059,Konnichiwa from hello-edge-node-e1zri in edge-node,3
177,3.877,Konnichiwa from hello-edge-node-e1zri in edge-node,6
178,3.779,Konnichiwa from hello-edge-node-e1zri in edge-node,10
179,4.036,Konnichiwa from hello-edge-node-e1zri in edge-node,3
180,3.44,Konnichiwa from hello-edge-node-e1zri in edge-node,6
181,3.479,Konnichiwa from hello-edge-node-e1zri in edge-node,10
182,3.52,Konnichiwa from hello-edge-node-e1zri in edge-node,3
183,3.826,Konnichiwa from hello-edge-node-e1zri in edge-node,6
184,4.522,Konnichiwa from hello-edge-node-e1zri in edge-node,10
185,3.313,Konnichiwa from hello-edge-node-e1zri in edge-node,3
186,3.3800000000000003,Konnichiwa from hello-edge-node-e1zri in edge-node,6
187,3.387,Konnichiwa from hello-edge-node-e1zri in edge-node,10
188,3.93,Konnichiwa from hello-edge-node-e1zri in edge-node,3
189,3.337,Konnichiwa from hello-edge-node-e1zri in edge-node,6
190,3.384,Konnichiwa from hello-edge-node-e1zri in edge-node,10
191,3.286,Konnichiwa from hello-edge-node-e1zri in edge-node,3
192,3.548,Konnichiwa from hello-edge-node-e1zri in edge-node,6
193,3.745,Konnichiwa from hello-edge-node-e1zri in edge-node,10
194,3.397,Konnichiwa from hello-edge-node-e1zri in edge-node,3
195,3.516,Konnichiwa from hello-edge-node-e1zri in edge-node,3
196,3.5309999999999997,Konnichiwa from hello-edge-node-e1zri in edge-node,6
197,3.669,Konnichiwa from hello-edge-node-e1zri in edge-node,3
198,3.573,Konnichiwa from hello-edge-node-e1zri in edge-node,6
199,3.469,Konnichiwa from hello-edge-node-e1zri in edge-node,10
200,3.726,Konnichiwa from hello-edge-node-e1zri in edge-node,3
201,4.261,Konnichiwa from hello-edge-node-e1zri in edge-node,6
202,3.513,Konnichiwa from hello-edge-node-e1zri in edge-node,3
203,3.5509999999999997,Konnichiwa from hello-edge-node-e1zri in edge-node,6
204,4.375,Konnichiwa from hello-edge-node-e1zri in edge-node,3
205,3.902,Konnichiwa from hello-edge-node-e1zri in edge-node,10
206,3.701,Konnichiwa from hello-edge-node-e1zri in edge-node,6
207,3.655,Konnichiwa from hello-edge-node-e1zri in edge-node,3
208,3.5170000000000003,Konnichiwa from hello-edge-node-e1zri in edge-node,6
209,3.422,Konnichiwa from hello-edge-node-e1zri in edge-node,10
210,3.397,Konnichiwa from hello-edge-node-e1zri in edge-node,6
211,3.3939999999999997,Konnichiwa from hello-edge-node-e1zri in edge-node,10
212,3.612,Konnichiwa from hello-edge-node-e1zri in edge-node,3
213,3.59,Konnichiwa from hello-edge-node-e1zri in edge-node,6
214,3.819,Konnichiwa from hello-edge-node-e1zri in edge-node,10
215,3.4499999999999997,Konnichiwa from hello-edge-node-e1zri in edge-node,6
216,3.6229999999999998,Konnichiwa from hello-edge-node-e1zri in edge-node,10
217,3.33,Konnichiwa from hello-edge-node-e1zri in edge-node,6
218,3.226,Konnichiwa from hello-edge-node-e1zri in edge-node,3
219,3.383,Konnichiwa from hello-edge-node-e1zri in edge-node,10
220,3.356,Konnichiwa from hello-edge-node-e1zri in edge-node,10
221,3.572,Konnichiwa from hello-edge-node-e1zri in edge-node,3
222,3.504,Konnichiwa from hello-edge-node-e1zri in edge-node,10
223,4.595,Konnichiwa from hello-edge-node-e1zri in edge-node,6
224,3.814,Konnichiwa from hello-edge-node-e1zri in edge-node,10
225,3.52,Konnichiwa from hello-edge-node-e1zri in edge-node,3
226,3.906,Konnichiwa from hello-edge-node-e1zri in edge-node,10
227,3.734,Konnichiwa from hello-edge-node-e1zri in edge-node,6
228,3.615,Konnichiwa from hello-edge-node-e1zri in edge-node,10
229,3.675,Konnichiwa from hello-edge-node-e1zri in edge-node,3
230,4.889,Konnichiwa from hello-edge-node-e1zri in edge-node,6
231,3.713,Konnichiwa from hello-edge-node-e1zri in edge-node,6
232,3.891,Konnichiwa from hello-edge-node-e1zri in edge-node,10
233,3.248,Konnichiwa from hello-edge-node-e1zri in edge-node,3
234,3.9090000000000003,Konnichiwa from hello-edge-node-e1zri in edge-node,6
235,3.479,Konnichiwa from hello-edge-node-e1zri in edge-node,6
236,3.7079999999999997,Konnichiwa from hello-edge-node-e1zri in edge-node,6
237,3.377,Konnichiwa from hello-edge-node-e1zri in edge-node,10
238,3.506,Konnichiwa from hello-edge-node-e1zri in edge-node,3
239,3.375,Konnichiwa from hello-edge-node-e1zri in edge-node,6
240,3.1220000000000003,Konnichiwa from hello-edge-node-e1zri in edge-node,6
241,3.6719999999999997,Konnichiwa from hello-edge-node-e1zri in edge-node,10
242,3.2439999999999998,Konnichiwa from hello-edge-node-e1zri in edge-node,3
243,3.9659999999999997,Konnichiwa from hello-edge-node-e1zri in edge-node,6
244,3.657,Konnichiwa from hello-edge-node-e1zri in edge-node,6
245,3.479,Konnichiwa from hello-edge-node-e1zri in edge-node,6
246,3.437,Konnichiwa from hello-edge-node-e1zri in edge-node,10
247,3.468,Konnichiwa from hello-edge-node-e1zri in edge-node,3
248,3.436,Konnichiwa from hello-edge-node-e1zri in edge-node,6
249,3.233,Konnichiwa from hello-edge-node-e1zri in edge-node,6
250,4.201,Konnichiwa from hello-edge-node-e1zri in edge-node,10
251,4.622,Konnichiwa from hello-edge-node-e1zri in edge-node,3
252,3.8240000000000003,Konnichiwa from hello-edge-node-e1zri in edge-node,6
253,3.397,Konnichiwa from hello-edge-node-e1zri in edge-node,10
254,4.2,Konnichiwa from hello-edge-node-e1zri in edge-node,6
255,3.49,Konnichiwa from hello-edge-node-e1zri in edge-node,3
256,3.285,Konnichiwa from hello-edge-node-e1zri in edge-node,10
257,4.188,Konnichiwa from hello-edge-node-e1zri in edge-node,6
258,3.3379999999999996,Konnichiwa from hello-edge-node-e1zri in edge-node,3
259,3.364,Konnichiwa from hello-edge-node-e1zri in edge-node,10
260,3.855,Konnichiwa from hello-edge-node-e1zri in edge-node,6
261,4.046,Konnichiwa from hello-edge-node-e1zri in edge-node,3
262,4.143,Konnichiwa from hello-edge-node-e1zri in edge-node,10
263,4.3020000000000005,Konnichiwa from hello-edge-node-e1zri in edge-node,6
264,3.46,Konnichiwa from hello-edge-node-e1zri in edge-node,10
265,3.5820000000000003,Konnichiwa from hello-edge-node-e1zri in edge-node,3
266,3.457,Konnichiwa from hello-edge-node-e1zri in edge-node,6
267,3.4259999999999997,Konnichiwa from hello-edge-node-e1zri in edge-node,3
268,3.675,Konnichiwa from hello-edge-node-e1zri in edge-node,10
269,3.599,Konnichiwa from hello-edge-node-e1zri in edge-node,6
270,3.37,Konnichiwa from hello-edge-node-e1zri in edge-node,3
271,3.436,Konnichiwa from hello-edge-node-e1zri in edge-node,10
272,4.171,Konnichiwa from hello-edge-node-e1zri in edge-node,3
273,3.9659999999999997,Konnichiwa from hello-edge-node-e1zri in edge-node,10
274,3.194,Konnichiwa from hello-edge-node-e1zri in edge-node,6
275,3.507,Konnichiwa from hello-edge-node-e1zri in edge-node,3
276,3.6020000000000003,Konnichiwa from hello-edge-node-e1zri in edge-node,10
277,3.4589999999999996,Konnichiwa from hello-edge-node-e1zri in edge-node,3
278,3.375,Konnichiwa from hello-edge-node-e1zri in edge-node,6
279,3.411,Konnichiwa from hello-edge-node-e1zri in edge-node,10
280,3.577,Konnichiwa from hello-edge-node-e1zri in edge-node,3
281,3.7529999999999997,Konnichiwa from hello-edge-node-e1zri in edge-node,10
282,4.0489999999999995,Konnichiwa from hello-edge-node-e1zri in edge-node,3
283,3.176,Konnichiwa from hello-edge-node-e1zri in edge-node,6
284,4.813,Konnichiwa from hello-edge-node-e1zri in edge-node,3
285,4.7299999999999995,Konnichiwa from hello-edge-node-e1zri in edge-node,6
286,5.061000000000001,Konnichiwa from hello-edge-node-e1zri in edge-node,10
287,4.394,Konnichiwa from hello-edge-node-e1zri in edge-node,3
288,5.575,Konnichiwa from hello-edge-node-e1zri in edge-node,6
289,3.349,Konnichiwa from hello-edge-node-e1zri in edge-node,10
290,3.5669999999999997,Konnichiwa from hello-edge-node-e1zri in edge-node,3
291,3.682,Konnichiwa from hello-edge-node-e1zri in edge-node,6
292,3.634,Konnichiwa from hello-edge-node-e1zri in edge-node,6
293,5.011,Konnichiwa from hello-edge-node-e1zri in edge-node,3
294,3.862,Konnichiwa from hello-edge-node-e1zri in edge-node,10
295,3.91,Konnichiwa from hello-edge-node-e1zri in edge-node,6
296,4.244999999999999,Konnichiwa from hello-edge-node-e1zri in edge-node,3
297,4.101999999999999,Konnichiwa from hello-edge-node-e1zri in edge-node,10
298,3.815,Konnichiwa from hello-edge-node-e1zri in edge-node,6
299,4.891,Konnichiwa from hello-edge-node-e1zri in edge-node,3
300,3.433,Konnichiwa from hello-edge-node-e1zri in edge-node,6
301,3.9309999999999996,Konnichiwa from hello-edge-node-e1zri in edge-node,6
302,3.376,Konnichiwa from hello-edge-node-e1zri in edge-node,3
303,3.856,Konnichiwa from hello-edge-node-e1zri in edge-node,10
304,3.354,Konnichiwa from hello-edge-node-e1zri in edge-node,6
305,3.613,Konnichiwa from hello-edge-node-e1zri in edge-node,6
306,3.671,Konnichiwa from hello-edge-node-e1zri in edge-node,3
307,3.915,Konnichiwa from hello-edge-node-e1zri in edge-node,6
308,3.6350000000000002,Konnichiwa from hello-edge-node-e1zri in edge-node,10
309,3.701,Konnichiwa from hello-edge-node-e1zri in edge-node,6
310,3.853,Konnichiwa from hello-edge-node-e1zri in edge-node,3
311,3.327,Konnichiwa from hello-edge-node-e1zri in edge-node,6
312,4.231999999999999,Konnichiwa from hello-edge-node-e1zri in edge-node,6
313,3.3939999999999997,Konnichiwa from hello-edge-node-e1zri in edge-node,10
314,3.463,Konnichiwa from hello-edge-node-e1zri in edge-node,3
315,3.9309999999999996,Konnichiwa from hello-edge-node-e1zri in edge-node,6
316,4.648000000000001,Konnichiwa from hello-edge-node-e1zri in edge-node,3
317,3.398,Konnichiwa from hello-edge-node-e1zri in edge-node,6
318,3.451,Konnichiwa from hello-edge-node-e1zri in edge-node,3
319,3.613,Konnichiwa from hello-edge-node-e1zri in edge-node,6
320,3.411,Konnichiwa from hello-edge-node-e1zri in edge-node,3
321,3.8899999999999997,Konnichiwa from hello-edge-node-e1zri in edge-node,6
322,4.019,Konnichiwa from hello-edge-node-e1zri in edge-node,3
323,4.045,Konnichiwa from hello-edge-node-e1zri in edge-node,10
324,3.556,Konnichiwa from hello-edge-node-e1zri in edge-node,3
325,3.713,Konnichiwa from hello-edge-node-e1zri in edge-node,6
326,3.1710000000000003,Konnichiwa from hello-edge-node-e1zri in edge-node,3
327,3.143,Konnichiwa from hello-edge-node-e1zri in edge-node,6
328,3.185,Konnichiwa from hello-edge-node-e1zri in edge-node,10
329,3.31,Konnichiwa from hello-edge-node-e1zri in edge-node,3
330,3.5509999999999997,Konnichiwa from hello-edge-node-e1zri in edge-node,6
331,3.366,Konnichiwa from hello-edge-node-e1zri in edge-node,3
332,3.1310000000000002,Konnichiwa from hello-edge-node-e1zri in edge-node,6
333,3.4810000000000003,Konnichiwa from hello-edge-node-e1zri in edge-node,10
334,4.377,Konnichiwa from hello-edge-node-e1zri in edge-node,3
335,4.173,Konnichiwa from hello-edge-node-e1zri in edge-node,6
336,3.725,Konnichiwa from hello-edge-node-e1zri in edge-node,3
337,3.7239999999999998,Konnichiwa from hello-edge-node-e1zri in edge-node,6
338,3.5860000000000003,Konnichiwa from hello-edge-node-e1zri in edge-node,10
339,3.6,Konnichiwa from hello-edge-node-e1zri in edge-node,3
340,5.842,Konnichiwa from hello-edge-node-e1zri in edge-node,6
341,3.2369999999999997,Konnichiwa from hello-edge-node-e1zri in edge-node,10
342,3.489,Konnichiwa from hello-edge-node-e1zri in edge-node,3
343,3.6189999999999998,Konnichiwa from hello-edge-node-e1zri in edge-node,6
344,3.57,Konnichiwa from hello-edge-node-e1zri in edge-node,3
345,3.423,Konnichiwa from hello-edge-node-e1zri in edge-node,6
346,3.312,Konnichiwa from hello-edge-node-e1zri in edge-node,3
347,3.506,Konnichiwa from hello-edge-node-e1zri in edge-node,6
348,3.679,Konnichiwa from hello-edge-node-e1zri in edge-node,10
349,3.713,Konnichiwa from hello-edge-node-e1zri in edge-node,3
350,3.3960000000000004,Konnichiwa from hello-edge-node-e1zri in edge-node,6
351,3.545,Konnichiwa from hello-edge-node-e1zri in edge-node,3
352,4.18,Konnichiwa from hello-edge-node-e1zri in edge-node,6
353,3.785,Konnichiwa from hello-edge-node-e1zri in edge-node,3
354,3.437,Konnichiwa from hello-edge-node-e1zri in edge-node,10
355,3.9309999999999996,Konnichiwa from hello-edge-node-e1zri in edge-node,3
356,3.781,Konnichiwa from hello-edge-node-e1zri in edge-node,6
357,3.44,Konnichiwa from hello-edge-node-e1zri in edge-node,10
358,3.4299999999999997,Konnichiwa from hello-edge-node-e1zri in edge-node,3
359,3.955,Konnichiwa from hello-edge-node-e1zri in edge-node,6
360,3.656,Konnichiwa from hello-edge-node-e1zri in edge-node,10
361,3.438,Konnichiwa from hello-edge-node-e1zri in edge-node,10
362,3.353,Konnichiwa from hello-edge-node-e1zri in edge-node,3
363,3.598,Konnichiwa from hello-edge-node-e1zri in edge-node,6
364,3.65,Konnichiwa from hello-edge-node-e1zri in edge-node,10
365,3.9389999999999996,Konnichiwa from hello-edge-node-e1zri in edge-node,10
366,3.832,Konnichiwa from hello-edge-node-e1zri in edge-node,3
367,3.614,Konnichiwa from hello-edge-node-e1zri in edge-node,6
368,3.3289999999999997,Konnichiwa from hello-edge-node-e1zri in edge-node,6
369,3.7230000000000003,Konnichiwa from hello-edge-node-e1zri in edge-node,3
370,3.3379999999999996,Konnichiwa from hello-edge-node-e1zri in edge-node,6
371,3.3249999999999997,Konnichiwa from hello-edge-node-e1zri in edge-node,10
372,8.182,Konnichiwa from hello-edge-node-e1zri in edge-node,6
373,3.386,Konnichiwa from hello-edge-node-e1zri in edge-node,3
374,3.4589999999999996,Konnichiwa from hello-edge-node-e1zri in edge-node,6
375,3.5669999999999997,Konnichiwa from hello-edge-node-e1zri in edge-node,6
376,3.857,Konnichiwa from hello-edge-node-e1zri in edge-node,3
377,3.798,Konnichiwa from hello-edge-node-e1zri in edge-node,10
378,3.392,Konnichiwa from hello-edge-node-e1zri in edge-node,6
379,3.663,Konnichiwa from hello-edge-node-e1zri in edge-node,6
380,3.686,Konnichiwa from hello-edge-node-e1zri in edge-node,3
381,4.032,Konnichiwa from hello-edge-node-e1zri in edge-node,6
382,3.643,Konnichiwa from hello-edge-node-e1zri in edge-node,10
383,3.326,Konnichiwa from hello-edge-node-e1zri in edge-node,3
384,3.364,Konnichiwa from hello-edge-node-e1zri in edge-node,6
385,3.5100000000000002,Konnichiwa from hello-edge-node-e1zri in edge-node,10
386,3.4749999999999996,Konnichiwa from hello-edge-node-e1zri in edge-node,6
387,5.411,Konnichiwa from hello-edge-node-e1zri in edge-node,3
388,3.718,Konnichiwa from hello-edge-node-e1zri in edge-node,10
389,3.403,Konnichiwa from hello-edge-node-e1zri in edge-node,6
390,3.47,Konnichiwa from hello-edge-node-e1zri in edge-node,3
391,3.392,Konnichiwa from hello-edge-node-e1zri in edge-node,10
392,3.2750000000000004,Konnichiwa from hello-edge-node-e1zri in edge-node,6
393,3.438,Konnichiwa from hello-edge-node-e1zri in edge-node,3
394,3.554,Konnichiwa from hello-edge-node-e1zri in edge-node,10
395,4.253,Konnichiwa from hello-edge-node-e1zri in edge-node,6
396,3.569,Konnichiwa from hello-edge-node-e1zri in edge-node,10
397,3.642,Konnichiwa from hello-edge-node-e1zri in edge-node,3
398,3.368,Konnichiwa from hello-edge-node-e1zri in edge-node,6
399,3.423,Konnichiwa from hello-edge-node-e1zri in edge-node,6
400,3.9659999999999997,Konnichiwa from hello-edge-node-e1zri in edge-node,6
401,3.941,Konnichiwa from hello-edge-node-e1zri in edge-node,6
402,3.812,Konnichiwa from hello-edge-node-e1zri in edge-node,3
403,3.803,Konnichiwa from hello-edge-node-e1zri in edge-node,6
404,3.872,Konnichiwa from hello-edge-node-e1zri in edge-node,6
405,4.809,Konnichiwa from hello-edge-node-e1zri in edge-node,6
406,3.485,Konnichiwa from hello-edge-node-e1zri in edge-node,10
407,3.702,Konnichiwa from hello-edge-node-e1zri in edge-node,3
408,3.352,Konnichiwa from hello-edge-node-e1zri in edge-node,6
409,3.659,Konnichiwa from hello-edge-node-e1zri in edge-node,6
410,3.3890000000000002,Konnichiwa from hello-edge-node-e1zri in edge-node,10
411,3.669,Konnichiwa from hello-edge-node-e1zri in edge-node,6
412,3.771,Konnichiwa from hello-edge-node-e1zri in edge-node,10
413,3.8739999999999997,Konnichiwa from hello-edge-node-e1zri in edge-node,3
414,3.965,Konnichiwa from hello-edge-node-e1zri in edge-node,6
415,3.262,Konnichiwa from hello-edge-node-e1zri in edge-node,10
416,3.902,Konnichiwa from hello-edge-node-e1zri in edge-node,6
417,3.897,Konnichiwa from hello-edge-node-e1zri in edge-node,10
418,4.012,Konnichiwa from hello-edge-node-e1zri in edge-node,3
419,3.441,Konnichiwa from hello-edge-node-e1zri in edge-node,6
420,3.818,Konnichiwa from hello-edge-node-e1zri in edge-node,6
421,3.3449999999999998,Konnichiwa from hello-edge-node-e1zri in edge-node,3
422,3.706,Konnichiwa from hello-edge-node-e1zri in edge-node,10
423,3.492,Konnichiwa from hello-edge-node-e1zri in edge-node,6
424,3.576,Konnichiwa from hello-edge-node-e1zri in edge-node,3
425,3.999,Konnichiwa from hello-edge-node-e1zri in edge-node,6
426,4.004,Konnichiwa from hello-edge-node-e1zri in edge-node,10
427,4.603999999999999,Konnichiwa from hello-edge-node-e1zri in edge-node,6
428,3.342,Konnichiwa from hello-edge-node-e1zri in edge-node,3
429,3.3930000000000002,Konnichiwa from hello-edge-node-e1zri in edge-node,6
430,3.721,Konnichiwa from hello-edge-node-e1zri in edge-node,3
431,3.417,Konnichiwa from hello-edge-node-e1zri in edge-node,10
432,4.153,Konnichiwa from hello-edge-node-e1zri in edge-node,6
433,3.686,Konnichiwa from hello-edge-node-e1zri in edge-node,6
434,3.493,Konnichiwa from hello-edge-node-e1zri in edge-node,3
435,4.356999999999999,Konnichiwa from hello-edge-node-e1zri in edge-node,10
436,3.625,Konnichiwa from hello-edge-node-e1zri in edge-node,6
437,3.686,Konnichiwa from hello-edge-node-e1zri in edge-node,3
438,3.842,Konnichiwa from hello-edge-node-e1zri in edge-node,6
439,3.8240000000000003,Konnichiwa from hello-edge-node-e1zri in edge-node,10
440,3.413,Konnichiwa from hello-edge-node-e1zri in edge-node,3
441,3.706,Konnichiwa from hello-edge-node-e1zri in edge-node,6
442,3.518,Konnichiwa from hello-edge-node-e1zri in edge-node,3
443,3.565,Konnichiwa from hello-edge-node-e1zri in edge-node,6
444,3.576,Konnichiwa from hello-edge-node-e1zri in edge-node,10
445,3.3890000000000002,Konnichiwa from hello-edge-node-e1zri in edge-node,3
446,3.701,Konnichiwa from hello-edge-node-e1zri in edge-node,6
447,3.691,Konnichiwa from hello-edge-node-e1zri in edge-node,3
448,4.068,Konnichiwa from hello-edge-node-e1zri in edge-node,10
449,3.372,Konnichiwa from hello-edge-node-e1zri in edge-node,6
450,3.27,Konnichiwa from hello-edge-node-e1zri in edge-node,3
451,3.559,Konnichiwa from hello-edge-node-e1zri in edge-node,6
452,3.597,Konnichiwa from hello-edge-node-e1zri in edge-node,10
453,3.3899999999999997,Konnichiwa from hello-edge-node-e1zri in edge-node,3
454,3.799,Konnichiwa from hello-edge-node-e1zri in edge-node,6
455,3.4880000000000004,Konnichiwa from hello-edge-node-e1zri in edge-node,3
456,3.539,Konnichiwa from hello-edge-node-e1zri in edge-node,10
457,3.675,Konnichiwa from hello-edge-node-e1zri in edge-node,6
458,4.223,Konnichiwa from hello-edge-node-e1zri in edge-node,3
459,3.4880000000000004,Konnichiwa from hello-edge-node-e1zri in edge-node,10
460,3.369,Konnichiwa from hello-edge-node-e1zri in edge-node,3
461,4.086,Konnichiwa from hello-edge-node-e1zri in edge-node,6
462,3.507,Konnichiwa from hello-edge-node-e1zri in edge-node,6
463,3.8040000000000003,Konnichiwa from hello-edge-node-e1zri in edge-node,10
464,3.569,Konnichiwa from hello-edge-node-e1zri in edge-node,3
465,3.4659999999999997,Konnichiwa from hello-edge-node-e1zri in edge-node,6
466,3.593,Konnichiwa from hello-edge-node-e1zri in edge-node,10
467,5.14,Konnichiwa from hello-edge-node-e1zri in edge-node,6
468,3.476,Konnichiwa from hello-edge-node-e1zri in edge-node,3
469,3.7030000000000003,Konnichiwa from hello-edge-node-e1zri in edge-node,10
470,3.453,Konnichiwa from hello-edge-node-e1zri in edge-node,6
471,3.384,Konnichiwa from hello-edge-node-e1zri in edge-node,10
472,3.371,Konnichiwa from hello-edge-node-e1zri in edge-node,3
473,3.387,Konnichiwa from hello-edge-node-e1zri in edge-node,6
474,3.386,Konnichiwa from hello-edge-node-e1zri in edge-node,10
475,3.352,Konnichiwa from hello-edge-node-e1zri in edge-node,6
476,3.502,Konnichiwa from hello-edge-node-e1zri in edge-node,10
477,3.629,Konnichiwa from hello-edge-node-e1zri in edge-node,3
478,3.263,Konnichiwa from hello-edge-node-e1zri in edge-node,6
479,3.373,Konnichiwa from hello-edge-node-e1zri in edge-node,10
480,3.6350000000000002,Konnichiwa from hello-edge-node-e1zri in edge-node,6
481,3.201,Konnichiwa from hello-edge-node-e1zri in edge-node,10
482,3.454,Konnichiwa from hello-edge-node-e1zri in edge-node,3
483,3.383,Konnichiwa from hello-edge-node-e1zri in edge-node,6
484,3.7369999999999997,Konnichiwa from hello-edge-node-e1zri in edge-node,10
485,3.76,Konnichiwa from hello-edge-node-e1zri in edge-node,6
486,3.4979999999999998,Konnichiwa from hello-edge-node-e1zri in edge-node,10
487,3.697,Konnichiwa from hello-edge-node-e1zri in edge-node,10
488,4.0,Konnichiwa from hello-edge-node-e1zri in edge-node,3
489,4.189,Konnichiwa from hello-edge-node-e1zri in edge-node,6
490,3.471,Konnichiwa from hello-edge-node-e1zri in edge-node,6
491,3.328,Konnichiwa from hello-edge-node-e1zri in edge-node,10
492,4.107,Konnichiwa from hello-edge-node-e1zri in edge-node,6
493,3.408,Konnichiwa from hello-edge-node-e1zri in edge-node,10
494,3.33,Konnichiwa from hello-edge-node-e1zri in edge-node,3
495,3.516,Konnichiwa from hello-edge-node-e1zri in edge-node,6
496,3.489,Konnichiwa from hello-edge-node-e1zri in edge-node,10
497,4.261,Konnichiwa from hello-edge-node-e1zri in edge-node,6
498,4.105,Konnichiwa from hello-edge-node-e1zri in edge-node,10
499,3.758,Konnichiwa from hello-edge-node-e1zri in edge-node,3
500,3.4299999999999997,Konnichiwa from hello-edge-node-e1zri in edge-node,6
501,3.882,Konnichiwa from hello-edge-node-e1zri in edge-node,10
502,3.727,Konnichiwa from hello-edge-node-e1zri in edge-node,6
503,3.286,Konnichiwa from hello-edge-node-e1zri in edge-node,10
504,3.469,Konnichiwa from hello-edge-node-e1zri in edge-node,3
505,3.2169999999999996,Konnichiwa from hello-edge-node-e1zri in edge-node,6
506,3.767,Konnichiwa from hello-edge-node-e1zri in edge-node,10
507,3.522,Konnichiwa from hello-edge-node-e1zri in edge-node,6
508,3.573,Konnichiwa from hello-edge-node-e1zri in edge-node,10
509,3.527,Konnichiwa from hello-edge-node-e1zri in edge-node,10
510,3.418,Konnichiwa from hello-edge-node-e1zri in edge-node,6
511,3.7079999999999997,Konnichiwa from hello-edge-node-e1zri in edge-node,10
512,3.7169999999999996,Konnichiwa from hello-edge-node-e1zri in edge-node,6
513,3.299,Konnichiwa from hello-edge-node-e1zri in edge-node,10
514,3.665,Konnichiwa from hello-edge-node-e1zri in edge-node,10
515,3.453,Konnichiwa from hello-edge-node-e1zri in edge-node,3
516,3.2880000000000003,Konnichiwa from hello-edge-node-e1zri in edge-node,6
517,3.9179999999999997,Konnichiwa from hello-edge-node-e1zri in edge-node,3
518,3.755,Konnichiwa from hello-edge-node-e1zri in edge-node,6
519,3.4290000000000003,Konnichiwa from hello-edge-node-e1zri in edge-node,10
520,3.311,Konnichiwa from hello-edge-node-e1zri in edge-node,3
521,3.4299999999999997,Konnichiwa from hello-edge-node-e1zri in edge-node,6
522,3.7169999999999996,Konnichiwa from hello-edge-node-e1zri in edge-node,3
523,3.539,Konnichiwa from hello-edge-node-e1zri in edge-node,10
524,3.9880000000000004,Konnichiwa from hello-edge-node-e1zri in edge-node,3
525,3.473,Konnichiwa from hello-edge-node-e1zri in edge-node,6
526,3.401,Konnichiwa from hello-edge-node-e1zri in edge-node,10
527,4.169,Konnichiwa from hello-edge-node-e1zri in edge-node,3
528,3.8449999999999998,Konnichiwa from hello-edge-node-e1zri in edge-node,10
529,4.708,Konnichiwa from hello-edge-node-e1zri in edge-node,3
530,3.601,Konnichiwa from hello-edge-node-e1zri in edge-node,6
531,3.4619999999999997,Konnichiwa from hello-edge-node-e1zri in edge-node,10
532,3.814,Konnichiwa from hello-edge-node-e1zri in edge-node,3
533,3.219,Konnichiwa from hello-edge-node-e1zri in edge-node,10
534,3.422,Konnichiwa from hello-edge-node-e1zri in edge-node,3
535,3.3040000000000003,Konnichiwa from hello-edge-node-e1zri in edge-node,10
536,3.311,Konnichiwa from hello-edge-node-e1zri in edge-node,3
537,3.44,Konnichiwa from hello-edge-node-e1zri in edge-node,6
538,3.342,Konnichiwa from hello-edge-node-e1zri in edge-node,10
539,3.64,Konnichiwa from hello-edge-node-e1zri in edge-node,3
540,4.117,Konnichiwa from hello-edge-node-e1zri in edge-node,10
541,3.6719999999999997,Konnichiwa from hello-edge-node-e1zri in edge-node,3
542,3.9360000000000004,Konnichiwa from hello-edge-node-e1zri in edge-node,10
543,3.891,Konnichiwa from hello-edge-node-e1zri in edge-node,3
544,3.246,Konnichiwa from hello-edge-node-e1zri in edge-node,6
545,4.127,Konnichiwa from hello-edge-node-e1zri in edge-node,10
546,3.411,Konnichiwa from hello-edge-node-e1zri in edge-node,6
547,3.578,Konnichiwa from hello-edge-node-e1zri in edge-node,10
548,3.3089999999999997,Konnichiwa from hello-edge-node-e1zri in edge-node,6
549,3.44,Konnichiwa from hello-edge-node-e1zri in edge-node,10
550,3.925,Konnichiwa from hello-edge-node-e1zri in edge-node,10
551,3.609,Konnichiwa from hello-edge-node-e1zri in edge-node,3
552,3.5829999999999997,Konnichiwa from hello-edge-node-e1zri in edge-node,6
553,4.014,Konnichiwa from hello-edge-node-e1zri in edge-node,3
554,3.8409999999999997,Konnichiwa from hello-edge-node-e1zri in edge-node,10
555,3.95,Konnichiwa from hello-edge-node-e1zri in edge-node,3
556,3.8440000000000003,Konnichiwa from hello-edge-node-e1zri in edge-node,10
557,3.346,Konnichiwa from hello-edge-node-e1zri in edge-node,6
558,3.4459999999999997,Konnichiwa from hello-edge-node-e1zri in edge-node,3
559,4.915,Konnichiwa from hello-edge-node-e1zri in edge-node,10
560,3.832,Konnichiwa from hello-edge-node-e1zri in edge-node,3
561,3.6310000000000002,Konnichiwa from hello-edge-node-e1zri in edge-node,10
562,3.72,Konnichiwa from hello-edge-node-e1zri in edge-node,3
563,3.834,Konnichiwa from hello-edge-node-e1zri in edge-node,6
564,3.709,Konnichiwa from hello-edge-node-e1zri in edge-node,3
565,3.727,Konnichiwa from hello-edge-node-e1zri in edge-node,10
566,3.5669999999999997,Konnichiwa from hello-edge-node-e1zri in edge-node,6
567,4.517,Konnichiwa from hello-edge-node-e1zri in edge-node,3
568,3.525,Konnichiwa from hello-edge-node-e1zri in edge-node,10
569,3.502,Konnichiwa from hello-edge-node-e1zri in edge-node,6
570,4.001,Konnichiwa from hello-edge-node-e1zri in edge-node,3
571,3.22,Konnichiwa from hello-edge-node-e1zri in edge-node,10
572,3.373,Konnichiwa from hello-edge-node-e1zri in edge-node,6
573,4.067,Konnichiwa from hello-edge-node-e1zri in edge-node,3
574,4.43,Konnichiwa from hello-edge-node-e1zri in edge-node,10
575,4.884,Konnichiwa from hello-edge-node-e1zri in edge-node,6
576,3.294,Konnichiwa from hello-edge-node-e1zri in edge-node,3
577,3.478,Konnichiwa from hello-edge-node-e1zri in edge-node,10
578,3.435,Konnichiwa from hello-edge-node-e1zri in edge-node,6
579,4.265,Konnichiwa from hello-edge-node-e1zri in edge-node,3
580,3.483,Konnichiwa from hello-edge-node-e1zri in edge-node,10
581,3.3249999999999997,Konnichiwa from hello-edge-node-e1zri in edge-node,3
582,4.025,Konnichiwa from hello-edge-node-e1zri in edge-node,6
583,3.637,Konnichiwa from hello-edge-node-e1zri in edge-node,3
584,3.474,Konnichiwa from hello-edge-node-e1zri in edge-node,10
585,3.417,Konnichiwa from hello-edge-node-e1zri in edge-node,6
586,3.398,Konnichiwa from hello-edge-node-e1zri in edge-node,3
587,3.375,Konnichiwa from hello-edge-node-e1zri in edge-node,10
588,3.471,Konnichiwa from hello-edge-node-e1zri in edge-node,3
589,3.373,Konnichiwa from hello-edge-node-e1zri in edge-node,6
590,3.307,Konnichiwa from hello-edge-node-e1zri in edge-node,10
591,4.308,Konnichiwa from hello-edge-node-e1zri in edge-node,3
592,3.6,Konnichiwa from hello-edge-node-e1zri in edge-node,6
593,3.548,Konnichiwa from hello-edge-node-e1zri in edge-node,10
594,3.233,Konnichiwa from hello-edge-node-e1zri in edge-node,3
595,3.197,Konnichiwa from hello-edge-node-e1zri in edge-node,10
596,3.297,Konnichiwa from hello-edge-node-e1zri in edge-node,3
597,4.266,Konnichiwa from hello-edge-node-e1zri in edge-node,6
598,4.131,Konnichiwa from hello-edge-node-e1zri in edge-node,6
599,3.473,Konnichiwa from hello-edge-node-e1zri in edge-node,6
600,3.543,Konnichiwa from hello-edge-node-e1zri in edge-node,10
601,3.408,Konnichiwa from hello-edge-node-e1zri in edge-node,3
602,3.4259999999999997,Konnichiwa from hello-edge-node-e1zri in edge-node,6
603,3.552,Konnichiwa from hello-edge-node-e1zri in edge-node,6
604,3.31,Konnichiwa from hello-edge-node-e1zri in edge-node,10
605,3.597,Konnichiwa from hello-edge-node-e1zri in edge-node,3
606,4.004,Konnichiwa from hello-edge-node-e1zri in edge-node,6
607,3.5300000000000002,Konnichiwa from hello-edge-node-e1zri in edge-node,6
608,3.862,Konnichiwa from hello-edge-node-e1zri in edge-node,6
609,3.454,Konnichiwa from hello-edge-node-e1zri in edge-node,10
610,3.364,Konnichiwa from hello-edge-node-e1zri in edge-node,3
611,3.7889999999999997,Konnichiwa from hello-edge-node-e1zri in edge-node,6
612,3.447,Konnichiwa from hello-edge-node-e1zri in edge-node,6
613,3.354,Konnichiwa from hello-edge-node-e1zri in edge-node,10
614,3.424,Konnichiwa from hello-edge-node-e1zri in edge-node,3
615,3.7520000000000002,Konnichiwa from hello-edge-node-e1zri in edge-node,6
616,3.819,Konnichiwa from hello-edge-node-e1zri in edge-node,3
617,3.5860000000000003,Konnichiwa from hello-edge-node-e1zri in edge-node,10
618,3.4810000000000003,Konnichiwa from hello-edge-node-e1zri in edge-node,3
619,3.6319999999999997,Konnichiwa from hello-edge-node-e1zri in edge-node,6
620,3.782,Konnichiwa from hello-edge-node-e1zri in edge-node,3
621,3.513,Konnichiwa from hello-edge-node-e1zri in edge-node,10
622,3.7520000000000002,Konnichiwa from hello-edge-node-e1zri in edge-node,3
623,4.154,Konnichiwa from hello-edge-node-e1zri in edge-node,6
624,3.561,Konnichiwa from hello-edge-node-e1zri in edge-node,3
625,3.413,Konnichiwa from hello-edge-node-e1zri in edge-node,10
626,3.453,Konnichiwa from hello-edge-node-e1zri in edge-node,3
627,4.202,Konnichiwa from hello-edge-node-e1zri in edge-node,6
628,3.622,Konnichiwa from hello-edge-node-e1zri in edge-node,10
629,3.456,Konnichiwa from hello-edge-node-e1zri in edge-node,6
630,3.422,Konnichiwa from hello-edge-node-e1zri in edge-node,10
631,3.615,Konnichiwa from hello-edge-node-e1zri in edge-node,10
632,3.1670000000000003,Konnichiwa from hello-edge-node-e1zri in edge-node,6
633,3.7720000000000002,Konnichiwa from hello-edge-node-e1zri in edge-node,3
634,3.79,Konnichiwa from hello-edge-node-e1zri in edge-node,10
635,3.185,Konnichiwa from hello-edge-node-e1zri in edge-node,6
636,3.336,Konnichiwa from hello-edge-node-e1zri in edge-node,10
637,3.762,Konnichiwa from hello-edge-node-e1zri in edge-node,6
638,3.769,Konnichiwa from hello-edge-node-e1zri in edge-node,10
639,3.664,Konnichiwa from hello-edge-node-e1zri in edge-node,3
640,3.9760000000000004,Konnichiwa from hello-edge-node-e1zri in edge-node,10
641,3.321,Konnichiwa from hello-edge-node-e1zri in edge-node,6
642,3.211,Konnichiwa from hello-edge-node-e1zri in edge-node,10
643,3.456,Konnichiwa from hello-edge-node-e1zri in edge-node,6
644,3.877,Konnichiwa from hello-edge-node-e1zri in edge-node,10
645,3.3440000000000003,Konnichiwa from hello-edge-node-e1zri in edge-node,10
646,3.636,Konnichiwa from hello-edge-node-e1zri in edge-node,3
647,3.684,Konnichiwa from hello-edge-node-e1zri in edge-node,6
648,3.287,Konnichiwa from hello-edge-node-e1zri in edge-node,6
649,3.419,Konnichiwa from hello-edge-node-e1zri in edge-node,10
650,3.435,Konnichiwa from hello-edge-node-e1zri in edge-node,3
651,3.642,Konnichiwa from hello-edge-node-e1zri in edge-node,6
652,3.502,Konnichiwa from hello-edge-node-e1zri in edge-node,6
653,3.5100000000000002,Konnichiwa from hello-edge-node-e1zri in edge-node,10
654,3.19,Konnichiwa from hello-edge-node-e1zri in edge-node,3
655,3.563,Konnichiwa from hello-edge-node-e1zri in edge-node,6
656,3.98,Konnichiwa from hello-edge-node-e1zri in edge-node,6
657,3.9760000000000004,Konnichiwa from hello-edge-node-e1zri in edge-node,10
658,3.4450000000000003,Konnichiwa from hello-edge-node-e1zri in edge-node,3
659,4.721,Konnichiwa from hello-edge-node-e1zri in edge-node,6
660,3.353,Konnichiwa from hello-edge-node-e1zri in edge-node,6
661,3.371,Konnichiwa from hello-edge-node-e1zri in edge-node,10
662,3.141,Konnichiwa from hello-edge-node-e1zri in edge-node,3
663,3.897,Konnichiwa from hello-edge-node-e1zri in edge-node,6
664,3.676,Konnichiwa from hello-edge-node-e1zri in edge-node,10
665,4.114999999999999,Konnichiwa from hello-edge-node-e1zri in edge-node,3
666,3.437,Konnichiwa from hello-edge-node-e1zri in edge-node,6
667,4.024,Konnichiwa from hello-edge-node-e1zri in edge-node,6
668,4.66,Konnichiwa from hello-edge-node-e1zri in edge-node,10
669,4.005,Konnichiwa from hello-edge-node-e1zri in edge-node,6
670,3.455,Konnichiwa from hello-edge-node-e1zri in edge-node,3
671,3.5140000000000002,Konnichiwa from hello-edge-node-e1zri in edge-node,6
672,3.472,Konnichiwa from hello-edge-node-e1zri in edge-node,10
673,3.439,Konnichiwa from hello-edge-node-e1zri in edge-node,6
674,3.398,Konnichiwa from hello-edge-node-e1zri in edge-node,6
675,3.982,Konnichiwa from hello-edge-node-e1zri in edge-node,10
676,4.067,Konnichiwa from hello-edge-node-e1zri in edge-node,3
677,4.239,Konnichiwa from hello-edge-node-e1zri in edge-node,6
678,3.5599999999999996,Konnichiwa from hello-edge-node-e1zri in edge-node,3
679,3.6809999999999996,Konnichiwa from hello-edge-node-e1zri in edge-node,3
680,3.264,Konnichiwa from hello-edge-node-e1zri in edge-node,3
681,3.376,Konnichiwa from hello-edge-node-e1zri in edge-node,10
682,3.6519999999999997,Konnichiwa from hello-edge-node-e1zri in edge-node,6
683,4.547,Konnichiwa from hello-edge-node-e1zri in edge-node,3
684,3.527,Konnichiwa from hello-edge-node-e1zri in edge-node,3
685,3.52,Konnichiwa from hello-edge-node-e1zri in edge-node,3
686,3.922,Konnichiwa from hello-edge-node-e1zri in edge-node,10
687,3.477,Konnichiwa from hello-edge-node-e1zri in edge-node,3
688,3.4499999999999997,Konnichiwa from hello-edge-node-e1zri in edge-node,6
689,3.352,Konnichiwa from hello-edge-node-e1zri in edge-node,6
690,3.5660000000000003,Konnichiwa from hello-edge-node-e1zri in edge-node,10
691,3.659,Konnichiwa from hello-edge-node-e1zri in edge-node,3
692,3.477,Konnichiwa from hello-edge-node-e1zri in edge-node,6
693,3.4659999999999997,Konnichiwa from hello-edge-node-e1zri in edge-node,6
694,3.725,Konnichiwa from hello-edge-node-e1zri in edge-node,10
695,3.377,Konnichiwa from hello-edge-node-e1zri in edge-node,3
696,3.8089999999999997,Konnichiwa from hello-edge-node-e1zri in edge-node,6
697,3.8080000000000003,Konnichiwa from hello-edge-node-e1zri in edge-node,6
698,3.3960000000000004,Konnichiwa from hello-edge-node-e1zri in edge-node,10
699,3.335,Konnichiwa from hello-edge-node-e1zri in edge-node,3
700,3.9579999999999997,Konnichiwa from hello-edge-node-e1zri in edge-node,6
701,4.027,Konnichiwa from hello-edge-node-e1zri in edge-node,10
702,3.787,Konnichiwa from hello-edge-node-e1zri in edge-node,3
703,3.474,Konnichiwa from hello-edge-node-e1zri in edge-node,6
704,3.4250000000000003,Konnichiwa from hello-edge-node-e1zri in edge-node,10
705,3.9389999999999996,Konnichiwa from hello-edge-node-e1zri in edge-node,6
706,3.4610000000000003,Konnichiwa from hello-edge-node-e1zri in edge-node,10
707,3.649,Konnichiwa from hello-edge-node-e1zri in edge-node,6
708,3.489,Konnichiwa from hello-edge-node-e1zri in edge-node,3
709,3.736,Konnichiwa from hello-edge-node-e1zri in edge-node,10
710,2.9810000000000003,Konnichiwa from hello-edge-node-e1zri in edge-node,6
711,4.333,Konnichiwa from hello-edge-node-e1zri in edge-node,10
712,3.552,Konnichiwa from hello-edge-node-e1zri in edge-node,6
713,3.438,Konnichiwa from hello-edge-node-e1zri in edge-node,10
714,3.61,Konnichiwa from hello-edge-node-e1zri in edge-node,3
715,3.994,Konnichiwa from hello-edge-node-e1zri in edge-node,6
716,3.371,Konnichiwa from hello-edge-node-e1zri in edge-node,10
717,3.657,Konnichiwa from hello-edge-node-e1zri in edge-node,10
718,3.3040000000000003,Konnichiwa from hello-edge-node-e1zri in edge-node,6
719,4.637,Konnichiwa from hello-edge-node-e1zri in edge-node,10
720,4.226999999999999,Konnichiwa from hello-edge-node-e1zri in edge-node,3
721,4.076,Konnichiwa from hello-edge-node-e1zri in edge-node,6
722,4.383,Konnichiwa from hello-edge-node-e1zri in edge-node,10
723,3.581,Konnichiwa from hello-edge-node-e1zri in edge-node,3
724,3.303,Konnichiwa from hello-edge-node-e1zri in edge-node,6
725,3.385,Konnichiwa from hello-edge-node-e1zri in edge-node,10
726,4.231999999999999,Konnichiwa from hello-edge-node-e1zri in edge-node,3
727,3.755,Konnichiwa from hello-edge-node-e1zri in edge-node,6
728,3.316,Konnichiwa from hello-edge-node-e1zri in edge-node,10
729,3.578,Konnichiwa from hello-edge-node-e1zri in edge-node,3
730,3.492,Konnichiwa from hello-edge-node-e1zri in edge-node,10
731,3.76,Konnichiwa from hello-edge-node-e1zri in edge-node,6
732,3.767,Konnichiwa from hello-edge-node-e1zri in edge-node,3
733,3.385,Konnichiwa from hello-edge-node-e1zri in edge-node,10
734,3.431,Konnichiwa from hello-edge-node-e1zri in edge-node,6
735,3.7840000000000003,Konnichiwa from hello-edge-node-e1zri in edge-node,3
736,3.3400000000000003,Konnichiwa from hello-edge-node-e1zri in edge-node,10
737,4.0280000000000005,Konnichiwa from hello-edge-node-e1zri in edge-node,3
738,5.059,Konnichiwa from hello-edge-node-e1zri in edge-node,10
739,3.528,Konnichiwa from hello-edge-node-e1zri in edge-node,6
740,3.415,Konnichiwa from hello-edge-node-e1zri in edge-node,3
741,3.77,Konnichiwa from hello-edge-node-e1zri in edge-node,6
742,4.159000000000001,Konnichiwa from hello-edge-node-e1zri in edge-node,3
743,3.597,Konnichiwa from hello-edge-node-e1zri in edge-node,6
744,3.9230000000000005,Konnichiwa from hello-edge-node-e1zri in edge-node,3
745,3.622,Konnichiwa from hello-edge-node-e1zri in edge-node,10
746,3.372,Konnichiwa from hello-edge-node-e1zri in edge-node,3
747,3.175,Konnichiwa from hello-edge-node-e1zri in edge-node,6
748,3.518,Konnichiwa from hello-edge-node-e1zri in edge-node,3
749,3.3249999999999997,Konnichiwa from hello-edge-node-e1zri in edge-node,6
750,3.375,Konnichiwa from hello-edge-node-e1zri in edge-node,3
751,3.657,Konnichiwa from hello-edge-node-e1zri in edge-node,6
752,3.351,Konnichiwa from hello-edge-node-e1zri in edge-node,3
753,3.925,Konnichiwa from hello-edge-node-e1zri in edge-node,10
754,3.402,Konnichiwa from hello-edge-node-e1zri in edge-node,3
755,3.266,Konnichiwa from hello-edge-node-e1zri in edge-node,6
756,3.579,Konnichiwa from hello-edge-node-e1zri in edge-node,6
757,3.862,Konnichiwa from hello-edge-node-e1zri in edge-node,6
758,3.438,Konnichiwa from hello-edge-node-e1zri in edge-node,10
759,3.383,Konnichiwa from hello-edge-node-e1zri in edge-node,6
760,4.225,Konnichiwa from hello-edge-node-e1zri in edge-node,3
761,3.2929999999999997,Konnichiwa from hello-edge-node-e1zri in edge-node,6
762,3.464,Konnichiwa from hello-edge-node-e1zri in edge-node,6
763,4.148,Konnichiwa from hello-edge-node-e1zri in edge-node,10
764,3.65,Konnichiwa from hello-edge-node-e1zri in edge-node,6
765,3.3,Konnichiwa from hello-edge-node-e1zri in edge-node,6
766,3.741,Konnichiwa from hello-edge-node-e1zri in edge-node,10
767,3.699,Konnichiwa from hello-edge-node-e1zri in edge-node,3
768,3.296,Konnichiwa from hello-edge-node-e1zri in edge-node,6
769,3.542,Konnichiwa from hello-edge-node-e1zri in edge-node,3
770,3.552,Konnichiwa from hello-edge-node-e1zri in edge-node,6
771,3.436,Konnichiwa from hello-edge-node-e1zri in edge-node,10
772,4.133,Konnichiwa from hello-edge-node-e1zri in edge-node,3
773,3.7840000000000003,Konnichiwa from hello-edge-node-e1zri in edge-node,6
774,3.386,Konnichiwa from hello-edge-node-e1zri in edge-node,10
775,3.7039999999999997,Konnichiwa from hello-edge-node-e1zri in edge-node,3
776,3.725,Konnichiwa from hello-edge-node-e1zri in edge-node,6
777,3.876,Konnichiwa from hello-edge-node-e1zri in edge-node,10
778,3.942,Konnichiwa from hello-edge-node-e1zri in edge-node,3
779,3.803,Konnichiwa from hello-edge-node-e1zri in edge-node,6
780,3.822,Konnichiwa from hello-edge-node-e1zri in edge-node,3
781,3.269,Konnichiwa from hello-edge-node-e1zri in edge-node,6
782,4.254,Konnichiwa from hello-edge-node-e1zri in edge-node,10
783,4.184,Konnichiwa from hello-edge-node-e1zri in edge-node,3
784,3.6670000000000003,Konnichiwa from hello-edge-node-e1zri in edge-node,6
785,3.8600000000000003,Konnichiwa from hello-edge-node-e1zri in edge-node,10
786,3.7100000000000004,Konnichiwa from hello-edge-node-e1zri in edge-node,3
787,3.742,Konnichiwa from hello-edge-node-e1zri in edge-node,6
788,3.594,Konnichiwa from hello-edge-node-e1zri in edge-node,10
789,3.63,Konnichiwa from hello-edge-node-e1zri in edge-node,3
790,4.266,Konnichiwa from hello-edge-node-e1zri in edge-node,6
791,3.679,Konnichiwa from hello-edge-node-e1zri in edge-node,10
792,4.4479999999999995,Konnichiwa from hello-edge-node-e1zri in edge-node,3
793,4.534,Konnichiwa from hello-edge-node-e1zri in edge-node,10
794,3.8890000000000002,Konnichiwa from hello-edge-node-e1zri in edge-node,3
795,3.4589999999999996,Konnichiwa from hello-edge-node-e1zri in edge-node,10
796,3.666,Konnichiwa from hello-edge-node-e1zri in edge-node,3
797,3.9839999999999995,Konnichiwa from hello-edge-node-e1zri in edge-node,6
798,3.276,Konnichiwa from hello-edge-node-e1zri in edge-node,10
799,3.834,Konnichiwa from hello-edge-node-e1zri in edge-node,3
800,3.576,Konnichiwa from hello-edge-node-e1zri in edge-node,10
801,3.975,Konnichiwa from hello-edge-node-e1zri in edge-node,3
802,3.8440000000000003,Konnichiwa from hello-edge-node-e1zri in edge-node,10
803,3.238,Konnichiwa from hello-edge-node-e1zri in edge-node,3
804,3.569,Konnichiwa from hello-edge-node-e1zri in edge-node,6
805,3.447,Konnichiwa from hello-edge-node-e1zri in edge-node,3
806,3.37,Konnichiwa from hello-edge-node-e1zri in edge-node,6
807,3.316,Konnichiwa from hello-edge-node-e1zri in edge-node,10
808,3.213,Konnichiwa from hello-edge-node-e1zri in edge-node,3
809,4.397,Konnichiwa from hello-edge-node-e1zri in edge-node,6
810,4.05,Konnichiwa from hello-edge-node-e1zri in edge-node,3
811,4.6690000000000005,Konnichiwa from hello-edge-node-e1zri in edge-node,10
812,3.4160000000000004,Konnichiwa from hello-edge-node-e1zri in edge-node,6
813,3.955,Konnichiwa from hello-edge-node-e1zri in edge-node,3
814,3.611,Konnichiwa from hello-edge-node-e1zri in edge-node,6
815,3.283,Konnichiwa from hello-edge-node-e1zri in edge-node,10
816,4.283,Konnichiwa from hello-edge-node-e1zri in edge-node,3
817,3.78,Konnichiwa from hello-edge-node-e1zri in edge-node,6
818,3.271,Konnichiwa from hello-edge-node-e1zri in edge-node,3
819,4.129,Konnichiwa from hello-edge-node-e1zri in edge-node,10
820,3.438,Konnichiwa from hello-edge-node-e1zri in edge-node,3
821,3.671,Konnichiwa from hello-edge-node-e1zri in edge-node,6
822,4.074999999999999,Konnichiwa from hello-edge-node-e1zri in edge-node,10
823,3.671,Konnichiwa from hello-edge-node-e1zri in edge-node,3
824,3.877,Konnichiwa from hello-edge-node-e1zri in edge-node,6
825,3.3800000000000003,Konnichiwa from hello-edge-node-e1zri in edge-node,6
826,4.383,Konnichiwa from hello-edge-node-e1zri in edge-node,6
827,4.347,Konnichiwa from hello-edge-node-e1zri in edge-node,10
828,4.065,Konnichiwa from hello-edge-node-e1zri in edge-node,3
829,4.405,Konnichiwa from hello-edge-node-e1zri in edge-node,6
830,3.3930000000000002,Konnichiwa from hello-edge-node-e1zri in edge-node,6
831,3.464,Konnichiwa from hello-edge-node-e1zri in edge-node,10
832,4.832999999999999,Konnichiwa from hello-edge-node-e1zri in edge-node,3
833,3.548,Konnichiwa from hello-edge-node-e1zri in edge-node,6
834,3.711,Konnichiwa from hello-edge-node-e1zri in edge-node,6
835,3.423,Konnichiwa from hello-edge-node-e1zri in edge-node,10
836,3.434,Konnichiwa from hello-edge-node-e1zri in edge-node,3
837,3.4450000000000003,Konnichiwa from hello-edge-node-e1zri in edge-node,6
838,4.863,Konnichiwa from hello-edge-node-e1zri in edge-node,3
839,3.65,Konnichiwa from hello-edge-node-e1zri in edge-node,10
840,3.75,Konnichiwa from hello-edge-node-e1zri in edge-node,3
841,3.378,Konnichiwa from hello-edge-node-e1zri in edge-node,6
842,3.366,Konnichiwa from hello-edge-node-e1zri in edge-node,10
843,4.316000000000001,Konnichiwa from hello-edge-node-e1zri in edge-node,3
844,4.63,Konnichiwa from hello-edge-node-e1zri in edge-node,10
845,3.577,Konnichiwa from hello-edge-node-e1zri in edge-node,3
846,4.149,Konnichiwa from hello-edge-node-e1zri in edge-node,6
847,3.605,Konnichiwa from hello-edge-node-e1zri in edge-node,10
848,3.642,Konnichiwa from hello-edge-node-e1zri in edge-node,3
849,4.473000000000001,Konnichiwa from hello-edge-node-e1zri in edge-node,10
850,4.0169999999999995,Konnichiwa from hello-edge-node-e1zri in edge-node,3
851,4.841,Konnichiwa from hello-edge-node-e1zri in edge-node,6
852,4.199,Konnichiwa from hello-edge-node-e1zri in edge-node,10
853,4.492999999999999,Konnichiwa from hello-edge-node-e1zri in edge-node,3
854,3.76,Konnichiwa from hello-edge-node-e1zri in edge-node,10
855,3.813,Konnichiwa from hello-edge-node-e1zri in edge-node,3
856,3.35,Konnichiwa from hello-edge-node-e1zri in edge-node,6
857,3.3379999999999996,Konnichiwa from hello-edge-node-e1zri in edge-node,10
858,4.081,Konnichiwa from hello-edge-node-e1zri in edge-node,3
859,3.614,Konnichiwa from hello-edge-node-e1zri in edge-node,10
860,3.199,Konnichiwa from hello-edge-node-e1zri in edge-node,3
861,3.851,Konnichiwa from hello-edge-node-e1zri in edge-node,10
862,3.5149999999999997,Konnichiwa from hello-edge-node-e1zri in edge-node,3
863,3.9760000000000004,Konnichiwa from hello-edge-node-e1zri in edge-node,6
864,4.087999999999999,Konnichiwa from hello-edge-node-e1zri in edge-node,3
865,3.4299999999999997,Konnichiwa from hello-edge-node-e1zri in edge-node,10
866,3.4949999999999997,Konnichiwa from hello-edge-node-e1zri in edge-node,6
867,3.349,Konnichiwa from hello-edge-node-e1zri in edge-node,3
868,3.473,Konnichiwa from hello-edge-node-e1zri in edge-node,10
869,3.5620000000000003,Konnichiwa from hello-edge-node-e1zri in edge-node,6
870,3.507,Konnichiwa from hello-edge-node-e1zri in edge-node,3
871,3.449,Konnichiwa from hello-edge-node-e1zri in edge-node,3
872,3.873,Konnichiwa from hello-edge-node-e1zri in edge-node,10
873,3.778,Konnichiwa from hello-edge-node-e1zri in edge-node,6
874,4.201,Konnichiwa from hello-edge-node-e1zri in edge-node,3
875,3.7239999999999998,Konnichiwa from hello-edge-node-e1zri in edge-node,10
876,3.379,Konnichiwa from hello-edge-node-e1zri in edge-node,6
877,4.175,Konnichiwa from hello-edge-node-e1zri in edge-node,3
878,3.749,Konnichiwa from hello-edge-node-e1zri in edge-node,10
879,3.448,Konnichiwa from hello-edge-node-e1zri in edge-node,3
880,3.3409999999999997,Konnichiwa from hello-edge-node-e1zri in edge-node,6
881,3.8089999999999997,Konnichiwa from hello-edge-node-e1zri in edge-node,3
882,3.263,Konnichiwa from hello-edge-node-e1zri in edge-node,3
883,3.7169999999999996,Konnichiwa from hello-edge-node-e1zri in edge-node,10
884,3.508,Konnichiwa from hello-edge-node-e1zri in edge-node,6
885,3.375,Konnichiwa from hello-edge-node-e1zri in edge-node,3
886,3.525,Konnichiwa from hello-edge-node-e1zri in edge-node,3
887,3.561,Konnichiwa from hello-edge-node-e1zri in edge-node,10
888,3.5,Konnichiwa from hello-edge-node-e1zri in edge-node,6
889,3.441,Konnichiwa from hello-edge-node-e1zri in edge-node,3
890,3.431,Konnichiwa from hello-edge-node-e1zri in edge-node,3
891,3.348,Konnichiwa from hello-edge-node-e1zri in edge-node,10
892,6.369,Konnichiwa from hello-edge-node-e1zri in edge-node,6
893,3.886,Konnichiwa from hello-edge-node-e1zri in edge-node,3
894,3.386,Konnichiwa from hello-edge-node-e1zri in edge-node,3
895,4.016,Konnichiwa from hello-edge-node-e1zri in edge-node,10
896,3.315,Konnichiwa from hello-edge-node-e1zri in edge-node,3
897,3.544,Konnichiwa from hello-edge-node-e1zri in edge-node,6
898,3.645,Konnichiwa from hello-edge-node-e1zri in edge-node,6
899,3.5820000000000003,Konnichiwa from hello-edge-node-e1zri in edge-node,10
900,3.444,Konnichiwa from hello-edge-node-e1zri in edge-node,6
901,3.483,Konnichiwa from hello-edge-node-e1zri in edge-node,10
902,3.783,Konnichiwa from hello-edge-node-e1zri in edge-node,3
903,3.5,Konnichiwa from hello-edge-node-e1zri in edge-node,6
904,3.999,Konnichiwa from hello-edge-node-e1zri in edge-node,10
905,3.94,Konnichiwa from hello-edge-node-e1zri in edge-node,6
906,3.356,Konnichiwa from hello-edge-node-e1zri in edge-node,10
907,3.669,Konnichiwa from hello-edge-node-e1zri in edge-node,3
908,3.457,Konnichiwa from hello-edge-node-e1zri in edge-node,6
909,4.314,Konnichiwa from hello-edge-node-e1zri in edge-node,6
910,3.589,Konnichiwa from hello-edge-node-e1zri in edge-node,3
911,3.353,Konnichiwa from hello-edge-node-e1zri in edge-node,6
912,3.5149999999999997,Konnichiwa from hello-edge-node-e1zri in edge-node,10
913,3.4589999999999996,Konnichiwa from hello-edge-node-e1zri in edge-node,6
914,3.326,Konnichiwa from hello-edge-node-e1zri in edge-node,3
915,3.7880000000000003,Konnichiwa from hello-edge-node-e1zri in edge-node,6
916,3.3649999999999998,Konnichiwa from hello-edge-node-e1zri in edge-node,10
917,3.9639999999999995,Konnichiwa from hello-edge-node-e1zri in edge-node,6
918,3.8249999999999997,Konnichiwa from hello-edge-node-e1zri in edge-node,3
919,3.6380000000000003,Konnichiwa from hello-edge-node-e1zri in edge-node,6
920,3.3960000000000004,Konnichiwa from hello-edge-node-e1zri in edge-node,10
921,3.777,Konnichiwa from hello-edge-node-e1zri in edge-node,3
922,3.6310000000000002,Konnichiwa from hello-edge-node-e1zri in edge-node,6
923,3.381,Konnichiwa from hello-edge-node-e1zri in edge-node,3
924,3.434,Konnichiwa from hello-edge-node-e1zri in edge-node,6
925,3.6879999999999997,Konnichiwa from hello-edge-node-e1zri in edge-node,3
926,3.614,Konnichiwa from hello-edge-node-e1zri in edge-node,10
927,3.271,Konnichiwa from hello-edge-node-e1zri in edge-node,6
928,3.4250000000000003,Konnichiwa from hello-edge-node-e1zri in edge-node,3
929,3.5829999999999997,Konnichiwa from hello-edge-node-e1zri in edge-node,6
930,3.606,Konnichiwa from hello-edge-node-e1zri in edge-node,3
931,4.274,Konnichiwa from hello-edge-node-e1zri in edge-node,10
932,3.243,Konnichiwa from hello-edge-node-e1zri in edge-node,3
933,3.934,Konnichiwa from hello-edge-node-e1zri in edge-node,6
934,3.362,Konnichiwa from hello-edge-node-e1zri in edge-node,3
935,3.78,Konnichiwa from hello-edge-node-e1zri in edge-node,6
936,3.436,Konnichiwa from hello-edge-node-e1zri in edge-node,3
937,3.867,Konnichiwa from hello-edge-node-e1zri in edge-node,10
938,3.682,Konnichiwa from hello-edge-node-e1zri in edge-node,6
939,3.702,Konnichiwa from hello-edge-node-e1zri in edge-node,3
940,3.814,Konnichiwa from hello-edge-node-e1zri in edge-node,6
941,4.19,Konnichiwa from hello-edge-node-e1zri in edge-node,3
942,3.412,Konnichiwa from hello-edge-node-e1zri in edge-node,10
943,3.383,Konnichiwa from hello-edge-node-e1zri in edge-node,3
944,3.797,Konnichiwa from hello-edge-node-e1zri in edge-node,6
945,3.7889999999999997,Konnichiwa from hello-edge-node-e1zri in edge-node,10
946,4.17,Konnichiwa from hello-edge-node-e1zri in edge-node,10
947,3.413,Konnichiwa from hello-edge-node-e1zri in edge-node,3
948,4.438,Konnichiwa from hello-edge-node-e1zri in edge-node,6
949,3.311,Konnichiwa from hello-edge-node-e1zri in edge-node,10
950,4.204000000000001,Konnichiwa from hello-edge-node-e1zri in edge-node,10
951,3.388,Konnichiwa from hello-edge-node-e1zri in edge-node,10
952,4.038,Konnichiwa from hello-edge-node-e1zri in edge-node,3
953,3.4859999999999998,Konnichiwa from hello-edge-node-e1zri in edge-node,6
954,3.8600000000000003,Konnichiwa from hello-edge-node-e1zri in edge-node,3
955,3.776,Konnichiwa from hello-edge-node-e1zri in edge-node,10
956,3.864,Konnichiwa from hello-edge-node-e1zri in edge-node,6
957,3.234,Konnichiwa from hello-edge-node-e1zri in edge-node,3
958,3.52,Konnichiwa from hello-edge-node-e1zri in edge-node,10
959,3.353,Konnichiwa from hello-edge-node-e1zri in edge-node,6
960,5.076,Konnichiwa from hello-edge-node-e1zri in edge-node,3
961,3.558,Konnichiwa from hello-edge-node-e1zri in edge-node,10
962,3.3040000000000003,Konnichiwa from hello-edge-node-e1zri in edge-node,3
963,3.388,Konnichiwa from hello-edge-node-e1zri in edge-node,6
964,3.3739999999999997,Konnichiwa from hello-edge-node-e1zri in edge-node,10
965,3.568,Konnichiwa from hello-edge-node-e1zri in edge-node,6
966,3.7520000000000002,Konnichiwa from hello-edge-node-e1zri in edge-node,10
967,4.283,Konnichiwa from hello-edge-node-e1zri in edge-node,10
968,3.507,Konnichiwa from hello-edge-node-e1zri in edge-node,3
969,3.283,Konnichiwa from hello-edge-node-e1zri in edge-node,6
970,3.388,Konnichiwa from hello-edge-node-e1zri in edge-node,10
971,3.5460000000000003,Konnichiwa from hello-edge-node-e1zri in edge-node,6
972,3.563,Konnichiwa from hello-edge-node-e1zri in edge-node,10
973,3.503,Konnichiwa from hello-edge-node-e1zri in edge-node,10
974,4.074000000000001,Konnichiwa from hello-edge-node-e1zri in edge-node,3
975,3.658,Konnichiwa from hello-edge-node-e1zri in edge-node,6
976,3.6719999999999997,Konnichiwa from hello-edge-node-e1zri in edge-node,10
977,3.487,Konnichiwa from hello-edge-node-e1zri in edge-node,6
978,3.378,Konnichiwa from hello-edge-node-e1zri in edge-node,10
979,3.568,Konnichiwa from hello-edge-node-e1zri in edge-node,10
980,3.589,Konnichiwa from hello-edge-node-e1zri in edge-node,3
981,3.285,Konnichiwa from hello-edge-node-e1zri in edge-node,6
982,3.781,Konnichiwa from hello-edge-node-e1zri in edge-node,3
983,3.274,Konnichiwa from hello-edge-node-e1zri in edge-node,6
984,3.548,Konnichiwa from hello-edge-node-e1zri in edge-node,3
985,3.505,Konnichiwa from hello-edge-node-e1zri in edge-node,10
986,3.478,Konnichiwa from hello-edge-node-e1zri in edge-node,3
987,3.974,Konnichiwa from hello-edge-node-e1zri in edge-node,6
988,3.387,Konnichiwa from hello-edge-node-e1zri in edge-node,3
989,3.69,Konnichiwa from hello-edge-node-e1zri in edge-node,6
990,3.915,Konnichiwa from hello-edge-node-e1zri in edge-node,3
991,3.512,Konnichiwa from hello-edge-node-e1zri in edge-node,10
992,4.162,Konnichiwa from hello-edge-node-e1zri in edge-node,3
993,3.402,Konnichiwa from hello-edge-node-e1zri in edge-node,6
994,3.594,Konnichiwa from hello-edge-node-e1zri in edge-node,10
995,3.812,Konnichiwa from hello-edge-node-e1zri in edge-node,3
996,3.8649999999999998,Konnichiwa from hello-edge-node-e1zri in edge-node,10
997,3.732,Konnichiwa from hello-edge-node-e1zri in edge-node,6
998,4.055,Konnichiwa from hello-edge-node-e1zri in edge-node,10
999,3.7680000000000002,Konnichiwa from hello-edge-node-e1zri in edge-node,3
1000,3.527,Konnichiwa from hello-edge-node-e1zri in edge-node,10
1001,3.637,Konnichiwa from hello-edge-node-e1zri in edge-node,6
1002,3.3890000000000002,Konnichiwa from hello-edge-node-e1zri in edge-node,10
1003,3.712,Konnichiwa from hello-edge-node-e1zri in edge-node,3
1004,3.4299999999999997,Konnichiwa from hello-edge-node-e1zri in edge-node,10
1005,3.702,Konnichiwa from hello-edge-node-e1zri in edge-node,10
1006,3.433,Konnichiwa from hello-edge-node-e1zri in edge-node,3
1007,3.2390000000000003,Konnichiwa from hello-edge-node-e1zri in edge-node,6
1008,3.605,Konnichiwa from hello-edge-node-e1zri in edge-node,10
1009,4.934,Konnichiwa from hello-edge-node-e1zri in edge-node,6
1010,3.595,Konnichiwa from hello-edge-node-e1zri in edge-node,3
1011,3.796,Konnichiwa from hello-edge-node-e1zri in edge-node,10
1012,3.78,Konnichiwa from hello-edge-node-e1zri in edge-node,6
1013,3.541,Konnichiwa from hello-edge-node-e1zri in edge-node,3
1014,3.559,Konnichiwa from hello-edge-node-e1zri in edge-node,10
1015,4.208,Konnichiwa from hello-edge-node-e1zri in edge-node,6
1016,3.653,Konnichiwa from hello-edge-node-e1zri in edge-node,3
1017,3.698,Konnichiwa from hello-edge-node-e1zri in edge-node,10
1018,3.9029999999999996,Konnichiwa from hello-edge-node-e1zri in edge-node,6
1019,3.73,Konnichiwa from hello-edge-node-e1zri in edge-node,10
1020,3.513,Konnichiwa from hello-edge-node-e1zri in edge-node,3
1021,3.591,Konnichiwa from hello-edge-node-e1zri in edge-node,6
1022,3.46,Konnichiwa from hello-edge-node-e1zri in edge-node,6
1023,4.082,Konnichiwa from hello-edge-node-e1zri in edge-node,3
1024,3.68,Konnichiwa from hello-edge-node-e1zri in edge-node,6
1025,3.27,Konnichiwa from hello-edge-node-e1zri in edge-node,3
1026,3.317,Konnichiwa from hello-edge-node-e1zri in edge-node,10
1027,4.139,Konnichiwa from hello-edge-node-e1zri in edge-node,6
1028,3.401,Konnichiwa from hello-edge-node-e1zri in edge-node,3
1029,3.799,Konnichiwa from hello-edge-node-e1zri in edge-node,6
1030,3.474,Konnichiwa from hello-edge-node-e1zri in edge-node,3
1031,4.257000000000001,Konnichiwa from hello-edge-node-e1zri in edge-node,6
1032,3.8539999999999996,Konnichiwa from hello-edge-node-e1zri in edge-node,10
1033,3.372,Konnichiwa from hello-edge-node-e1zri in edge-node,6
1034,3.3960000000000004,Konnichiwa from hello-edge-node-e1zri in edge-node,3
1035,3.664,Konnichiwa from hello-edge-node-e1zri in edge-node,6
1036,3.319,Konnichiwa from hello-edge-node-e1zri in edge-node,3
1037,4.041,Konnichiwa from hello-edge-node-e1zri in edge-node,6
1038,4.685,Konnichiwa from hello-edge-node-e1zri in edge-node,10
1039,3.7590000000000003,Konnichiwa from hello-edge-node-e1zri in edge-node,3
1040,3.33,Konnichiwa from hello-edge-node-e1zri in edge-node,6
1041,3.641,Konnichiwa from hello-edge-node-e1zri in edge-node,3
1042,3.52,Konnichiwa from hello-edge-node-e1zri in edge-node,6
1043,3.476,Konnichiwa from hello-edge-node-e1zri in edge-node,10
1044,3.258,Konnichiwa from hello-edge-node-e1zri in edge-node,3
1045,3.585,Konnichiwa from hello-edge-node-e1zri in edge-node,6
1046,3.68,Konnichiwa from hello-edge-node-e1zri in edge-node,10
1047,3.779,Konnichiwa from hello-edge-node-e1zri in edge-node,3
1048,3.472,Konnichiwa from hello-edge-node-e1zri in edge-node,6
1049,3.433,Konnichiwa from hello-edge-node-e1zri in edge-node,10
1050,3.4259999999999997,Konnichiwa from hello-edge-node-e1zri in edge-node,3
1051,3.5,Konnichiwa from hello-edge-node-e1zri in edge-node,6
1052,4.13,Konnichiwa from hello-edge-node-e1zri in edge-node,10
1053,4.599,Konnichiwa from hello-edge-node-e1zri in edge-node,3
1054,3.4520000000000004,Konnichiwa from hello-edge-node-e1zri in edge-node,6
1055,3.639,Konnichiwa from hello-edge-node-e1zri in edge-node,10
1056,4.309,Konnichiwa from hello-edge-node-e1zri in edge-node,3
1057,3.694,Konnichiwa from hello-edge-node-e1zri in edge-node,6
1058,5.055,Konnichiwa from hello-edge-node-e1zri in edge-node,10
1059,4.059,Konnichiwa from hello-edge-node-e1zri in edge-node,3
1060,3.478,Konnichiwa from hello-edge-node-e1zri in edge-node,6
1061,3.509,Konnichiwa from hello-edge-node-e1zri in edge-node,10
1062,3.4610000000000003,Konnichiwa from hello-edge-node-e1zri in edge-node,3
1063,3.299,Konnichiwa from hello-edge-node-e1zri in edge-node,6
1064,3.7100000000000004,Konnichiwa from hello-edge-node-e1zri in edge-node,10
1065,3.179,Konnichiwa from hello-edge-node-e1zri in edge-node,3
1066,5.409,Konnichiwa from hello-edge-node-e1zri in edge-node,10
1067,4.044,Konnichiwa from hello-edge-node-e1zri in edge-node,6
1068,3.258,Konnichiwa from hello-edge-node-e1zri in edge-node,3
1069,3.385,Konnichiwa from hello-edge-node-e1zri in edge-node,10
1070,3.492,Konnichiwa from hello-edge-node-e1zri in edge-node,6
1071,3.815,Konnichiwa from hello-edge-node-e1zri in edge-node,3
1072,19.563,Konnichiwa from hello-edge-node-e1zri in edge-node,10
1073,3.7840000000000003,Konnichiwa from hello-edge-node-e1zri in edge-node,10
1074,3.282,Konnichiwa from hello-edge-node-e1zri in edge-node,3
1075,3.7680000000000002,Konnichiwa from hello-edge-node-e1zri in edge-node,6
1076,3.3,Konnichiwa from hello-edge-node-e1zri in edge-node,3
1077,3.898,Konnichiwa from hello-edge-node-e1zri in edge-node,3
1078,3.617,Konnichiwa from hello-edge-node-e1zri in edge-node,10
1079,3.9459999999999997,Konnichiwa from hello-edge-node-e1zri in edge-node,6
1080,3.743,Konnichiwa from hello-edge-node-e1zri in edge-node,3
1081,3.5669999999999997,Konnichiwa from hello-edge-node-e1zri in edge-node,3
1082,3.7520000000000002,Konnichiwa from hello-edge-node-e1zri in edge-node,3
1083,3.284,Konnichiwa from hello-edge-node-e1zri in edge-node,10
1084,3.884,Konnichiwa from hello-edge-node-e1zri in edge-node,6
1085,3.6670000000000003,Konnichiwa from hello-edge-node-e1zri in edge-node,3
1086,3.386,Konnichiwa from hello-edge-node-e1zri in edge-node,3
1087,3.384,Konnichiwa from hello-edge-node-e1zri in edge-node,10
1088,3.454,Konnichiwa from hello-edge-node-e1zri in edge-node,3
1089,3.386,Konnichiwa from hello-edge-node-e1zri in edge-node,6
1090,3.403,Konnichiwa from hello-edge-node-e1zri in edge-node,10
1091,3.263,Konnichiwa from hello-edge-node-e1zri in edge-node,6
1092,4.0569999999999995,Konnichiwa from hello-edge-node-e1zri in edge-node,10
1093,3.191,Konnichiwa from hello-edge-node-e1zri in edge-node,6
1094,3.3089999999999997,Konnichiwa from hello-edge-node-e1zri in edge-node,10
1095,3.684,Konnichiwa from hello-edge-node-e1zri in edge-node,6
1096,3.235,Konnichiwa from hello-edge-node-e1zri in edge-node,10
1097,3.484,Konnichiwa from hello-edge-node-e1zri in edge-node,6
1098,3.812,Konnichiwa from hello-edge-node-e1zri in edge-node,10
1099,3.497,Konnichiwa from hello-edge-node-e1zri in edge-node,10
1100,3.2239999999999998,Konnichiwa from hello-edge-node-e1zri in edge-node,3
1101,3.376,Konnichiwa from hello-edge-node-e1zri in edge-node,6
1102,3.761,Konnichiwa from hello-edge-node-e1zri in edge-node,6
1103,3.343,Konnichiwa from hello-edge-node-e1zri in edge-node,10
1104,3.706,Konnichiwa from hello-edge-node-e1zri in edge-node,3
1105,3.6879999999999997,Konnichiwa from hello-edge-node-e1zri in edge-node,6
1106,4.1419999999999995,Konnichiwa from hello-edge-node-e1zri in edge-node,10
1107,3.263,Konnichiwa from hello-edge-node-e1zri in edge-node,3
1108,3.721,Konnichiwa from hello-edge-node-e1zri in edge-node,6
1109,3.907,Konnichiwa from hello-edge-node-e1zri in edge-node,10
1110,3.199,Konnichiwa from hello-edge-node-e1zri in edge-node,6
1111,3.411,Konnichiwa from hello-edge-node-e1zri in edge-node,3
1112,3.6189999999999998,Konnichiwa from hello-edge-node-e1zri in edge-node,10
1113,3.458,Konnichiwa from hello-edge-node-e1zri in edge-node,6
1114,3.378,Konnichiwa from hello-edge-node-e1zri in edge-node,3
1115,3.5500000000000003,Konnichiwa from hello-edge-node-e1zri in edge-node,6
1116,3.69,Konnichiwa from hello-edge-node-e1zri in edge-node,10
1117,3.6519999999999997,Konnichiwa from hello-edge-node-e1zri in edge-node,6
1118,3.886,Konnichiwa from hello-edge-node-e1zri in edge-node,3
1119,3.23,Konnichiwa from hello-edge-node-e1zri in edge-node,10
1120,4.159999999999999,Konnichiwa from hello-edge-node-e1zri in edge-node,6
1121,3.3089999999999997,Konnichiwa from hello-edge-node-e1zri in edge-node,10
1122,3.448,Konnichiwa from hello-edge-node-e1zri in edge-node,3
1123,3.5599999999999996,Konnichiwa from hello-edge-node-e1zri in edge-node,6
1124,3.33,Konnichiwa from hello-edge-node-e1zri in edge-node,10
1125,6.274,Konnichiwa from hello-edge-node-e1zri in edge-node,6
1126,3.81,Konnichiwa from hello-edge-node-e1zri in edge-node,10
1127,3.666,Konnichiwa from hello-edge-node-e1zri in edge-node,10
1128,3.3939999999999997,Konnichiwa from hello-edge-node-e1zri in edge-node,3
1129,3.3739999999999997,Konnichiwa from hello-edge-node-e1zri in edge-node,6
1130,3.2590000000000003,Konnichiwa from hello-edge-node-e1zri in edge-node,10
1131,3.589,Konnichiwa from hello-edge-node-e1zri in edge-node,10
1132,3.4949999999999997,Konnichiwa from hello-edge-node-e1zri in edge-node,6
1133,4.063,Konnichiwa from hello-edge-node-e1zri in edge-node,10
1134,3.715,Konnichiwa from hello-edge-node-e1zri in edge-node,10
1135,3.383,Konnichiwa from hello-edge-node-e1zri in edge-node,3
1136,3.655,Konnichiwa from hello-edge-node-e1zri in edge-node,6
1137,3.444,Konnichiwa from hello-edge-node-e1zri in edge-node,10
1138,3.48,Konnichiwa from hello-edge-node-e1zri in edge-node,3
1139,3.574,Konnichiwa from hello-edge-node-e1zri in edge-node,6
1140,5.284,Konnichiwa from hello-edge-node-e1zri in edge-node,10
1141,3.62,Konnichiwa from hello-edge-node-e1zri in edge-node,3
1142,3.4090000000000003,Konnichiwa from hello-edge-node-e1zri in edge-node,10
1143,3.1870000000000003,Konnichiwa from hello-edge-node-e1zri in edge-node,3
1144,3.257,Konnichiwa from hello-edge-node-e1zri in edge-node,6
1145,3.859,Konnichiwa from hello-edge-node-e1zri in edge-node,10
1146,3.352,Konnichiwa from hello-edge-node-e1zri in edge-node,3
1147,4.002000000000001,Konnichiwa from hello-edge-node-e1zri in edge-node,6
1148,3.677,Konnichiwa from hello-edge-node-e1zri in edge-node,10
1149,3.555,Konnichiwa from hello-edge-node-e1zri in edge-node,3
1150,3.6519999999999997,Konnichiwa from hello-edge-node-e1zri in edge-node,10
1151,4.78,Konnichiwa from hello-edge-node-e1zri in edge-node,3
1152,3.563,Konnichiwa from hello-edge-node-e1zri in edge-node,6
1153,3.7169999999999996,Konnichiwa from hello-edge-node-e1zri in edge-node,10
1154,4.084,Konnichiwa from hello-edge-node-e1zri in edge-node,3
1155,3.595,Konnichiwa from hello-edge-node-e1zri in edge-node,6
1156,4.34,Konnichiwa from hello-edge-node-e1zri in edge-node,10
1157,2.903,Konnichiwa from hello-edge-node-e1zri in edge-node,3
1158,3.6830000000000003,Konnichiwa from hello-edge-node-e1zri in edge-node,6
1159,4.386,Konnichiwa from hello-edge-node-e1zri in edge-node,10
1160,3.8089999999999997,Konnichiwa from hello-edge-node-e1zri in edge-node,3
1161,3.9,Konnichiwa from hello-edge-node-e1zri in edge-node,6
1162,3.3080000000000003,Konnichiwa from hello-edge-node-e1zri in edge-node,10
1163,3.8379999999999996,Konnichiwa from hello-edge-node-e1zri in edge-node,3
1164,3.6180000000000003,Konnichiwa from hello-edge-node-e1zri in edge-node,10
1165,3.908,Konnichiwa from hello-edge-node-e1zri in edge-node,3
1166,3.491,Konnichiwa from hello-edge-node-e1zri in edge-node,6
1167,5.068,Konnichiwa from hello-edge-node-e1zri in edge-node,3
1168,3.633,Konnichiwa from hello-edge-node-e1zri in edge-node,3
1169,3.512,Konnichiwa from hello-edge-node-e1zri in edge-node,10
1170,3.464,Konnichiwa from hello-edge-node-e1zri in edge-node,3
1171,3.54,Konnichiwa from hello-edge-node-e1zri in edge-node,6
1172,4.409,Konnichiwa from hello-edge-node-e1zri in edge-node,3
1173,3.3939999999999997,Konnichiwa from hello-edge-node-e1zri in edge-node,10
1174,3.585,Konnichiwa from hello-edge-node-e1zri in edge-node,3
1175,3.387,Konnichiwa from hello-edge-node-e1zri in edge-node,3
1176,3.232,Konnichiwa from hello-edge-node-e1zri in edge-node,10
1177,4.297,Konnichiwa from hello-edge-node-e1zri in edge-node,3
1178,3.227,Konnichiwa from hello-edge-node-e1zri in edge-node,6
1179,3.799,Konnichiwa from hello-edge-node-e1zri in edge-node,3
1180,3.722,Konnichiwa from hello-edge-node-e1zri in edge-node,3
1181,3.3289999999999997,Konnichiwa from hello-edge-node-e1zri in edge-node,6
1182,3.335,Konnichiwa from hello-edge-node-e1zri in edge-node,3
1183,3.3080000000000003,Konnichiwa from hello-edge-node-e1zri in edge-node,10
1184,3.301,Konnichiwa from hello-edge-node-e1zri in edge-node,3
1185,3.555,Konnichiwa from hello-edge-node-e1zri in edge-node,6
1186,3.891,Konnichiwa from hello-edge-node-e1zri in edge-node,3
1187,3.904,Konnichiwa from hello-edge-node-e1zri in edge-node,3
1188,3.5309999999999997,Konnichiwa from hello-edge-node-e1zri in edge-node,10
1189,3.384,Konnichiwa from hello-edge-node-e1zri in edge-node,3
1190,3.7369999999999997,Konnichiwa from hello-edge-node-e1zri in edge-node,6
1191,3.766,Konnichiwa from hello-edge-node-e1zri in edge-node,10
1192,4.133,Konnichiwa from hello-edge-node-e1zri in edge-node,6
1193,3.291,Konnichiwa from hello-edge-node-e1zri in edge-node,3
1194,3.312,Konnichiwa from hello-edge-node-e1zri in edge-node,10
1195,3.4810000000000003,Konnichiwa from hello-edge-node-e1zri in edge-node,6
1196,3.798,Konnichiwa from hello-edge-node-e1zri in edge-node,3
1197,3.404,Konnichiwa from hello-edge-node-e1zri in edge-node,10
1198,3.953,Konnichiwa from hello-edge-node-e1zri in edge-node,6
1199,3.388,Konnichiwa from hello-edge-node-e1zri in edge-node,3
1200,4.774,Konnichiwa from hello-edge-node-e1zri in edge-node,10
1201,3.483,Konnichiwa from hello-edge-node-e1zri in edge-node,6
1202,3.245,Konnichiwa from hello-edge-node-e1zri in edge-node,3
1203,3.591,Konnichiwa from hello-edge-node-e1zri in edge-node,10
1204,3.382,Konnichiwa from hello-edge-node-e1zri in edge-node,6
1205,3.655,Konnichiwa from hello-edge-node-e1zri in edge-node,10
1206,4.377,Konnichiwa from hello-edge-node-e1zri in edge-node,3
1207,3.451,Konnichiwa from hello-edge-node-e1zri in edge-node,6
1208,3.489,Konnichiwa from hello-edge-node-e1zri in edge-node,10
1209,4.021,Konnichiwa from hello-edge-node-e1zri in edge-node,10
1210,3.406,Konnichiwa from hello-edge-node-e1zri in edge-node,3
1211,3.9119999999999995,Konnichiwa from hello-edge-node-e1zri in edge-node,10
1212,3.5500000000000003,Konnichiwa from hello-edge-node-e1zri in edge-node,10
1213,3.395,Konnichiwa from hello-edge-node-e1zri in edge-node,10
1214,3.655,Konnichiwa from hello-edge-node-e1zri in edge-node,3
1215,3.722,Konnichiwa from hello-edge-node-e1zri in edge-node,6
1216,3.3960000000000004,Konnichiwa from hello-edge-node-e1zri in edge-node,3
1217,4.0600000000000005,Konnichiwa from hello-edge-node-e1zri in edge-node,6
1218,6.388999999999999,Konnichiwa from hello-edge-node-e1zri in edge-node,3
1219,3.379,Konnichiwa from hello-edge-node-e1zri in edge-node,10
1220,3.5469999999999997,Konnichiwa from hello-edge-node-e1zri in edge-node,3
1221,4.164000000000001,Konnichiwa from hello-edge-node-e1zri in edge-node,6
1222,3.3089999999999997,Konnichiwa from hello-edge-node-e1zri in edge-node,3
1223,3.9899999999999998,Konnichiwa from hello-edge-node-e1zri in edge-node,6
1224,3.609,Konnichiwa from hello-edge-node-e1zri in edge-node,3
1225,3.8930000000000002,Konnichiwa from hello-edge-node-e1zri in edge-node,10
1226,3.535,Konnichiwa from hello-edge-node-e1zri in edge-node,3
1227,3.695,Konnichiwa from hello-edge-node-e1zri in edge-node,6
1228,4.004,Konnichiwa from hello-edge-node-e1zri in edge-node,3
1229,3.914,Konnichiwa from hello-edge-node-e1zri in edge-node,10
1230,3.539,Konnichiwa from hello-edge-node-e1zri in edge-node,3
1231,3.4250000000000003,Konnichiwa from hello-edge-node-e1zri in edge-node,6
1232,3.6809999999999996,Konnichiwa from hello-edge-node-e1zri in edge-node,10
1233,3.378,Konnichiwa from hello-edge-node-e1zri in edge-node,6
1234,3.6069999999999998,Konnichiwa from hello-edge-node-e1zri in edge-node,3
1235,3.666,Konnichiwa from hello-edge-node-e1zri in edge-node,10
1236,3.3890000000000002,Konnichiwa from hello-edge-node-e1zri in edge-node,6
1237,3.595,Konnichiwa from hello-edge-node-e1zri in edge-node,3
1238,3.44,Konnichiwa from hello-edge-node-e1zri in edge-node,10
1239,3.428,Konnichiwa from hello-edge-node-e1zri in edge-node,6
1240,4.391,Konnichiwa from hello-edge-node-e1zri in edge-node,10
1241,3.492,Konnichiwa from hello-edge-node-e1zri in edge-node,3
1242,3.684,Konnichiwa from hello-edge-node-e1zri in edge-node,6
1243,3.372,Konnichiwa from hello-edge-node-e1zri in edge-node,10
1244,3.584,Konnichiwa from hello-edge-node-e1zri in edge-node,3
1245,3.417,Konnichiwa from hello-edge-node-e1zri in edge-node,6
1246,3.397,Konnichiwa from hello-edge-node-e1zri in edge-node,10
1247,3.799,Konnichiwa from hello-edge-node-e1zri in edge-node,10
1248,3.477,Konnichiwa from hello-edge-node-e1zri in edge-node,3
1249,3.478,Konnichiwa from hello-edge-node-e1zri in edge-node,6
1250,4.5,Konnichiwa from hello-edge-node-e1zri in edge-node,10
1251,3.751,Konnichiwa from hello-edge-node-e1zri in edge-node,3
1252,3.314,Konnichiwa from hello-edge-node-e1zri in edge-node,10
1253,3.3609999999999998,Konnichiwa from hello-edge-node-e1zri in edge-node,6
1254,3.516,Konnichiwa from hello-edge-node-e1zri in edge-node,3
1255,3.322,Konnichiwa from hello-edge-node-e1zri in edge-node,10
1256,3.849,Konnichiwa from hello-edge-node-e1zri in edge-node,3
1257,3.262,Konnichiwa from hello-edge-node-e1zri in edge-node,10
1258,3.7390000000000003,Konnichiwa from hello-edge-node-e1zri in edge-node,6
1259,3.5260000000000002,Konnichiwa from hello-edge-node-e1zri in edge-node,3
1260,3.3930000000000002,Konnichiwa from hello-edge-node-e1zri in edge-node,10
1261,3.395,Konnichiwa from hello-edge-node-e1zri in edge-node,10
1262,3.64,Konnichiwa from hello-edge-node-e1zri in edge-node,3
1263,3.348,Konnichiwa from hello-edge-node-e1zri in edge-node,6
1264,4.159999999999999,Konnichiwa from hello-edge-node-e1zri in edge-node,6
1265,3.659,Konnichiwa from hello-edge-node-e1zri in edge-node,10
1266,3.336,Konnichiwa from hello-edge-node-e1zri in edge-node,6
1267,3.49,Konnichiwa from hello-edge-node-e1zri in edge-node,10
1268,3.578,Konnichiwa from hello-edge-node-e1zri in edge-node,6
1269,3.679,Konnichiwa from hello-edge-node-e1zri in edge-node,10
1270,3.4859999999999998,Konnichiwa from hello-edge-node-e1zri in edge-node,6
1271,3.318,Konnichiwa from hello-edge-node-e1zri in edge-node,10
1272,3.392,Konnichiwa from hello-edge-node-e1zri in edge-node,6
1273,3.592,Konnichiwa from hello-edge-node-e1zri in edge-node,10
1274,4.0969999999999995,Konnichiwa from hello-edge-node-e1zri in edge-node,6
1275,3.609,Konnichiwa from hello-edge-node-e1zri in edge-node,10
1276,3.675,Konnichiwa from hello-edge-node-e1zri in edge-node,3
1277,3.696,Konnichiwa from hello-edge-node-e1zri in edge-node,6
1278,4.029,Konnichiwa from hello-edge-node-e1zri in edge-node,6
1279,4.385,Konnichiwa from hello-edge-node-e1zri in edge-node,10
1280,3.508,Konnichiwa from hello-edge-node-e1zri in edge-node,6
1281,3.5669999999999997,Konnichiwa from hello-edge-node-e1zri in edge-node,10
1282,3.243,Konnichiwa from hello-edge-node-e1zri in edge-node,3
1283,3.5620000000000003,Konnichiwa from hello-edge-node-e1zri in edge-node,6
1284,3.83,Konnichiwa from hello-edge-node-e1zri in edge-node,10
1285,3.5309999999999997,Konnichiwa from hello-edge-node-e1zri in edge-node,6
1286,3.523,Konnichiwa from hello-edge-node-e1zri in edge-node,10
1287,3.274,Konnichiwa from hello-edge-node-e1zri in edge-node,3
1288,3.614,Konnichiwa from hello-edge-node-e1zri in edge-node,6
1289,3.908,Konnichiwa from hello-edge-node-e1zri in edge-node,10
1290,3.4259999999999997,Konnichiwa from hello-edge-node-e1zri in edge-node,6
1291,4.026,Konnichiwa from hello-edge-node-e1zri in edge-node,10
1292,169.148,Konnichiwa from hello-edge-node-e1zri in edge-node,3
1293,3172.625,Konnichiwa from hello-edge-node-e1zri in edge-node,6
1294,167.712,Konnichiwa from hello-edge-node-e1zri in edge-node,10
1295,2340.552,Konnichiwa from hello-edge-node-e1zri in edge-node,3
1296,1000.1549999999999,Konnichiwa from hello-edge-node-e1zri in edge-node,6
1297,2341.518,Konnichiwa from hello-edge-node-e1zri in edge-node,10
1298,167.487,Konnichiwa from hello-edge-node-e1zri in edge-node,3
1299,3173.52,Konnichiwa from hello-edge-node-e1zri in edge-node,6
1300,167.90800000000002,Konnichiwa from hello-edge-node-e1zri in edge-node,10
1301,1434.315,Konnichiwa from hello-edge-node-e1zri in edge-node,3
1302,906.455,Konnichiwa from hello-edge-node-e1zri in edge-node,10
1303,1433.5929999999998,Konnichiwa from hello-edge-node-e1zri in edge-node,6
1304,1002.853,Konnichiwa from hello-edge-node-e1zri in edge-node,10
1305,1004.783,Konnichiwa from hello-edge-node-e1zri in edge-node,3
1306,431.305,Konnichiwa from hello-edge-node-e1zri in edge-node,6
1307,2006.006,Konnichiwa from hello-edge-node-e1zri in edge-node,10
1308,906.117,Konnichiwa from hello-edge-node-e1zri in edge-node,6
1309,530.2710000000001,Konnichiwa from hello-edge-node-e1zri in edge-node,3
1310,1477.091,Konnichiwa from hello-edge-node-e1zri in edge-node,10
1311,1673.098,Konnichiwa from hello-edge-node-e1zri in edge-node,6
1312,192.998,Konnichiwa from hello-edge-node-e1zri in edge-node,10
1313,1672.691,Konnichiwa from hello-edge-node-e1zri in edge-node,3
1314,143.664,Konnichiwa from hello-edge-node-e1zri in edge-node,10
1315,1672.873,Konnichiwa from hello-edge-node-e1zri in edge-node,6
1316,693.476,Konnichiwa from hello-edge-node-e1zri in edge-node,10
1317,564.945,Konnichiwa from hello-edge-node-e1zri in edge-node,3
1318,1108.919,Konnichiwa from hello-edge-node-e1zri in edge-node,6
1319,1255.753,Konnichiwa from hello-edge-node-e1zri in edge-node,10
1320,144.367,Konnichiwa from hello-edge-node-e1zri in edge-node,6
1321,1256.529,Konnichiwa from hello-edge-node-e1zri in edge-node,3
1322,275.726,Konnichiwa from hello-edge-node-e1zri in edge-node,6
1323,1256.574,Konnichiwa from hello-edge-node-e1zri in edge-node,10
1324,978.358,Konnichiwa from hello-edge-node-e1zri in edge-node,6
1325,1256.121,Konnichiwa from hello-edge-node-e1zri in edge-node,3
1326,2005.897,Konnichiwa from hello-edge-node-e1zri in edge-node,6
1327,772.8810000000001,Konnichiwa from hello-edge-node-e1zri in edge-node,3
1328,2005.956,Konnichiwa from hello-edge-node-e1zri in edge-node,10
1329,5005.715,Konnichiwa from hello-edge-node-e1zri in edge-node,3
1330,2005.608,Konnichiwa from hello-edge-node-e1zri in edge-node,10
1331,223.696,Konnichiwa from hello-edge-node-e1zri in edge-node,3
1332,1451.206,Konnichiwa from hello-edge-node-e1zri in edge-node,6
1333,1056.589,Konnichiwa from hello-edge-node-e1zri in edge-node,10
1334,379.58599999999996,Konnichiwa from hello-edge-node-e1zri in edge-node,3
1335,1295.138,Konnichiwa from hello-edge-node-e1zri in edge-node,6
1336,1211.7,Konnichiwa from hello-edge-node-e1zri in edge-node,10
1337,224.636,Konnichiwa from hello-edge-node-e1zri in edge-node,3
1338,1450.03,Konnichiwa from hello-edge-node-e1zri in edge-node,6
1339,1057.816,Konnichiwa from hello-edge-node-e1zri in edge-node,10
1340,379.65500000000003,Konnichiwa from hello-edge-node-e1zri in edge-node,3
1341,1294.676,Konnichiwa from hello-edge-node-e1zri in edge-node,6
1342,1213.351,Konnichiwa from hello-edge-node-e1zri in edge-node,10
1343,223.086,Konnichiwa from hello-edge-node-e1zri in edge-node,3
1344,2505.7520000000004,Konnichiwa from hello-edge-node-e1zri in edge-node,6
1345,615.4119999999999,Konnichiwa from hello-edge-node-e1zri in edge-node,3
1346,1059.4669999999999,Konnichiwa from hello-edge-node-e1zri in edge-node,10
1347,1447.884,Konnichiwa from hello-edge-node-e1zri in edge-node,6
1348,1672.2630000000001,Konnichiwa from hello-edge-node-e1zri in edge-node,3
1349,222.193,Konnichiwa from hello-edge-node-e1zri in edge-node,6
1350,1672.782,Konnichiwa from hello-edge-node-e1zri in edge-node,10
1351,619.313,Konnichiwa from hello-edge-node-e1zri in edge-node,6
1352,1676.749,Konnichiwa from hello-edge-node-e1zri in edge-node,3
1353,1050.982,Konnichiwa from hello-edge-node-e1zri in edge-node,6
1354,206.63799999999998,Konnichiwa from hello-edge-node-e1zri in edge-node,10
1355,911.927,Konnichiwa from hello-edge-node-e1zri in edge-node,3
1356,1254.92,Konnichiwa from hello-edge-node-e1zri in edge-node,6
1357,1116.919,Konnichiwa from hello-edge-node-e1zri in edge-node,3
1358,61.909,Konnichiwa from hello-edge-node-e1zri in edge-node,6
1359,1117.373,Konnichiwa from hello-edge-node-e1zri in edge-node,10
1360,79.842,Konnichiwa from hello-edge-node-e1zri in edge-node,6
1361,1116.225,Konnichiwa from hello-edge-node-e1zri in edge-node,3
1362,1256.439,Konnichiwa from hello-edge-node-e1zri in edge-node,6
1363,892.1909999999999,Konnichiwa from hello-edge-node-e1zri in edge-node,3
1364,226.584,Konnichiwa from hello-edge-node-e1zri in edge-node,10
1365,1031.3129999999999,Konnichiwa from hello-edge-node-e1zri in edge-node,6
1366,1118.374,Konnichiwa from hello-edge-node-e1zri in edge-node,3
1367,1194.906,Konnichiwa from hello-edge-node-e1zri in edge-node,6
1368,2006.8899999999999,Konnichiwa from hello-edge-node-e1zri in edge-node,10
1369,1809.6319999999998,Konnichiwa from hello-edge-node-e1zri in edge-node,6
1370,698.5949999999999,Konnichiwa from hello-edge-node-e1zri in edge-node,3
1371,1308.453,Konnichiwa from hello-edge-node-e1zri in edge-node,10
1372,2505.064,Konnichiwa from hello-edge-node-e1zri in edge-node,6
1373,1194.932,Konnichiwa from hello-edge-node-e1zri in edge-node,10
1374,811.917,Konnichiwa from hello-edge-node-e1zri in edge-node,3
1375,1255.756,Konnichiwa from hello-edge-node-e1zri in edge-node,6
1376,441.817,Konnichiwa from hello-edge-node-e1zri in edge-node,3
1377,1256.8049999999998,Konnichiwa from hello-edge-node-e1zri in edge-node,10
1378,1117.016,Konnichiwa from hello-edge-node-e1zri in edge-node,3
1379,1254.3280000000002,Konnichiwa from hello-edge-node-e1zri in edge-node,10
1380,1116.52,Konnichiwa from hello-edge-node-e1zri in edge-node,3
1381,1256.0880000000002,Konnichiwa from hello-edge-node-e1zri in edge-node,10
1382,1116.274,Konnichiwa from hello-edge-node-e1zri in edge-node,3
1383,1254.809,Konnichiwa from hello-edge-node-e1zri in edge-node,10
1384,1116.112,Konnichiwa from hello-edge-node-e1zri in edge-node,3
1385,92.296,Konnichiwa from hello-edge-node-e1zri in edge-node,10
1386,1116.832,Konnichiwa from hello-edge-node-e1zri in edge-node,6
1387,2006.1100000000001,Konnichiwa from hello-edge-node-e1zri in edge-node,10
1388,129.624,Konnichiwa from hello-edge-node-e1zri in edge-node,6
1389,1306.155,Konnichiwa from hello-edge-node-e1zri in edge-node,3
1390,700.543,Konnichiwa from hello-edge-node-e1zri in edge-node,10
1391,1433.857,Konnichiwa from hello-edge-node-e1zri in edge-node,6
1392,1207.5549999999998,Konnichiwa from hello-edge-node-e1zri in edge-node,10
1393,800.846,Konnichiwa from hello-edge-node-e1zri in edge-node,3
1394,634.308,Konnichiwa from hello-edge-node-e1zri in edge-node,6
1395,2005.4050000000002,Konnichiwa from hello-edge-node-e1zri in edge-node,10
1396,702.817,Konnichiwa from hello-edge-node-e1zri in edge-node,6
1397,733.521,Konnichiwa from hello-edge-node-e1zri in edge-node,3
1398,703.701,Konnichiwa from hello-edge-node-e1zri in edge-node,10
1399,2506.341,Konnichiwa from hello-edge-node-e1zri in edge-node,6
1400,133.239,Konnichiwa from hello-edge-node-e1zri in edge-node,10
1401,1303.53,Konnichiwa from hello-edge-node-e1zri in edge-node,3
1402,1204.9160000000002,Konnichiwa from hello-edge-node-e1zri in edge-node,6
1403,1435.0259999999998,Konnichiwa from hello-edge-node-e1zri in edge-node,10
1404,702.87,Konnichiwa from hello-edge-node-e1zri in edge-node,6
1405,1434.5049999999999,Konnichiwa from hello-edge-node-e1zri in edge-node,3
1406,373.45099999999996,Konnichiwa from hello-edge-node-e1zri in edge-node,6
1407,1435.011,Konnichiwa from hello-edge-node-e1zri in edge-node,10
1408,1535.758,Konnichiwa from hello-edge-node-e1zri in edge-node,6
1409,471.757,Konnichiwa from hello-edge-node-e1zri in edge-node,3
1410,963.804,Konnichiwa from hello-edge-node-e1zri in edge-node,10
1411,1044.6960000000001,Konnichiwa from hello-edge-node-e1zri in edge-node,6
1412,962.9290000000001,Konnichiwa from hello-edge-node-e1zri in edge-node,3
1413,472.464,Konnichiwa from hello-edge-node-e1zri in edge-node,10
1414,1534.631,Konnichiwa from hello-edge-node-e1zri in edge-node,6
1415,473.16700000000003,Konnichiwa from hello-edge-node-e1zri in edge-node,3
1416,962.755,Konnichiwa from hello-edge-node-e1zri in edge-node,10
1417,1044.632,Konnichiwa from hello-edge-node-e1zri in edge-node,6
1418,963.976,Konnichiwa from hello-edge-node-e1zri in edge-node,3
1419,1543.163,Konnichiwa from hello-edge-node-e1zri in edge-node,10
1420,464.93,Konnichiwa from hello-edge-node-e1zri in edge-node,6
1421,1209.893,Konnichiwa from hello-edge-node-e1zri in edge-node,3
1422,1297.789,Konnichiwa from hello-edge-node-e1zri in edge-node,10
1423,1210.144,Konnichiwa from hello-edge-node-e1zri in edge-node,6
1424,463.49600000000004,Konnichiwa from hello-edge-node-e1zri in edge-node,3
1425,2043.6450000000002,Konnichiwa from hello-edge-node-e1zri in edge-node,10
1426,463.12399999999997,Konnichiwa from hello-edge-node-e1zri in edge-node,6
1427,1211.617,Konnichiwa from hello-edge-node-e1zri in edge-node,3
1428,1296.645,Konnichiwa from hello-edge-node-e1zri in edge-node,10
1429,1211.865,Konnichiwa from hello-edge-node-e1zri in edge-node,6
1430,463.609,Konnichiwa from hello-edge-node-e1zri in edge-node,3
1431,377.88300000000004,Konnichiwa from hello-edge-node-e1zri in edge-node,10
1432,2006.0539999999999,Konnichiwa from hello-edge-node-e1zri in edge-node,6
1433,126.667,Konnichiwa from hello-edge-node-e1zri in edge-node,10
1434,714.998,Konnichiwa from hello-edge-node-e1zri in edge-node,3
1435,1293.0140000000001,Konnichiwa from hello-edge-node-e1zri in edge-node,6
1436,839.7860000000001,Konnichiwa from hello-edge-node-e1zri in edge-node,10
1437,1211.377,Konnichiwa from hello-edge-node-e1zri in edge-node,6
1438,795.873,Konnichiwa from hello-edge-node-e1zri in edge-node,3
1439,44.898,Konnichiwa from hello-edge-node-e1zri in edge-node,10
1440,2005.4729999999997,Konnichiwa from hello-edge-node-e1zri in edge-node,6
1441,838.889,Konnichiwa from hello-edge-node-e1zri in edge-node,10
1442,454.44,Konnichiwa from hello-edge-node-e1zri in edge-node,6
1443,1434.607,Konnichiwa from hello-edge-node-e1zri in edge-node,3
1444,119.807,Konnichiwa from hello-edge-node-e1zri in edge-node,6
1445,1433.65,Konnichiwa from hello-edge-node-e1zri in edge-node,10
1446,1789.4959999999999,Konnichiwa from hello-edge-node-e1zri in edge-node,6
1447,218.588,Konnichiwa from hello-edge-node-e1zri in edge-node,3
1448,1217.423,Konnichiwa from hello-edge-node-e1zri in edge-node,10
1449,1291.134,Konnichiwa from hello-edge-node-e1zri in edge-node,6
1450,716.058,Konnichiwa from hello-edge-node-e1zri in edge-node,3
1451,719.4580000000001,Konnichiwa from hello-edge-node-e1zri in edge-node,10
1452,1788.0020000000002,Konnichiwa from hello-edge-node-e1zri in edge-node,6
1453,218.309,Konnichiwa from hello-edge-node-e1zri in edge-node,3
1454,2505.436,Konnichiwa from hello-edge-node-e1zri in edge-node,10
1455,618.119,Konnichiwa from hello-edge-node-e1zri in edge-node,3
1456,1890.16,Konnichiwa from hello-edge-node-e1zri in edge-node,6
1457,617.337,Konnichiwa from hello-edge-node-e1zri in edge-node,10
1458,2505.6690000000003,Konnichiwa from hello-edge-node-e1zri in edge-node,3
1459,219.773,Konnichiwa from hello-edge-node-e1zri in edge-node,10
1460,2287.7079999999996,Konnichiwa from hello-edge-node-e1zri in edge-node,6
1461,219.25300000000001,Konnichiwa from hello-edge-node-e1zri in edge-node,3
1462,1788.665,Konnichiwa from hello-edge-node-e1zri in edge-node,10
1463,719.195,Konnichiwa from hello-edge-node-e1zri in edge-node,6
1464,1289.8799999999999,Konnichiwa from hello-edge-node-e1zri in edge-node,3
1465,717.031,Konnichiwa from hello-edge-node-e1zri in edge-node,10
1466,1790.278,Konnichiwa from hello-edge-node-e1zri in edge-node,6
1467,217.036,Konnichiwa from hello-edge-node-e1zri in edge-node,3
1468,1789.7099999999998,Konnichiwa from hello-edge-node-e1zri in edge-node,10
1469,717.5859999999999,Konnichiwa from hello-edge-node-e1zri in edge-node,6
1470,1290.731,Konnichiwa from hello-edge-node-e1zri in edge-node,3
1471,717.5200000000001,Konnichiwa from hello-edge-node-e1zri in edge-node,10
1472,2005.8569999999997,Konnichiwa from hello-edge-node-e1zri in edge-node,6
1473,621.016,Konnichiwa from hello-edge-node-e1zri in edge-node,10
1474,814.901,Konnichiwa from hello-edge-node-e1zri in edge-node,3
1475,622.22,Konnichiwa from hello-edge-node-e1zri in edge-node,6
1476,1434.197,Konnichiwa from hello-edge-node-e1zri in edge-node,10
1477,1287.789,Konnichiwa from hello-edge-node-e1zri in edge-node,6
1478,148.487,Konnichiwa from hello-edge-node-e1zri in edge-node,3
1479,1287.5620000000001,Konnichiwa from hello-edge-node-e1zri in edge-node,10
1480,1433.924,Konnichiwa from hello-edge-node-e1zri in edge-node,6
1481,621.658,Konnichiwa from hello-edge-node-e1zri in edge-node,10
1482,815.361,Konnichiwa from hello-edge-node-e1zri in edge-node,3
1483,621.309,Konnichiwa from hello-edge-node-e1zri in edge-node,6
1484,1434.438,Konnichiwa from hello-edge-node-e1zri in edge-node,10
1485,1287.2669999999998,Konnichiwa from hello-edge-node-e1zri in edge-node,6
1486,1117.78,Konnichiwa from hello-edge-node-e1zri in edge-node,3
1487,105.637,Konnichiwa from hello-edge-node-e1zri in edge-node,6
1488,1117.8410000000001,Konnichiwa from hello-edge-node-e1zri in edge-node,10
1489,2119.3089999999997,Konnichiwa from hello-edge-node-e1zri in edge-node,6
1490,388.142,Konnichiwa from hello-edge-node-e1zri in edge-node,3
1491,730.961,Konnichiwa from hello-edge-node-e1zri in edge-node,10
1492,2505.9300000000003,Konnichiwa from hello-edge-node-e1zri in edge-node,6
1493,106.23,Konnichiwa from hello-edge-node-e1zri in edge-node,10
1494,1013.0319999999999,Konnichiwa from hello-edge-node-e1zri in edge-node,3
1495,1494.408,Konnichiwa from hello-edge-node-e1zri in edge-node,6
1496,513.853,Konnichiwa from hello-edge-node-e1zri in edge-node,10
1497,922.557,Konnichiwa from hello-edge-node-e1zri in edge-node,3
1498,514.991,Konnichiwa from hello-edge-node-e1zri in edge-node,6
1499,1433.8519999999999,Konnichiwa from hello-edge-node-e1zri in edge-node,10
1500,60.902,Konnichiwa from hello-edge-node-e1zri in edge-node,6
1501,1375.0439999999999,Konnichiwa from hello-edge-node-e1zri in edge-node,3
1502,61.507,Konnichiwa from hello-edge-node-e1zri in edge-node,10
1503,1433.926,Konnichiwa from hello-edge-node-e1zri in edge-node,6
1504,515.062,Konnichiwa from hello-edge-node-e1zri in edge-node,10
1505,921.1160000000001,Konnichiwa from hello-edge-node-e1zri in edge-node,3
1506,514.116,Konnichiwa from hello-edge-node-e1zri in edge-node,6
1507,1434.4289999999999,Konnichiwa from hello-edge-node-e1zri in edge-node,10
1508,60.892,Konnichiwa from hello-edge-node-e1zri in edge-node,6
1509,1375.323,Konnichiwa from hello-edge-node-e1zri in edge-node,3
1510,60.557,Konnichiwa from hello-edge-node-e1zri in edge-node,10
1511,1376.684,Konnichiwa from hello-edge-node-e1zri in edge-node,6
1512,632.676,Konnichiwa from hello-edge-node-e1zri in edge-node,3
1513,1434.048,Konnichiwa from hello-edge-node-e1zri in edge-node,10
1514,443.048,Konnichiwa from hello-edge-node-e1zri in edge-node,3
1515,1433.731,Konnichiwa from hello-edge-node-e1zri in edge-node,6
1516,132.261,Konnichiwa from hello-edge-node-e1zri in edge-node,3
1517,1435.108,Konnichiwa from hello-edge-node-e1zri in edge-node,10
1518,942.446,Konnichiwa from hello-edge-node-e1zri in edge-node,3
1519,1065.7779999999998,Konnichiwa from hello-edge-node-e1zri in edge-node,6
1520,370.35200000000003,Konnichiwa from hello-edge-node-e1zri in edge-node,10
1521,2004.9739999999997,Konnichiwa from hello-edge-node-e1zri in edge-node,3
1522,132.869,Konnichiwa from hello-edge-node-e1zri in edge-node,10
1523,2006.742,Konnichiwa from hello-edge-node-e1zri in edge-node,6
1524,2506.96,Konnichiwa from hello-edge-node-e1zri in edge-node,10
1525,365.334,Konnichiwa from hello-edge-node-e1zri in edge-node,6
1526,1641.916,Konnichiwa from hello-edge-node-e1zri in edge-node,3
1527,865.462,Konnichiwa from hello-edge-node-e1zri in edge-node,10
1528,2006.959,Konnichiwa from hello-edge-node-e1zri in edge-node,6
1529,2136.86,Konnichiwa from hello-edge-node-e1zri in edge-node,10
1530,370.995,Konnichiwa from hello-edge-node-e1zri in edge-node,3
1531,749.008,Konnichiwa from hello-edge-node-e1zri in edge-node,6
1532,3339.9930000000004,Konnichiwa from hello-edge-node-e1zri in edge-node,10
1533,1116.681,Konnichiwa from hello-edge-node-e1zri in edge-node,6
1534,3339.803,Konnichiwa from hello-edge-node-e1zri in edge-node,10
1535,1117.626,Konnichiwa from hello-edge-node-e1zri in edge-node,6
1536,353.56100000000004,Konnichiwa from hello-edge-node-e1zri in edge-node,10
1537,2006.682,Konnichiwa from hello-edge-node-e1zri in edge-node,3
1538,983.275,Konnichiwa from hello-edge-node-e1zri in edge-node,10
1539,1024.31,Konnichiwa from hello-edge-node-e1zri in edge-node,6
1540,982.703,Konnichiwa from hello-edge-node-e1zri in edge-node,3
1541,2006.056,Konnichiwa from hello-edge-node-e1zri in edge-node,10
1542,2006.171,Konnichiwa from hello-edge-node-e1zri in edge-node,3
1543,16.932,Konnichiwa from hello-edge-node-e1zri in edge-node,10
1544,1990.5870000000002,Konnichiwa from hello-edge-node-e1zri in edge-node,6
1545,17.197,Konnichiwa from hello-edge-node-e1zri in edge-node,3
1546,2005.1999999999998,Konnichiwa from hello-edge-node-e1zri in edge-node,10
1547,2987.491,Konnichiwa from hello-edge-node-e1zri in edge-node,3
1548,354.04999999999995,Konnichiwa from hello-edge-node-e1zri in edge-node,6
1549,916.588,Konnichiwa from hello-edge-node-e1zri in edge-node,10
1550,740.267,Konnichiwa from hello-edge-node-e1zri in edge-node,6
1551,913.804,Konnichiwa from hello-edge-node-e1zri in edge-node,3
1552,1690.135,Konnichiwa from hello-edge-node-e1zri in edge-node,6
1553,316.349,Konnichiwa from hello-edge-node-e1zri in edge-node,10
1554,600.078,Konnichiwa from hello-edge-node-e1zri in edge-node,3
1555,2006.1,Konnichiwa from hello-edge-node-e1zri in edge-node,6
1556,735.801,Konnichiwa from hello-edge-node-e1zri in edge-node,3
1557,180.381,Konnichiwa from hello-edge-node-e1zri in edge-node,10
1558,1827.6699999999998,Konnichiwa from hello-edge-node-e1zri in edge-node,6
1559,181.148,Konnichiwa from hello-edge-node-e1zri in edge-node,3
1560,736.0250000000001,Konnichiwa from hello-edge-node-e1zri in edge-node,10
1561,522.495,Konnichiwa from hello-edge-node-e1zri in edge-node,6
1562,1485.724,Konnichiwa from hello-edge-node-e1zri in edge-node,3
1563,1021.8050000000001,Konnichiwa from hello-edge-node-e1zri in edge-node,10
1564,234.92,Konnichiwa from hello-edge-node-e1zri in edge-node,6
1565,1773.234,Konnichiwa from hello-edge-node-e1zri in edge-node,3
1566,734.247,Konnichiwa from hello-edge-node-e1zri in edge-node,10
1567,522.875,Konnichiwa from hello-edge-node-e1zri in edge-node,6
1568,1485.373,Konnichiwa from hello-edge-node-e1zri in edge-node,3
1569,1023.305,Konnichiwa from hello-edge-node-e1zri in edge-node,10
1570,234.21900000000002,Konnichiwa from hello-edge-node-e1zri in edge-node,6
1571,1441.7830000000001,Konnichiwa from hello-edge-node-e1zri in edge-node,3
1572,1065.747,Konnichiwa from hello-edge-node-e1zri in edge-node,10
1573,607.837,Konnichiwa from hello-edge-node-e1zri in edge-node,6
1574,1066.286,Konnichiwa from hello-edge-node-e1zri in edge-node,3
1575,1672.18,Konnichiwa from hello-edge-node-e1zri in edge-node,10
1576,1672.474,Konnichiwa from hello-edge-node-e1zri in edge-node,3
1577,600.778,Konnichiwa from hello-edge-node-e1zri in edge-node,10
1578,1075.342,Konnichiwa from hello-edge-node-e1zri in edge-node,6
1579,599.072,Konnichiwa from hello-edge-node-e1zri in edge-node,3
1580,1673.527,Konnichiwa from hello-edge-node-e1zri in edge-node,10
1581,2506.7940000000003,Konnichiwa from hello-edge-node-e1zri in edge-node,3
1582,233.608,Konnichiwa from hello-edge-node-e1zri in edge-node,10
1583,1774.2389999999998,Konnichiwa from hello-edge-node-e1zri in edge-node,6
1584,732.995,Konnichiwa from hello-edge-node-e1zri in edge-node,3
1585,2004.5989999999997,Konnichiwa from hello-edge-node-e1zri in edge-node,10
1586,2271.418,Konnichiwa from hello-edge-node-e1zri in edge-node,3
1587,236.288,Konnichiwa from hello-edge-node-e1zri in edge-node,6
1588,1770.748,Konnichiwa from hello-edge-node-e1zri in edge-node,10
1589,1673.743,Konnichiwa from hello-edge-node-e1zri in edge-node,3
1590,1565.7859999999998,Konnichiwa from hello-edge-node-e1zri in edge-node,10
1591,109.97,Konnichiwa from hello-edge-node-e1zri in edge-node,6
1592,1434.919,Konnichiwa from hello-edge-node-e1zri in edge-node,3
1593,130.78400000000002,Konnichiwa from hello-edge-node-e1zri in edge-node,6
1594,1434.435,Konnichiwa from hello-edge-node-e1zri in edge-node,10
1595,110.669,Konnichiwa from hello-edge-node-e1zri in edge-node,6
1596,1433.433,Konnichiwa from hello-edge-node-e1zri in edge-node,3
1597,132.03599999999997,Konnichiwa from hello-edge-node-e1zri in edge-node,6
1598,1434.0759999999998,Konnichiwa from hello-edge-node-e1zri in edge-node,10
1599,110.139,Konnichiwa from hello-edge-node-e1zri in edge-node,6
1600,1434.1779999999999,Konnichiwa from hello-edge-node-e1zri in edge-node,3
1601,132.31699999999998,Konnichiwa from hello-edge-node-e1zri in edge-node,6
1602,1434.096,Konnichiwa from hello-edge-node-e1zri in edge-node,10
1603,109.242,Konnichiwa from hello-edge-node-e1zri in edge-node,6
1604,1434.093,Konnichiwa from hello-edge-node-e1zri in edge-node,3
1605,467.561,Konnichiwa from hello-edge-node-e1zri in edge-node,6
1606,2506.521,Konnichiwa from hello-edge-node-e1zri in edge-node,10
1607,2006.438,Konnichiwa from hello-edge-node-e1zri in edge-node,6
1608,2506.4809999999998,Konnichiwa from hello-edge-node-e1zri in edge-node,10
1609,2005.98,Konnichiwa from hello-edge-node-e1zri in edge-node,6
1610,521.8380000000001,Konnichiwa from hello-edge-node-e1zri in edge-node,10
1611,1673.289,Konnichiwa from hello-edge-node-e1zri in edge-node,3
1612,314.72299999999996,Konnichiwa from hello-edge-node-e1zri in edge-node,10
1613,1671.736,Konnichiwa from hello-edge-node-e1zri in edge-node,6
1614,523.2470000000001,Konnichiwa from hello-edge-node-e1zri in edge-node,10
1615,1672.771,Konnichiwa from hello-edge-node-e1zri in edge-node,3
1616,1146.8780000000002,Konnichiwa from hello-edge-node-e1zri in edge-node,10
1617,1360.662,Konnichiwa from hello-edge-node-e1zri in edge-node,6
1618,313.83299999999997,Konnichiwa from hello-edge-node-e1zri in edge-node,3
1619,2506.0989999999997,Konnichiwa from hello-edge-node-e1zri in edge-node,10
1620,522.2139999999999,Konnichiwa from hello-edge-node-e1zri in edge-node,3
1621,1985.822,Konnichiwa from hello-edge-node-e1zri in edge-node,6
1622,1355.224,Konnichiwa from hello-edge-node-e1zri in edge-node,10
1623,1153.219,Konnichiwa from hello-edge-node-e1zri in edge-node,3
1624,1354.961,Konnichiwa from hello-edge-node-e1zri in edge-node,6
1625,1986.9460000000001,Konnichiwa from hello-edge-node-e1zri in edge-node,10
1626,521.3140000000001,Konnichiwa from hello-edge-node-e1zri in edge-node,3
1627,1985.8880000000001,Konnichiwa from hello-edge-node-e1zri in edge-node,6
1628,1355.1329999999998,Konnichiwa from hello-edge-node-e1zri in edge-node,10
1629,1152.468,Konnichiwa from hello-edge-node-e1zri in edge-node,3
1630,1672.105,Konnichiwa from hello-edge-node-e1zri in edge-node,6
1631,518.262,Konnichiwa from hello-edge-node-e1zri in edge-node,3
1632,1489.849,Konnichiwa from hello-edge-node-e1zri in edge-node,10
1633,184.679,Konnichiwa from hello-edge-node-e1zri in edge-node,6
1634,2006.336,Konnichiwa from hello-edge-node-e1zri in edge-node,3
1635,1152.982,Konnichiwa from hello-edge-node-e1zri in edge-node,6
1636,521.4290000000001,Konnichiwa from hello-edge-node-e1zri in edge-node,10
1637,1486.268,Konnichiwa from hello-edge-node-e1zri in edge-node,3
1638,1671.9859999999999,Konnichiwa from hello-edge-node-e1zri in edge-node,6
1639,185.732,Konnichiwa from hello-edge-node-e1zri in edge-node,3
1640,1823.11,Konnichiwa from hello-edge-node-e1zri in edge-node,10
1641,685.237,Konnichiwa from hello-edge-node-e1zri in edge-node,6
1642,1256.574,Konnichiwa from hello-edge-node-e1zri in edge-node,3
1643,68.399,Konnichiwa from hello-edge-node-e1zri in edge-node,6
1644,1256.4569999999999,Konnichiwa from hello-edge-node-e1zri in edge-node,10
1645,1184.606,Konnichiwa from hello-edge-node-e1zri in edge-node,6
1646,824.0079999999999,Konnichiwa from hello-edge-node-e1zri in edge-node,3
1647,434.832,Konnichiwa from hello-edge-node-e1zri in edge-node,10
1648,2005.6600000000003,Konnichiwa from hello-edge-node-e1zri in edge-node,6
1649,68.827,Konnichiwa from hello-edge-node-e1zri in edge-node,10
1650,1188.7810000000002,Konnichiwa from hello-edge-node-e1zri in edge-node,3
1651,818.527,Konnichiwa from hello-edge-node-e1zri in edge-node,6
1652,1256.6770000000001,Konnichiwa from hello-edge-node-e1zri in edge-node,10
1653,434.60900000000004,Konnichiwa from hello-edge-node-e1zri in edge-node,6
1654,1435.874,Konnichiwa from hello-edge-node-e1zri in edge-node,3
1655,1473.894,Konnichiwa from hello-edge-node-e1zri in edge-node,6
1656,1034.593,Konnichiwa from hello-edge-node-e1zri in edge-node,10
1657,401.158,Konnichiwa from hello-edge-node-e1zri in edge-node,3
1658,2506.076,Konnichiwa from hello-edge-node-e1zri in edge-node,6
1659,435.52200000000005,Konnichiwa from hello-edge-node-e1zri in edge-node,3
1660,1000.227,Konnichiwa from hello-edge-node-e1zri in edge-node,10
1661,1508.002,Konnichiwa from hello-edge-node-e1zri in edge-node,6
1662,1433.8249999999998,Konnichiwa from hello-edge-node-e1zri in edge-node,3
1663,400.438,Konnichiwa from hello-edge-node-e1zri in edge-node,6
1664,1035.9560000000001,Konnichiwa from hello-edge-node-e1zri in edge-node,10
1665,1471.946,Konnichiwa from hello-edge-node-e1zri in edge-node,3
1666,1435.232,Konnichiwa from hello-edge-node-e1zri in edge-node,6
1667,436.76300000000003,Konnichiwa from hello-edge-node-e1zri in edge-node,3
1668,1433.337,Konnichiwa from hello-edge-node-e1zri in edge-node,10
1669,638.966,Konnichiwa from hello-edge-node-e1zri in edge-node,3
1670,1433.369,Konnichiwa from hello-edge-node-e1zri in edge-node,6
1671,1270.0800000000002,Konnichiwa from hello-edge-node-e1zri in edge-node,3
1672,1237.504,Konnichiwa from hello-edge-node-e1zri in edge-node,10
1673,198.93,Konnichiwa from hello-edge-node-e1zri in edge-node,6
1674,2505.929,Konnichiwa from hello-edge-node-e1zri in edge-node,3
1675,638.499,Konnichiwa from hello-edge-node-e1zri in edge-node,6
1676,797.213,Konnichiwa from hello-edge-node-e1zri in edge-node,10
1677,1710.5,Konnichiwa from hello-edge-node-e1zri in edge-node,3
1678,1433.183,Konnichiwa from hello-edge-node-e1zri in edge-node,6
1679,199.668,Konnichiwa from hello-edge-node-e1zri in edge-node,3
1680,1433.997,Konnichiwa from hello-edge-node-e1zri in edge-node,10
1681,874.887,Konnichiwa from hello-edge-node-e1zri in edge-node,3
1682,1433.9180000000001,Konnichiwa from hello-edge-node-e1zri in edge-node,6
1683,1033.239,Konnichiwa from hello-edge-node-e1zri in edge-node,3
1684,974.84,Konnichiwa from hello-edge-node-e1zri in edge-node,10
1685,461.64,Konnichiwa from hello-edge-node-e1zri in edge-node,6
1686,2005.3869999999997,Konnichiwa from hello-edge-node-e1zri in edge-node,3
1687,876.471,Konnichiwa from hello-edge-node-e1zri in edge-node,6
1688,2006.135,Konnichiwa from hello-edge-node-e1zri in edge-node,10
1689,460.279,Konnichiwa from hello-edge-node-e1zri in edge-node,6
1690,1214.2640000000001,Konnichiwa from hello-edge-node-e1zri in edge-node,3
1691,793.415,Konnichiwa from hello-edge-node-e1zri in edge-node,10
1692,1673.313,Konnichiwa from hello-edge-node-e1zri in edge-node,6
1693,876.258,Konnichiwa from hello-edge-node-e1zri in edge-node,10
1694,798.786,Konnichiwa from hello-edge-node-e1zri in edge-node,3
1695,875.617,Konnichiwa from hello-edge-node-e1zri in edge-node,6
1696,1673.239,Konnichiwa from hello-edge-node-e1zri in edge-node,10
1697,795.5360000000001,Konnichiwa from hello-edge-node-e1zri in edge-node,6
1698,879.6859999999999,Konnichiwa from hello-edge-node-e1zri in edge-node,3
1699,795.369,Konnichiwa from hello-edge-node-e1zri in edge-node,10
1700,2006.818,Konnichiwa from hello-edge-node-e1zri in edge-node,6
1701,1671.805,Konnichiwa from hello-edge-node-e1zri in edge-node,10
1702,2006.283,Konnichiwa from hello-edge-node-e1zri in edge-node,6
1703,2006.119,Konnichiwa from hello-edge-node-e1zri in edge-node,10
1704,1529.768,Konnichiwa from hello-edge-node-e1zri in edge-node,6
1705,478.512,Konnichiwa from hello-edge-node-e1zri in edge-node,3
1706,1528.932,Konnichiwa from hello-edge-node-e1zri in edge-node,10
1707,979.902,Konnichiwa from hello-edge-node-e1zri in edge-node,6
1708,695.142,Konnichiwa from hello-edge-node-e1zri in edge-node,3
1709,1312.788,Konnichiwa from hello-edge-node-e1zri in edge-node,10
1710,1194.893,Konnichiwa from hello-edge-node-e1zri in edge-node,6
1711,478.956,Konnichiwa from hello-edge-node-e1zri in edge-node,3
1712,1528.4660000000001,Konnichiwa from hello-edge-node-e1zri in edge-node,10
1713,980.194,Konnichiwa from hello-edge-node-e1zri in edge-node,6
1714,694.271,Konnichiwa from hello-edge-node-e1zri in edge-node,3
1715,742.208,Konnichiwa from hello-edge-node-e1zri in edge-node,10
1716,1672.6490000000001,Konnichiwa from hello-edge-node-e1zri in edge-node,6
1717,93.96000000000001,Konnichiwa from hello-edge-node-e1zri in edge-node,10
1718,1341.277,Konnichiwa from hello-edge-node-e1zri in edge-node,3
1719,334.329,Konnichiwa from hello-edge-node-e1zri in edge-node,6
1720,1434.424,Konnichiwa from hello-edge-node-e1zri in edge-node,10
1721,1573.618,Konnichiwa from hello-edge-node-e1zri in edge-node,6
1722,101.31099999999999,Konnichiwa from hello-edge-node-e1zri in edge-node,3
1723,1335.134,Konnichiwa from hello-edge-node-e1zri in edge-node,10
1724,1671.844,Konnichiwa from hello-edge-node-e1zri in edge-node,6
1725,335.434,Konnichiwa from hello-edge-node-e1zri in edge-node,10
1726,1672.314,Konnichiwa from hello-edge-node-e1zri in edge-node,3
1727,1335.729,Konnichiwa from hello-edge-node-e1zri in edge-node,10
1728,1256.643,Konnichiwa from hello-edge-node-e1zri in edge-node,6
1729,750.0459999999999,Konnichiwa from hello-edge-node-e1zri in edge-node,10
1730,1255.701,Konnichiwa from hello-edge-node-e1zri in edge-node,3
1731,915.311,Konnichiwa from hello-edge-node-e1zri in edge-node,10
1732,424.548,Konnichiwa from hello-edge-node-e1zri in edge-node,3
1733,833.485,Konnichiwa from hello-edge-node-e1zri in edge-node,6
1734,82.791,Konnichiwa from hello-edge-node-e1zri in edge-node,10
1735,1256.191,Konnichiwa from hello-edge-node-e1zri in edge-node,3
1736,915.457,Konnichiwa from hello-edge-node-e1zri in edge-node,10
1737,1091.426,Konnichiwa from hello-edge-node-e1zri in edge-node,3
1738,166.291,Konnichiwa from hello-edge-node-e1zri in edge-node,6
1739,751.148,Konnichiwa from hello-edge-node-e1zri in edge-node,10
1740,923.8539999999999,Konnichiwa from hello-edge-node-e1zri in edge-node,3
1741,333.604,Konnichiwa from hello-edge-node-e1zri in edge-node,6
1742,583.505,Konnichiwa from hello-edge-node-e1zri in edge-node,10
1743,1091.292,Konnichiwa from hello-edge-node-e1zri in edge-node,3
1744,914.3449999999999,Konnichiwa from hello-edge-node-e1zri in edge-node,6
1745,504.508,Konnichiwa from hello-edge-node-e1zri in edge-node,3
1746,1169.276,Konnichiwa from hello-edge-node-e1zri in edge-node,10
1747,837.933,Konnichiwa from hello-edge-node-e1zri in edge-node,6
1748,1670.342,Konnichiwa from hello-edge-node-e1zri in edge-node,3
1749,3.953,Konnichiwa from hello-edge-node-e1zri in edge-node,10
1750,2004.9470000000001,Konnichiwa from hello-edge-node-e1zri in edge-node,6
1751,501.91300000000007,Konnichiwa from hello-edge-node-e1zri in edge-node,3
1752,1506.904,Konnichiwa from hello-edge-node-e1zri in edge-node,10
1753,500.212,Konnichiwa from hello-edge-node-e1zri in edge-node,6
1754,1508.37,Konnichiwa from hello-edge-node-e1zri in edge-node,3
1755,498.923,Konnichiwa from hello-edge-node-e1zri in edge-node,10
1756,1507.9569999999999,Konnichiwa from hello-edge-node-e1zri in edge-node,6
1757,498.548,Konnichiwa from hello-edge-node-e1zri in edge-node,3
1758,1508.95,Konnichiwa from hello-edge-node-e1zri in edge-node,10
1759,497.71999999999997,Konnichiwa from hello-edge-node-e1zri in edge-node,6
1760,1509.677,Konnichiwa from hello-edge-node-e1zri in edge-node,3
1761,497.421,Konnichiwa from hello-edge-node-e1zri in edge-node,10
1762,1510.483,Konnichiwa from hello-edge-node-e1zri in edge-node,6
1763,495.67,Konnichiwa from hello-edge-node-e1zri in edge-node,3
1764,940.283,Konnichiwa from hello-edge-node-e1zri in edge-node,10
1765,1067.724,Konnichiwa from hello-edge-node-e1zri in edge-node,6
1766,942.1650000000001,Konnichiwa from hello-edge-node-e1zri in edge-node,3
1767,493.679,Konnichiwa from hello-edge-node-e1zri in edge-node,10
1768,1513.459,Konnichiwa from hello-edge-node-e1zri in edge-node,6
1769,494.576,Konnichiwa from hello-edge-node-e1zri in edge-node,3
1770,942.111,Konnichiwa from hello-edge-node-e1zri in edge-node,10
1771,2005.906,Konnichiwa from hello-edge-node-e1zri in edge-node,6
1772,394.526,Konnichiwa from hello-edge-node-e1zri in edge-node,10
1773,1041.154,Konnichiwa from hello-edge-node-e1zri in edge-node,3
1774,966.1030000000001,Konnichiwa from hello-edge-node-e1zri in edge-node,6
1775,1673.3819999999998,Konnichiwa from hello-edge-node-e1zri in edge-node,10
1776,703.489,Konnichiwa from hello-edge-node-e1zri in edge-node,6
1777,1672.3539999999998,Konnichiwa from hello-edge-node-e1zri in edge-node,3
1778,3338.187,Konnichiwa from hello-edge-node-e1zri in edge-node,6
1779,1672.752,Konnichiwa from hello-edge-node-e1zri in edge-node,3
1780,1673.21,Konnichiwa from hello-edge-node-e1zri in edge-node,6
1781,956.141,Konnichiwa from hello-edge-node-e1zri in edge-node,3
1782,718.406,Konnichiwa from hello-edge-node-e1zri in edge-node,10
1783,955.689,Konnichiwa from hello-edge-node-e1zri in edge-node,6
1784,302.679,Konnichiwa from hello-edge-node-e1zri in edge-node,3
1785,1371.869,Konnichiwa from hello-edge-node-e1zri in edge-node,10
1786,301.452,Konnichiwa from hello-edge-node-e1zri in edge-node,6
1787,955.874,Konnichiwa from hello-edge-node-e1zri in edge-node,3
1788,719.076,Konnichiwa from hello-edge-node-e1zri in edge-node,10
1789,956.389,Konnichiwa from hello-edge-node-e1zri in edge-node,6
1790,301.26399999999995,Konnichiwa from hello-edge-node-e1zri in edge-node,3
1791,1372.615,Konnichiwa from hello-edge-node-e1zri in edge-node,10
1792,300.844,Konnichiwa from hello-edge-node-e1zri in edge-node,6
1793,957.031,Konnichiwa from hello-edge-node-e1zri in edge-node,3
1794,716.819,Konnichiwa from hello-edge-node-e1zri in edge-node,10
1795,719.244,Konnichiwa from hello-edge-node-e1zri in edge-node,6
1796,537.572,Konnichiwa from hello-edge-node-e1zri in edge-node,3
1797,1433.404,Konnichiwa from hello-edge-node-e1zri in edge-node,10
1798,38.260000000000005,Konnichiwa from hello-edge-node-e1zri in edge-node,3
1799,1434.183,Konnichiwa from hello-edge-node-e1zri in edge-node,6
1800,2005.992,Konnichiwa from hello-edge-node-e1zri in edge-node,3
1801,1434.0980000000002,Konnichiwa from hello-edge-node-e1zri in edge-node,6
1802,101.226,Konnichiwa from hello-edge-node-e1zri in edge-node,3
1803,1434.6270000000002,Konnichiwa from hello-edge-node-e1zri in edge-node,10
1804,473.422,Konnichiwa from hello-edge-node-e1zri in edge-node,3
1805,1117.481,Konnichiwa from hello-edge-node-e1zri in edge-node,6
1806,2004.998,Konnichiwa from hello-edge-node-e1zri in edge-node,3
1807,1116.39,Konnichiwa from hello-edge-node-e1zri in edge-node,6
1808,301.25600000000003,Konnichiwa from hello-edge-node-e1zri in edge-node,3
1809,1116.59,Konnichiwa from hello-edge-node-e1zri in edge-node,10
1810,258.109,Konnichiwa from hello-edge-node-e1zri in edge-node,3
1811,1115.7079999999999,Konnichiwa from hello-edge-node-e1zri in edge-node,6
1812,1136.778,Konnichiwa from hello-edge-node-e1zri in edge-node,3
1813,537.024,Konnichiwa from hello-edge-node-e1zri in edge-node,10
1814,581.067,Konnichiwa from hello-edge-node-e1zri in edge-node,6
1815,1672.734,Konnichiwa from hello-edge-node-e1zri in edge-node,3
1816,254.899,Konnichiwa from hello-edge-node-e1zri in edge-node,6
1817,1673.0819999999999,Konnichiwa from hello-edge-node-e1zri in edge-node,10
1818,83.28099999999999,Konnichiwa from hello-edge-node-e1zri in edge-node,6
1819,1672.528,Konnichiwa from hello-edge-node-e1zri in edge-node,3
1820,755.171,Konnichiwa from hello-edge-node-e1zri in edge-node,6
1821,1252.416,Konnichiwa from hello-edge-node-e1zri in edge-node,10
1822,755.938,Konnichiwa from hello-edge-node-e1zri in edge-node,3
1823,1253.156,Konnichiwa from hello-edge-node-e1zri in edge-node,6
1824,754.8829999999999,Konnichiwa from hello-edge-node-e1zri in edge-node,10
1825,1253.0520000000001,Konnichiwa from hello-edge-node-e1zri in edge-node,3
1826,753.969,Konnichiwa from hello-edge-node-e1zri in edge-node,6
1827,1253.787,Konnichiwa from hello-edge-node-e1zri in edge-node,10
1828,754.1940000000001,Konnichiwa from hello-edge-node-e1zri in edge-node,3
1829,1253.34,Konnichiwa from hello-edge-node-e1zri in edge-node,6
1830,753.93,Konnichiwa from hello-edge-node-e1zri in edge-node,10
1831,1252.81,Konnichiwa from hello-edge-node-e1zri in edge-node,3
1832,755.6089999999999,Konnichiwa from hello-edge-node-e1zri in edge-node,6
1833,1252.789,Konnichiwa from hello-edge-node-e1zri in edge-node,10
1834,5.37,Konnichiwa from hello-edge-node-e1zri in edge-node,3
1835,1003.768,Konnichiwa from hello-edge-node-e1zri in edge-node,6
1836,1004.181,Konnichiwa from hello-edge-node-e1zri in edge-node,10
1837,253.54100000000003,Konnichiwa from hello-edge-node-e1zri in edge-node,3
1838,755.52,Konnichiwa from hello-edge-node-e1zri in edge-node,6
1839,1251.916,Konnichiwa from hello-edge-node-e1zri in edge-node,10
1840,5.508,Konnichiwa from hello-edge-node-e1zri in edge-node,3
1841,1002.8999999999999,Konnichiwa from hello-edge-node-e1zri in edge-node,6
1842,1004.21,Konnichiwa from hello-edge-node-e1zri in edge-node,10
1843,253.031,Konnichiwa from hello-edge-node-e1zri in edge-node,3
1844,754.3109999999999,Konnichiwa from hello-edge-node-e1zri in edge-node,6
1845,1255.857,Konnichiwa from hello-edge-node-e1zri in edge-node,10
1846,1005.0120000000001,Konnichiwa from hello-edge-node-e1zri in edge-node,6
1847,329.443,Konnichiwa from hello-edge-node-e1zri in edge-node,10
1848,1005.941,Konnichiwa from hello-edge-node-e1zri in edge-node,3
1849,1174.01,Konnichiwa from hello-edge-node-e1zri in edge-node,10
1850,1256.673,Konnichiwa from hello-edge-node-e1zri in edge-node,6
1851,912.198,Konnichiwa from hello-edge-node-e1zri in edge-node,10
1852,1255.762,Konnichiwa from hello-edge-node-e1zri in edge-node,3
1853,342.183,Konnichiwa from hello-edge-node-e1zri in edge-node,10
1854,1255.919,Konnichiwa from hello-edge-node-e1zri in edge-node,6
1855,1744.255,Konnichiwa from hello-edge-node-e1zri in edge-node,10
1856,762.35,Konnichiwa from hello-edge-node-e1zri in edge-node,3
1857,493.82599999999996,Konnichiwa from hello-edge-node-e1zri in edge-node,6
1858,1513.211,Konnichiwa from hello-edge-node-e1zri in edge-node,10
1859,993.568,Konnichiwa from hello-edge-node-e1zri in edge-node,3
1860,263.68399999999997,Konnichiwa from hello-edge-node-e1zri in edge-node,6
1861,1743.2859999999998,Konnichiwa from hello-edge-node-e1zri in edge-node,10
1862,764.542,Konnichiwa from hello-edge-node-e1zri in edge-node,3
1863,673.172,Konnichiwa from hello-edge-node-e1zri in edge-node,6
1864,1334.7720000000002,Konnichiwa from hello-edge-node-e1zri in edge-node,10
1865,1171.64,Konnichiwa from hello-edge-node-e1zri in edge-node,3
1866,263.961,Konnichiwa from hello-edge-node-e1zri in edge-node,6
1867,1742.911,Konnichiwa from hello-edge-node-e1zri in edge-node,10
1868,763.702,Konnichiwa from hello-edge-node-e1zri in edge-node,3
1869,672.335,Konnichiwa from hello-edge-node-e1zri in edge-node,6
1870,1001.5719999999999,Konnichiwa from hello-edge-node-e1zri in edge-node,10
1871,673.427,Konnichiwa from hello-edge-node-e1zri in edge-node,3
1872,761.786,Konnichiwa from hello-edge-node-e1zri in edge-node,6
1873,912.65,Konnichiwa from hello-edge-node-e1zri in edge-node,10
1874,761.744,Konnichiwa from hello-edge-node-e1zri in edge-node,3
1875,1246.692,Konnichiwa from hello-edge-node-e1zri in edge-node,6
1876,427.216,Konnichiwa from hello-edge-node-e1zri in edge-node,10
1877,1246.686,Konnichiwa from hello-edge-node-e1zri in edge-node,3
1878,760.3760000000001,Konnichiwa from hello-edge-node-e1zri in edge-node,6
1879,913.601,Konnichiwa from hello-edge-node-e1zri in edge-node,10
1880,760.1980000000001,Konnichiwa from hello-edge-node-e1zri in edge-node,3
1881,1247.1989999999998,Konnichiwa from hello-edge-node-e1zri in edge-node,6
1882,759.6429999999999,Konnichiwa from hello-edge-node-e1zri in edge-node,10
1883,2005.459,Konnichiwa from hello-edge-node-e1zri in edge-node,3
1884,2005.9999999999998,Konnichiwa from hello-edge-node-e1zri in edge-node,10
1885,240.77200000000002,Konnichiwa from hello-edge-node-e1zri in edge-node,3
1886,2004.967,Konnichiwa from hello-edge-node-e1zri in edge-node,6
1887,1097.517,Konnichiwa from hello-edge-node-e1zri in edge-node,3
1888,2005.706,Konnichiwa from hello-edge-node-e1zri in edge-node,10
1889,1905.181,Konnichiwa from hello-edge-node-e1zri in edge-node,3
1890,915.428,Konnichiwa from hello-edge-node-e1zri in edge-node,6
1891,522.759,Konnichiwa from hello-edge-node-e1zri in edge-node,3
1892,914.525,Konnichiwa from hello-edge-node-e1zri in edge-node,10
1893,1905.723,Konnichiwa from hello-edge-node-e1zri in edge-node,3
1894,914.243,Konnichiwa from hello-edge-node-e1zri in edge-node,6
1895,521.76,Konnichiwa from hello-edge-node-e1zri in edge-node,3
1896,914.5609999999999,Konnichiwa from hello-edge-node-e1zri in edge-node,10
1897,1906.899,Konnichiwa from hello-edge-node-e1zri in edge-node,3
1898,915.0540000000001,Konnichiwa from hello-edge-node-e1zri in edge-node,6
1899,3339.393,Konnichiwa from hello-edge-node-e1zri in edge-node,3
1900,2007.379,Konnichiwa from hello-edge-node-e1zri in edge-node,6
1901,1118.148,Konnichiwa from hello-edge-node-e1zri in edge-node,3
1902,730.091,Konnichiwa from hello-edge-node-e1zri in edge-node,6
1903,1116.258,Konnichiwa from hello-edge-node-e1zri in edge-node,10
1904,162.585,Konnichiwa from hello-edge-node-e1zri in edge-node,6
1905,1116.94,Konnichiwa from hello-edge-node-e1zri in edge-node,3
1906,397.738,Konnichiwa from hello-edge-node-e1zri in edge-node,6
1907,1118.3860000000002,Konnichiwa from hello-edge-node-e1zri in edge-node,10
1908,494.73699999999997,Konnichiwa from hello-edge-node-e1zri in edge-node,6
1909,1117.0230000000001,Konnichiwa from hello-edge-node-e1zri in edge-node,3
1910,65.966,Konnichiwa from hello-edge-node-e1zri in edge-node,6
1911,1117.1180000000002,Konnichiwa from hello-edge-node-e1zri in edge-node,10
1912,826.607,Konnichiwa from hello-edge-node-e1zri in edge-node,6
1913,847.567,Konnichiwa from hello-edge-node-e1zri in edge-node,3
1914,272.78400000000005,Konnichiwa from hello-edge-node-e1zri in edge-node,10
1915,1402.444,Konnichiwa from hello-edge-node-e1zri in edge-node,6
1916,272.583,Konnichiwa from hello-edge-node-e1zri in edge-node,3
1917,1165.3100000000002,Konnichiwa from hello-edge-node-e1zri in edge-node,10
1918,509.475,Konnichiwa from hello-edge-node-e1zri in edge-node,6
1919,1166.0759999999998,Konnichiwa from hello-edge-node-e1zri in edge-node,3
1920,269.564,Konnichiwa from hello-edge-node-e1zri in edge-node,10
1921,1404.938,Konnichiwa from hello-edge-node-e1zri in edge-node,6
1922,268.549,Konnichiwa from hello-edge-node-e1zri in edge-node,3
1923,1166.851,Konnichiwa from hello-edge-node-e1zri in edge-node,10
1924,507.09800000000007,Konnichiwa from hello-edge-node-e1zri in edge-node,6
1925,1166.86,Konnichiwa from hello-edge-node-e1zri in edge-node,3
1926,268.673,Konnichiwa from hello-edge-node-e1zri in edge-node,10
1927,1404.7359999999999,Konnichiwa from hello-edge-node-e1zri in edge-node,6
1928,268.675,Konnichiwa from hello-edge-node-e1zri in edge-node,3
1929,1167.159,Konnichiwa from hello-edge-node-e1zri in edge-node,10
1930,268.48100000000005,Konnichiwa from hello-edge-node-e1zri in edge-node,6
1931,1256.0059999999999,Konnichiwa from hello-edge-node-e1zri in edge-node,3
1932,150.56900000000002,Konnichiwa from hello-edge-node-e1zri in edge-node,6
1933,1254.3010000000002,Konnichiwa from hello-edge-node-e1zri in edge-node,10
1934,32.495999999999995,Konnichiwa from hello-edge-node-e1zri in edge-node,6
1935,1255.019,Konnichiwa from hello-edge-node-e1zri in edge-node,3
1936,1434.221,Konnichiwa from hello-edge-node-e1zri in edge-node,6
1937,1255.652,Konnichiwa from hello-edge-node-e1zri in edge-node,3
1938,1037.2140000000002,Konnichiwa from hello-edge-node-e1zri in edge-node,6
1939,397.953,Konnichiwa from hello-edge-node-e1zri in edge-node,10
1940,858.743,Konnichiwa from hello-edge-node-e1zri in edge-node,3
1941,1672.815,Konnichiwa from hello-edge-node-e1zri in edge-node,6
1942,1258.585,Konnichiwa from hello-edge-node-e1zri in edge-node,3
1943,1222.956,Konnichiwa from hello-edge-node-e1zri in edge-node,6
1944,453.23,Konnichiwa from hello-edge-node-e1zri in edge-node,10
1945,803.843,Konnichiwa from hello-edge-node-e1zri in edge-node,3
1946,1204.3319999999999,Konnichiwa from hello-edge-node-e1zri in edge-node,6
1947,470.286,Konnichiwa from hello-edge-node-e1zri in edge-node,10
1948,786.2940000000001,Konnichiwa from hello-edge-node-e1zri in edge-node,3
1949,1220.6,Konnichiwa from hello-edge-node-e1zri in edge-node,6
1950,452.955,Konnichiwa from hello-edge-node-e1zri in edge-node,10
1951,803.894,Konnichiwa from hello-edge-node-e1zri in edge-node,3
1952,1202.046,Konnichiwa from hello-edge-node-e1zri in edge-node,6
1953,1256.275,Konnichiwa from hello-edge-node-e1zri in edge-node,10
1954,885.404,Konnichiwa from hello-edge-node-e1zri in edge-node,6
1955,1121.85,Konnichiwa from hello-edge-node-e1zri in edge-node,3
1956,3339.069,Konnichiwa from hello-edge-node-e1zri in edge-node,10
1957,548.847,Konnichiwa from hello-edge-node-e1zri in edge-node,3
1958,1459.859,Konnichiwa from hello-edge-node-e1zri in edge-node,6
1959,1881.568,Konnichiwa from hello-edge-node-e1zri in edge-node,10
1960,2006.126,Konnichiwa from hello-edge-node-e1zri in edge-node,3
1961,1121.549,Konnichiwa from hello-edge-node-e1zri in edge-node,10
1962,315.602,Konnichiwa from hello-edge-node-e1zri in edge-node,6
1963,1691.192,Konnichiwa from hello-edge-node-e1zri in edge-node,3
1964,316.788,Konnichiwa from hello-edge-node-e1zri in edge-node,10
1965,1119.355,Konnichiwa from hello-edge-node-e1zri in edge-node,6
1966,887.562,Konnichiwa from hello-edge-node-e1zri in edge-node,3
1967,1120.7800000000002,Konnichiwa from hello-edge-node-e1zri in edge-node,10
1968,315.19,Konnichiwa from hello-edge-node-e1zri in edge-node,6
1969,2005.4059999999997,Konnichiwa from hello-edge-node-e1zri in edge-node,3
1970,189.917,Konnichiwa from hello-edge-node-e1zri in edge-node,6
1971,1245.6940000000002,Konnichiwa from hello-edge-node-e1zri in edge-node,10
1972,762.3950000000001,Konnichiwa from hello-edge-node-e1zri in edge-node,3
1973,1672.493,Konnichiwa from hello-edge-node-e1zri in edge-node,6
1974,74.16399999999999,Konnichiwa from hello-edge-node-e1zri in edge-node,3
1975,1044.618,Konnichiwa from hello-edge-node-e1zri in edge-node,10
1976,629.78,Konnichiwa from hello-edge-node-e1zri in edge-node,6
1977,1116.231,Konnichiwa from hello-edge-node-e1zri in edge-node,3
1978,762.9590000000001,Konnichiwa from hello-edge-node-e1zri in edge-node,6
1979,910.311,Konnichiwa from hello-edge-node-e1zri in edge-node,10
1980,207.66000000000003,Konnichiwa from hello-edge-node-e1zri in edge-node,3
1981,1229.2350000000001,Konnichiwa from hello-edge-node-e1zri in edge-node,6
1982,444.733,Konnichiwa from hello-edge-node-e1zri in edge-node,10
1983,674.064,Konnichiwa from hello-edge-node-e1zri in edge-node,3
1984,762.347,Konnichiwa from hello-edge-node-e1zri in edge-node,6
1985,911.396,Konnichiwa from hello-edge-node-e1zri in edge-node,10
1986,207.094,Konnichiwa from hello-edge-node-e1zri in edge-node,3
1987,1229.208,Konnichiwa from hello-edge-node-e1zri in edge-node,6
1988,778.841,Konnichiwa from hello-edge-node-e1zri in edge-node,10
1989,658.427,Konnichiwa from hello-edge-node-e1zri in edge-node,3
1990,777.116,Konnichiwa from hello-edge-node-e1zri in edge-node,6
1991,1230.21,Konnichiwa from hello-edge-node-e1zri in edge-node,10
1992,205.676,Konnichiwa from hello-edge-node-e1zri in edge-node,3
1993,1230.6209999999999,Konnichiwa from hello-edge-node-e1zri in edge-node,6
1994,776.734,Konnichiwa from hello-edge-node-e1zri in edge-node,10
1995,658.917,Konnichiwa from hello-edge-node-e1zri in edge-node,3
1996,2004.979,Konnichiwa from hello-edge-node-e1zri in edge-node,6
1997,679.412,Konnichiwa from hello-edge-node-e1zri in edge-node,3
1998,756.1210000000001,Konnichiwa from hello-edge-node-e1zri in edge-node,10
1999,2584.8089999999997,Konnichiwa from hello-edge-node-e1zri in edge-node,6
2000,756.035,Konnichiwa from hello-edge-node-e1zri in edge-node,3
2001,1251.795,Konnichiwa from hello-edge-node-e1zri in edge-node,10
2002,2088.597,Konnichiwa from hello-edge-node-e1zri in edge-node,6
2003,1252.0,Konnichiwa from hello-edge-node-e1zri in edge-node,3
2004,755.078,Konnichiwa from hello-edge-node-e1zri in edge-node,10
2005,1673.26,Konnichiwa from hello-edge-node-e1zri in edge-node,6
2006,914.446,Konnichiwa from hello-edge-node-e1zri in edge-node,10
2007,1092.81,Konnichiwa from hello-edge-node-e1zri in edge-node,3
2008,581.662,Konnichiwa from hello-edge-node-e1zri in edge-node,6
2009,2507.433,Konnichiwa from hello-edge-node-e1zri in edge-node,10
2010,253.311,Konnichiwa from hello-edge-node-e1zri in edge-node,6
2011,1420.813,Konnichiwa from hello-edge-node-e1zri in edge-node,3
2012,1086.4389999999999,Konnichiwa from hello-edge-node-e1zri in edge-node,10
2013,1672.634,Konnichiwa from hello-edge-node-e1zri in edge-node,6
2014,583.645,Konnichiwa from hello-edge-node-e1zri in edge-node,10
2015,1923.488,Konnichiwa from hello-edge-node-e1zri in edge-node,3
2016,84.053,Konnichiwa from hello-edge-node-e1zri in edge-node,6
2017,1035.2369999999999,Konnichiwa from hello-edge-node-e1zri in edge-node,10
2018,1472.358,Konnichiwa from hello-edge-node-e1zri in edge-node,3
2019,535.618,Konnichiwa from hello-edge-node-e1zri in edge-node,6
2020,584.028,Konnichiwa from hello-edge-node-e1zri in edge-node,10
2021,1424.205,Konnichiwa from hello-edge-node-e1zri in edge-node,3
2022,583.4639999999999,Konnichiwa from hello-edge-node-e1zri in edge-node,6
2023,535.868,Konnichiwa from hello-edge-node-e1zri in edge-node,10
2024,1472.859,Konnichiwa from hello-edge-node-e1zri in edge-node,3
2025,534.632,Konnichiwa from hello-edge-node-e1zri in edge-node,6
2026,584.2239999999999,Konnichiwa from hello-edge-node-e1zri in edge-node,10
2027,1256.3029999999999,Konnichiwa from hello-edge-node-e1zri in edge-node,3
2028,168.05,Konnichiwa from hello-edge-node-e1zri in edge-node,10
2029,1255.228,Konnichiwa from hello-edge-node-e1zri in edge-node,6
2030,14.372,Konnichiwa from hello-edge-node-e1zri in edge-node,10
2031,1255.238,Konnichiwa from hello-edge-node-e1zri in edge-node,3
2032,738.789,Konnichiwa from hello-edge-node-e1zri in edge-node,10
2033,696.7189999999999,Konnichiwa from hello-edge-node-e1zri in edge-node,6
2034,560.967,Konnichiwa from hello-edge-node-e1zri in edge-node,3
2035,1434.056,Konnichiwa from hello-edge-node-e1zri in edge-node,10
2036,14.753,Konnichiwa from hello-edge-node-e1zri in edge-node,3
2037,1242.956,Konnichiwa from hello-edge-node-e1zri in edge-node,6
2038,193.06599999999997,Konnichiwa from hello-edge-node-e1zri in edge-node,10
2039,1256.124,Konnichiwa from hello-edge-node-e1zri in edge-node,3
2040,561.313,Konnichiwa from hello-edge-node-e1zri in edge-node,10
2041,875.306,Konnichiwa from hello-edge-node-e1zri in edge-node,6
2042,1633.0659999999998,Konnichiwa from hello-edge-node-e1zri in edge-node,3
2043,374.028,Konnichiwa from hello-edge-node-e1zri in edge-node,10
2044,1061.6209999999999,Konnichiwa from hello-edge-node-e1zri in edge-node,6
2045,1445.138,Konnichiwa from hello-edge-node-e1zri in edge-node,3
2046,561.028,Konnichiwa from hello-edge-node-e1zri in edge-node,10
2047,874.346,Konnichiwa from hello-edge-node-e1zri in edge-node,6
2048,1633.0739999999998,Konnichiwa from hello-edge-node-e1zri in edge-node,3
2049,40.431000000000004,Konnichiwa from hello-edge-node-e1zri in edge-node,10
2050,1394.485,Konnichiwa from hello-edge-node-e1zri in edge-node,6
2051,1113.106,Konnichiwa from hello-edge-node-e1zri in edge-node,3
2052,560.91,Konnichiwa from hello-edge-node-e1zri in edge-node,10
2053,874.669,Konnichiwa from hello-edge-node-e1zri in edge-node,6
2054,1671.756,Konnichiwa from hello-edge-node-e1zri in edge-node,3
2055,797.501,Konnichiwa from hello-edge-node-e1zri in edge-node,6
2056,1673.424,Konnichiwa from hello-edge-node-e1zri in edge-node,10
2057,872.116,Konnichiwa from hello-edge-node-e1zri in edge-node,6
2058,2006.8380000000002,Konnichiwa from hello-edge-node-e1zri in edge-node,3
2059,463.37,Konnichiwa from hello-edge-node-e1zri in edge-node,6
2060,2004.8020000000001,Konnichiwa from hello-edge-node-e1zri in edge-node,10
2061,873.62,Konnichiwa from hello-edge-node-e1zri in edge-node,6
2062,2005.0500000000002,Konnichiwa from hello-edge-node-e1zri in edge-node,3
2063,2507.084,Konnichiwa from hello-edge-node-e1zri in edge-node,6
2064,2005.7779999999998,Konnichiwa from hello-edge-node-e1zri in edge-node,3
2065,2504.893,Konnichiwa from hello-edge-node-e1zri in edge-node,6
2066,119.274,Konnichiwa from hello-edge-node-e1zri in edge-node,3
2067,1317.537,Konnichiwa from hello-edge-node-e1zri in edge-node,10
2068,1189.521,Konnichiwa from hello-edge-node-e1zri in edge-node,6
2069,1319.281,Konnichiwa from hello-edge-node-e1zri in edge-node,3
2070,116.62100000000001,Konnichiwa from hello-edge-node-e1zri in edge-node,10
2071,1891.156,Konnichiwa from hello-edge-node-e1zri in edge-node,6
2072,616.887,Konnichiwa from hello-edge-node-e1zri in edge-node,3
2073,819.145,Konnichiwa from hello-edge-node-e1zri in edge-node,10
2074,1188.782,Konnichiwa from hello-edge-node-e1zri in edge-node,6
2075,1318.202,Konnichiwa from hello-edge-node-e1zri in edge-node,3
2076,117.452,Konnichiwa from hello-edge-node-e1zri in edge-node,10
2077,1890.4769999999999,Konnichiwa from hello-edge-node-e1zri in edge-node,6
2078,617.45,Konnichiwa from hello-edge-node-e1zri in edge-node,3
2079,1890.501,Konnichiwa from hello-edge-node-e1zri in edge-node,10
2080,116.929,Konnichiwa from hello-edge-node-e1zri in edge-node,6
2081,892.496,Konnichiwa from hello-edge-node-e1zri in edge-node,3
2082,1614.752,Konnichiwa from hello-edge-node-e1zri in edge-node,10
2083,60.252,Konnichiwa from hello-edge-node-e1zri in edge-node,6
2084,947.433,Konnichiwa from hello-edge-node-e1zri in edge-node,3
2085,1560.867,Konnichiwa from hello-edge-node-e1zri in edge-node,10
2086,113.83699999999999,Konnichiwa from hello-edge-node-e1zri in edge-node,6
2087,894.007,Konnichiwa from hello-edge-node-e1zri in edge-node,3
2088,1612.625,Konnichiwa from hello-edge-node-e1zri in edge-node,10
2089,60.649,Konnichiwa from hello-edge-node-e1zri in edge-node,6
2090,946.056,Konnichiwa from hello-edge-node-e1zri in edge-node,3
2091,1061.267,Konnichiwa from hello-edge-node-e1zri in edge-node,10
2092,612.4739999999999,Konnichiwa from hello-edge-node-e1zri in edge-node,6
2093,394.381,Konnichiwa from hello-edge-node-e1zri in edge-node,3
2094,1613.3169999999998,Konnichiwa from hello-edge-node-e1zri in edge-node,10
2095,61.254000000000005,Konnichiwa from hello-edge-node-e1zri in edge-node,6
2096,1948.0610000000001,Konnichiwa from hello-edge-node-e1zri in edge-node,3
2097,59.163000000000004,Konnichiwa from hello-edge-node-e1zri in edge-node,10
2098,2006.3509999999999,Konnichiwa from hello-edge-node-e1zri in edge-node,6
2099,444.943,Konnichiwa from hello-edge-node-e1zri in edge-node,10
2100,1563.183,Konnichiwa from hello-edge-node-e1zri in edge-node,3
2101,444.872,Konnichiwa from hello-edge-node-e1zri in edge-node,6
2102,1116.905,Konnichiwa from hello-edge-node-e1zri in edge-node,10
2103,947.7189999999999,Konnichiwa from hello-edge-node-e1zri in edge-node,6
2104,1059.854,Konnichiwa from hello-edge-node-e1zri in edge-node,3
2105,58.97,Konnichiwa from hello-edge-node-e1zri in edge-node,10
2106,2006.0220000000002,Konnichiwa from hello-edge-node-e1zri in edge-node,6
2107,443.593,Konnichiwa from hello-edge-node-e1zri in edge-node,10
2108,674.965,Konnichiwa from hello-edge-node-e1zri in edge-node,3
2109,5006.274,Konnichiwa from hello-edge-node-e1zri in edge-node,6
2110,1671.726,Konnichiwa from hello-edge-node-e1zri in edge-node,3
2111,2659.29,Konnichiwa from hello-edge-node-e1zri in edge-node,6
2112,1672.3190000000002,Konnichiwa from hello-edge-node-e1zri in edge-node,10
2113,678.0659999999999,Konnichiwa from hello-edge-node-e1zri in edge-node,6
2114,996.875,Konnichiwa from hello-edge-node-e1zri in edge-node,3
2115,677.7729999999999,Konnichiwa from hello-edge-node-e1zri in edge-node,10
2116,996.2990000000001,Konnichiwa from hello-edge-node-e1zri in edge-node,6
2117,677.552,Konnichiwa from hello-edge-node-e1zri in edge-node,3
2118,998.017,Konnichiwa from hello-edge-node-e1zri in edge-node,10
2119,677.422,Konnichiwa from hello-edge-node-e1zri in edge-node,6
2120,997.14,Konnichiwa from hello-edge-node-e1zri in edge-node,3
2121,121.878,Konnichiwa from hello-edge-node-e1zri in edge-node,10
2122,1551.747,Konnichiwa from hello-edge-node-e1zri in edge-node,6
2123,122.70599999999999,Konnichiwa from hello-edge-node-e1zri in edge-node,3
2124,995.395,Konnichiwa from hello-edge-node-e1zri in edge-node,10
2125,678.388,Konnichiwa from hello-edge-node-e1zri in edge-node,6
2126,996.2579999999999,Konnichiwa from hello-edge-node-e1zri in edge-node,3
2127,122.303,Konnichiwa from hello-edge-node-e1zri in edge-node,10
2128,1119.1580000000001,Konnichiwa from hello-edge-node-e1zri in edge-node,6
2129,435.95,Konnichiwa from hello-edge-node-e1zri in edge-node,10
2130,682.451,Konnichiwa from hello-edge-node-e1zri in edge-node,3
2131,435.99,Konnichiwa from hello-edge-node-e1zri in edge-node,6
2132,1000.1260000000001,Konnichiwa from hello-edge-node-e1zri in edge-node,10
2133,117.711,Konnichiwa from hello-edge-node-e1zri in edge-node,3
2134,1000.094,Konnichiwa from hello-edge-node-e1zri in edge-node,6
2135,435.96000000000004,Konnichiwa from hello-edge-node-e1zri in edge-node,10
2136,1000.2660000000001,Konnichiwa from hello-edge-node-e1zri in edge-node,3
2137,119.59100000000001,Konnichiwa from hello-edge-node-e1zri in edge-node,6
2138,1317.438,Konnichiwa from hello-edge-node-e1zri in edge-node,10
2139,118.67800000000001,Konnichiwa from hello-edge-node-e1zri in edge-node,3
2140,999.5880000000001,Konnichiwa from hello-edge-node-e1zri in edge-node,6
2141,435.866,Konnichiwa from hello-edge-node-e1zri in edge-node,10
2142,999.9,Konnichiwa from hello-edge-node-e1zri in edge-node,3
2143,118.327,Konnichiwa from hello-edge-node-e1zri in edge-node,6
2144,1318.0510000000002,Konnichiwa from hello-edge-node-e1zri in edge-node,10
2145,117.701,Konnichiwa from hello-edge-node-e1zri in edge-node,3
2146,1433.509,Konnichiwa from hello-edge-node-e1zri in edge-node,6
2147,458.60200000000003,Konnichiwa from hello-edge-node-e1zri in edge-node,3
2148,914.942,Konnichiwa from hello-edge-node-e1zri in edge-node,10
2149,63.751000000000005,Konnichiwa from hello-edge-node-e1zri in edge-node,3
2150,915.085,Konnichiwa from hello-edge-node-e1zri in edge-node,6
2151,1030.345,Konnichiwa from hello-edge-node-e1zri in edge-node,3
2152,915.0709999999999,Konnichiwa from hello-edge-node-e1zri in edge-node,10
2153,2005.6470000000002,Konnichiwa from hello-edge-node-e1zri in edge-node,3
2154,914.547,Konnichiwa from hello-edge-node-e1zri in edge-node,10
2155,2005.4370000000001,Konnichiwa from hello-edge-node-e1zri in edge-node,3
2156,914.9159999999999,Konnichiwa from hello-edge-node-e1zri in edge-node,10
2157,2006.323,Konnichiwa from hello-edge-node-e1zri in edge-node,3
2158,226.746,Konnichiwa from hello-edge-node-e1zri in edge-node,10
2159,1780.294,Konnichiwa from hello-edge-node-e1zri in edge-node,6
2160,227.25,Konnichiwa from hello-edge-node-e1zri in edge-node,3
2161,1031.3600000000001,Konnichiwa from hello-edge-node-e1zri in edge-node,10
2162,977.1339999999999,Konnichiwa from hello-edge-node-e1zri in edge-node,6
2163,1030.345,Konnichiwa from hello-edge-node-e1zri in edge-node,3
2164,226.68099999999998,Konnichiwa from hello-edge-node-e1zri in edge-node,10
2165,1780.707,Konnichiwa from hello-edge-node-e1zri in edge-node,6
2166,226.116,Konnichiwa from hello-edge-node-e1zri in edge-node,3
2167,1031.0049999999999,Konnichiwa from hello-edge-node-e1zri in edge-node,10
2168,975.724,Konnichiwa from hello-edge-node-e1zri in edge-node,6
2169,1033.001,Konnichiwa from hello-edge-node-e1zri in edge-node,3
2170,224.521,Konnichiwa from hello-edge-node-e1zri in edge-node,10
2171,1450.365,Konnichiwa from hello-edge-node-e1zri in edge-node,6
2172,557.194,Konnichiwa from hello-edge-node-e1zri in edge-node,3
2173,1672.013,Konnichiwa from hello-edge-node-e1zri in edge-node,10
2174,279.783,Konnichiwa from hello-edge-node-e1zri in edge-node,3
2175,1671.982,Konnichiwa from hello-edge-node-e1zri in edge-node,6
2176,56.971000000000004,Konnichiwa from hello-edge-node-e1zri in edge-node,3
2177,1672.561,Konnichiwa from hello-edge-node-e1zri in edge-node,10
2178,780.651,Konnichiwa from hello-edge-node-e1zri in edge-node,3
2179,1227.6970000000001,Konnichiwa from hello-edge-node-e1zri in edge-node,6
2180,447.27,Konnichiwa from hello-edge-node-e1zri in edge-node,10
2181,2060.283,Konnichiwa from hello-edge-node-e1zri in edge-node,3
2182,1282.4560000000001,Konnichiwa from hello-edge-node-e1zri in edge-node,6
2183,1434.771,Konnichiwa from hello-edge-node-e1zri in edge-node,10
2184,625.91,Konnichiwa from hello-edge-node-e1zri in edge-node,6
2185,1434.806,Konnichiwa from hello-edge-node-e1zri in edge-node,3
2186,1282.332,Konnichiwa from hello-edge-node-e1zri in edge-node,6
2187,1434.356,Konnichiwa from hello-edge-node-e1zri in edge-node,10
2188,626.0120000000001,Konnichiwa from hello-edge-node-e1zri in edge-node,6
2189,1433.3709999999999,Konnichiwa from hello-edge-node-e1zri in edge-node,3
2190,1282.789,Konnichiwa from hello-edge-node-e1zri in edge-node,6
2191,1434.874,Konnichiwa from hello-edge-node-e1zri in edge-node,10
2192,624.916,Konnichiwa from hello-edge-node-e1zri in edge-node,6
2193,2716.2929999999997,Konnichiwa from hello-edge-node-e1zri in edge-node,3
2194,625.291,Konnichiwa from hello-edge-node-e1zri in edge-node,10
2195,2717.105,Konnichiwa from hello-edge-node-e1zri in edge-node,6
2196,623.481,Konnichiwa from hello-edge-node-e1zri in edge-node,3
2197,2717.812,Konnichiwa from hello-edge-node-e1zri in edge-node,10
2198,622.4399999999999,Konnichiwa from hello-edge-node-e1zri in edge-node,6
2199,2719.0310000000004,Konnichiwa from hello-edge-node-e1zri in edge-node,3
2200,2289.062,Konnichiwa from hello-edge-node-e1zri in edge-node,10
2201,219.448,Konnichiwa from hello-edge-node-e1zri in edge-node,6
2202,3121.543,Konnichiwa from hello-edge-node-e1zri in edge-node,3
2203,1886.25,Konnichiwa from hello-edge-node-e1zri in edge-node,10
2204,621.18,Konnichiwa from hello-edge-node-e1zri in edge-node,6
2205,2006.808,Konnichiwa from hello-edge-node-e1zri in edge-node,3
2206,715.807,Konnichiwa from hello-edge-node-e1zri in edge-node,6
2207,1292.667,Konnichiwa from hello-edge-node-e1zri in edge-node,10
2208,715.879,Konnichiwa from hello-edge-node-e1zri in edge-node,3
2209,2006.412,Konnichiwa from hello-edge-node-e1zri in edge-node,6
2210,621.773,Konnichiwa from hello-edge-node-e1zri in edge-node,3
2211,1385.568,Konnichiwa from hello-edge-node-e1zri in edge-node,10
2212,622.37,Konnichiwa from hello-edge-node-e1zri in edge-node,6
2213,2004.8029999999999,Konnichiwa from hello-edge-node-e1zri in edge-node,3
2214,715.11,Konnichiwa from hello-edge-node-e1zri in edge-node,6
2215,1291.3349999999998,Konnichiwa from hello-edge-node-e1zri in edge-node,10
2216,382.62,Konnichiwa from hello-edge-node-e1zri in edge-node,3
2217,2005.8980000000001,Konnichiwa from hello-edge-node-e1zri in edge-node,6
2218,1673.1339999999998,Konnichiwa from hello-edge-node-e1zri in edge-node,3
2219,950.8389999999999,Konnichiwa from hello-edge-node-e1zri in edge-node,6
2220,1056.209,Konnichiwa from hello-edge-node-e1zri in edge-node,10
2221,618.119,Konnichiwa from hello-edge-node-e1zri in edge-node,3
2222,2005.289,Konnichiwa from hello-edge-node-e1zri in edge-node,6
2223,1672.07,Konnichiwa from hello-edge-node-e1zri in edge-node,3
2224,715.705,Konnichiwa from hello-edge-node-e1zri in edge-node,6
2225,1291.452,Konnichiwa from hello-edge-node-e1zri in edge-node,10
2226,716.5200000000001,Konnichiwa from hello-edge-node-e1zri in edge-node,3
2227,720.781,Konnichiwa from hello-edge-node-e1zri in edge-node,6
2228,1287.261,Konnichiwa from hello-edge-node-e1zri in edge-node,10
2229,719.958,Konnichiwa from hello-edge-node-e1zri in edge-node,3
2230,715.686,Konnichiwa from hello-edge-node-e1zri in edge-node,6
2231,1291.54,Konnichiwa from hello-edge-node-e1zri in edge-node,10
2232,716.5559999999999,Konnichiwa from hello-edge-node-e1zri in edge-node,3
2233,719.662,Konnichiwa from hello-edge-node-e1zri in edge-node,6
2234,1287.99,Konnichiwa from hello-edge-node-e1zri in edge-node,10
2235,719.637,Konnichiwa from hello-edge-node-e1zri in edge-node,3
2236,716.1659999999999,Konnichiwa from hello-edge-node-e1zri in edge-node,6
2237,1292.221,Konnichiwa from hello-edge-node-e1zri in edge-node,10
2238,1257.55,Konnichiwa from hello-edge-node-e1zri in edge-node,3
2239,794.712,Konnichiwa from hello-edge-node-e1zri in edge-node,10
2240,1256.915,Konnichiwa from hello-edge-node-e1zri in edge-node,6
2241,459.676,Konnichiwa from hello-edge-node-e1zri in edge-node,10
2242,1256.159,Konnichiwa from hello-edge-node-e1zri in edge-node,3
2243,1627.9360000000001,Konnichiwa from hello-edge-node-e1zri in edge-node,10
2244,880.424,Konnichiwa from hello-edge-node-e1zri in edge-node,6
2245,376.968,Konnichiwa from hello-edge-node-e1zri in edge-node,3
2246,2505.854,Konnichiwa from hello-edge-node-e1zri in edge-node,10
2247,459.94800000000004,Konnichiwa from hello-edge-node-e1zri in edge-node,3
2248,1214.925,Konnichiwa from hello-edge-node-e1zri in edge-node,6
2249,1292.187,Konnichiwa from hello-edge-node-e1zri in edge-node,10
2250,1672.921,Konnichiwa from hello-edge-node-e1zri in edge-node,3
2251,2046.141,Konnichiwa from hello-edge-node-e1zri in edge-node,10
2252,462.154,Konnichiwa from hello-edge-node-e1zri in edge-node,6
2253,1212.896,Konnichiwa from hello-edge-node-e1zri in edge-node,3
2254,2505.019,Konnichiwa from hello-edge-node-e1zri in edge-node,10
2255,1291.79,Konnichiwa from hello-edge-node-e1zri in edge-node,3
2256,716.475,Konnichiwa from hello-edge-node-e1zri in edge-node,6
2257,1673.146,Konnichiwa from hello-edge-node-e1zri in edge-node,10
2258,120.191,Konnichiwa from hello-edge-node-e1zri in edge-node,6
2259,1672.336,Konnichiwa from hello-edge-node-e1zri in edge-node,3
2260,217.87,Konnichiwa from hello-edge-node-e1zri in edge-node,6
2261,1673.0339999999999,Konnichiwa from hello-edge-node-e1zri in edge-node,10
2262,2004.928,Konnichiwa from hello-edge-node-e1zri in edge-node,6
2263,1671.373,Konnichiwa from hello-edge-node-e1zri in edge-node,10
2264,1434.761,Konnichiwa from hello-edge-node-e1zri in edge-node,6
2265,1434.722,Konnichiwa from hello-edge-node-e1zri in edge-node,10
2266,1433.125,Konnichiwa from hello-edge-node-e1zri in edge-node,6
2267,150.071,Konnichiwa from hello-edge-node-e1zri in edge-node,10
2268,1286.017,Konnichiwa from hello-edge-node-e1zri in edge-node,3
2269,149.89,Konnichiwa from hello-edge-node-e1zri in edge-node,6
2270,1434.509,Konnichiwa from hello-edge-node-e1zri in edge-node,10
2271,1435.585,Konnichiwa from hello-edge-node-e1zri in edge-node,6
2272,325.20500000000004,Konnichiwa from hello-edge-node-e1zri in edge-node,10
2273,1111.405,Konnichiwa from hello-edge-node-e1zri in edge-node,3
2274,325.016,Konnichiwa from hello-edge-node-e1zri in edge-node,6
2275,1433.408,Konnichiwa from hello-edge-node-e1zri in edge-node,10
2276,1584.354,Konnichiwa from hello-edge-node-e1zri in edge-node,6
2277,90.194,Konnichiwa from hello-edge-node-e1zri in edge-node,3
2278,1583.683,Konnichiwa from hello-edge-node-e1zri in edge-node,10
2279,1671.867,Konnichiwa from hello-edge-node-e1zri in edge-node,6
2280,86.87400000000001,Konnichiwa from hello-edge-node-e1zri in edge-node,10
2281,1587.2440000000001,Konnichiwa from hello-edge-node-e1zri in edge-node,3
2282,86.08300000000001,Konnichiwa from hello-edge-node-e1zri in edge-node,6
2283,1673.1039999999998,Konnichiwa from hello-edge-node-e1zri in edge-node,10
2284,1584.384,Konnichiwa from hello-edge-node-e1zri in edge-node,6
2285,89.617,Konnichiwa from hello-edge-node-e1zri in edge-node,3
2286,1584.7279999999998,Konnichiwa from hello-edge-node-e1zri in edge-node,10
2287,1754.954,Konnichiwa from hello-edge-node-e1zri in edge-node,6
2288,752.866,Konnichiwa from hello-edge-node-e1zri in edge-node,3
2289,3338.46,Konnichiwa from hello-edge-node-e1zri in edge-node,10
2290,918.42,Konnichiwa from hello-edge-node-e1zri in edge-node,3
2291,1589.094,Konnichiwa from hello-edge-node-e1zri in edge-node,6
2292,1751.542,Konnichiwa from hello-edge-node-e1zri in edge-node,10
2293,3255.833,Konnichiwa from hello-edge-node-e1zri in edge-node,3
2294,1752.392,Konnichiwa from hello-edge-node-e1zri in edge-node,6
2295,1434.2250000000001,Konnichiwa from hello-edge-node-e1zri in edge-node,10
2296,156.251,Konnichiwa from hello-edge-node-e1zri in edge-node,6
2297,1434.403,Konnichiwa from hello-edge-node-e1zri in edge-node,3
2298,2006.228,Konnichiwa from hello-edge-node-e1zri in edge-node,6
2299,1414.565,Konnichiwa from hello-edge-node-e1zri in edge-node,3
2300,20.399,Konnichiwa from hello-edge-node-e1zri in edge-node,10
2301,1986.905,Konnichiwa from hello-edge-node-e1zri in edge-node,6
2302,521.609,Konnichiwa from hello-edge-node-e1zri in edge-node,3
2303,914.466,Konnichiwa from hello-edge-node-e1zri in edge-node,10
2304,1092.3899999999999,Konnichiwa from hello-edge-node-e1zri in edge-node,6
2305,1414.055,Konnichiwa from hello-edge-node-e1zri in edge-node,3
2306,1928.164,Konnichiwa from hello-edge-node-e1zri in edge-node,10
2307,80.219,Konnichiwa from hello-edge-node-e1zri in edge-node,6
2308,2428.188,Konnichiwa from hello-edge-node-e1zri in edge-node,3
2309,913.585,Konnichiwa from hello-edge-node-e1zri in edge-node,10
2310,1593.999,Konnichiwa from hello-edge-node-e1zri in edge-node,6
2311,80.29899999999999,Konnichiwa from hello-edge-node-e1zri in edge-node,3
2312,2506.21,Konnichiwa from hello-edge-node-e1zri in edge-node,10
2313,756.361,Konnichiwa from hello-edge-node-e1zri in edge-node,3
2314,918.254,Konnichiwa from hello-edge-node-e1zri in edge-node,6
2315,1589.4859999999999,Konnichiwa from hello-edge-node-e1zri in edge-node,10
2316,1672.1779999999999,Konnichiwa from hello-edge-node-e1zri in edge-node,3
2317,1748.247,Konnichiwa from hello-edge-node-e1zri in edge-node,10
2318,1593.0,Konnichiwa from hello-edge-node-e1zri in edge-node,6
2319,82.649,Konnichiwa from hello-edge-node-e1zri in edge-node,3
2320,3339.9030000000002,Konnichiwa from hello-edge-node-e1zri in edge-node,10
2321,1587.718,Konnichiwa from hello-edge-node-e1zri in edge-node,3
2322,85.987,Konnichiwa from hello-edge-node-e1zri in edge-node,6
2323,1672.9830000000002,Konnichiwa from hello-edge-node-e1zri in edge-node,10
2324,1582.152,Konnichiwa from hello-edge-node-e1zri in edge-node,6
2325,91.671,Konnichiwa from hello-edge-node-e1zri in edge-node,3
2326,1006.5679999999999,Konnichiwa from hello-edge-node-e1zri in edge-node,10
2327,578.427,Konnichiwa from hello-edge-node-e1zri in edge-node,3
2328,1005.7529999999999,Konnichiwa from hello-edge-node-e1zri in edge-node,6
2329,1672.816,Konnichiwa from hello-edge-node-e1zri in edge-node,3
2330,88.57600000000001,Konnichiwa from hello-edge-node-e1zri in edge-node,6
2331,920.395,Konnichiwa from hello-edge-node-e1zri in edge-node,10
2332,753.9820000000001,Konnichiwa from hello-edge-node-e1zri in edge-node,3
2333,1006.1389999999999,Konnichiwa from hello-edge-node-e1zri in edge-node,6
2334,1583.322,Konnichiwa from hello-edge-node-e1zri in edge-node,3
2335,1005.7609999999999,Konnichiwa from hello-edge-node-e1zri in edge-node,10
2336,754.5699999999999,Konnichiwa from hello-edge-node-e1zri in edge-node,3
2337,2586.605,Konnichiwa from hello-edge-node-e1zri in edge-node,6
2338,3339.0930000000003,Konnichiwa from hello-edge-node-e1zri in edge-node,10
2339,5006.227,Konnichiwa from hello-edge-node-e1zri in edge-node,6
2340,330.946,Konnichiwa from hello-edge-node-e1zri in edge-node,10
2341,1343.3059999999998,Konnichiwa from hello-edge-node-e1zri in edge-node,3
2342,1255.787,Konnichiwa from hello-edge-node-e1zri in edge-node,6
2343,1671.872,Konnichiwa from hello-edge-node-e1zri in edge-node,3
2344,739.885,Konnichiwa from hello-edge-node-e1zri in edge-node,6
2345,517.5600000000001,Konnichiwa from hello-edge-node-e1zri in edge-node,10
2346,1157.316,Konnichiwa from hello-edge-node-e1zri in edge-node,3
2347,517.287,Konnichiwa from hello-edge-node-e1zri in edge-node,6
2348,739.7289999999999,Konnichiwa from hello-edge-node-e1zri in edge-node,10
2349,933.7860000000001,Konnichiwa from hello-edge-node-e1zri in edge-node,3
2350,740.522,Konnichiwa from hello-edge-node-e1zri in edge-node,6
2351,1671.902,Konnichiwa from hello-edge-node-e1zri in edge-node,10
2352,931.038,Konnichiwa from hello-edge-node-e1zri in edge-node,6
2353,743.5310000000001,Konnichiwa from hello-edge-node-e1zri in edge-node,3
2354,2599.228,Konnichiwa from hello-edge-node-e1zri in edge-node,10
2355,741.193,Konnichiwa from hello-edge-node-e1zri in edge-node,6
2356,933.762,Konnichiwa from hello-edge-node-e1zri in edge-node,3
2357,2407.08,Konnichiwa from hello-edge-node-e1zri in edge-node,10
2358,933.3209999999999,Konnichiwa from hello-edge-node-e1zri in edge-node,6
2359,740.403,Konnichiwa from hello-edge-node-e1zri in edge-node,3
2360,1672.717,Konnichiwa from hello-edge-node-e1zri in edge-node,10
2361,928.963,Konnichiwa from hello-edge-node-e1zri in edge-node,3
2362,745.121,Konnichiwa from hello-edge-node-e1zri in edge-node,6
2363,928.843,Konnichiwa from hello-edge-node-e1zri in edge-node,10
2364,190.107,Konnichiwa from hello-edge-node-e1zri in edge-node,3
2365,1067.759,Konnichiwa from hello-edge-node-e1zri in edge-node,6
2366,606.574,Konnichiwa from hello-edge-node-e1zri in edge-node,10
2367,511.391,Konnichiwa from hello-edge-node-e1zri in edge-node,3
2368,746.0759999999999,Konnichiwa from hello-edge-node-e1zri in edge-node,6
2369,927.006,Konnichiwa from hello-edge-node-e1zri in edge-node,10
2370,191.06300000000002,Konnichiwa from hello-edge-node-e1zri in edge-node,3
2371,1067.411,Konnichiwa from hello-edge-node-e1zri in edge-node,6
2372,607.344,Konnichiwa from hello-edge-node-e1zri in edge-node,10
2373,512.212,Konnichiwa from hello-edge-node-e1zri in edge-node,3
2374,746.548,Konnichiwa from hello-edge-node-e1zri in edge-node,6
2375,1117.3519999999999,Konnichiwa from hello-edge-node-e1zri in edge-node,10
2376,147.22199999999998,Konnichiwa from hello-edge-node-e1zri in edge-node,6
2377,1111.394,Konnichiwa from hello-edge-node-e1zri in edge-node,3
2378,6.1370000000000005,Konnichiwa from hello-edge-node-e1zri in edge-node,10
2379,1254.3580000000002,Konnichiwa from hello-edge-node-e1zri in edge-node,6
2380,748.655,Konnichiwa from hello-edge-node-e1zri in edge-node,10
2381,1758.818,Konnichiwa from hello-edge-node-e1zri in edge-node,3
2382,2005.4270000000001,Konnichiwa from hello-edge-node-e1zri in edge-node,6
2383,1246.5900000000001,Konnichiwa from hello-edge-node-e1zri in edge-node,3
2384,1266.821,Konnichiwa from hello-edge-node-e1zri in edge-node,10
2385,1248.343,Konnichiwa from hello-edge-node-e1zri in edge-node,6
2386,2508.2529999999997,Konnichiwa from hello-edge-node-e1zri in edge-node,3
2387,1260.41,Konnichiwa from hello-edge-node-e1zri in edge-node,6
2388,1006.585,Konnichiwa from hello-edge-node-e1zri in edge-node,10
2389,242.239,Konnichiwa from hello-edge-node-e1zri in edge-node,6
2390,1006.3969999999999,Konnichiwa from hello-edge-node-e1zri in edge-node,3
2391,2505.2340000000004,Konnichiwa from hello-edge-node-e1zri in edge-node,6
2392,1006.387,Konnichiwa from hello-edge-node-e1zri in edge-node,3
2393,1117.3809999999999,Konnichiwa from hello-edge-node-e1zri in edge-node,6
2394,1005.3209999999999,Konnichiwa from hello-edge-node-e1zri in edge-node,3
2395,1116.086,Konnichiwa from hello-edge-node-e1zri in edge-node,6
2396,1005.9149999999998,Konnichiwa from hello-edge-node-e1zri in edge-node,3
2397,1017.3149999999999,Konnichiwa from hello-edge-node-e1zri in edge-node,6
2398,101.705,Konnichiwa from hello-edge-node-e1zri in edge-node,10
2399,1907.265,Konnichiwa from hello-edge-node-e1zri in edge-node,3
2400,601.1379999999999,Konnichiwa from hello-edge-node-e1zri in edge-node,6
2401,516.279,Konnichiwa from hello-edge-node-e1zri in edge-node,10
2402,1491.144,Konnichiwa from hello-edge-node-e1zri in edge-node,3
2403,1016.185,Konnichiwa from hello-edge-node-e1zri in edge-node,6
2404,102.684,Konnichiwa from hello-edge-node-e1zri in edge-node,10
2405,1904.851,Konnichiwa from hello-edge-node-e1zri in edge-node,3
2406,602.133,Konnichiwa from hello-edge-node-e1zri in edge-node,6
2407,655.278,Konnichiwa from hello-edge-node-e1zri in edge-node,10
2408,1352.0529999999999,Konnichiwa from hello-edge-node-e1zri in edge-node,3
2409,1155.3990000000001,Konnichiwa from hello-edge-node-e1zri in edge-node,6
2410,102.062,Konnichiwa from hello-edge-node-e1zri in edge-node,10
2411,1256.649,Konnichiwa from hello-edge-node-e1zri in edge-node,3
2412,651.551,Konnichiwa from hello-edge-node-e1zri in edge-node,10
2413,604.974,Konnichiwa from hello-edge-node-e1zri in edge-node,6
2414,652.42,Konnichiwa from hello-edge-node-e1zri in edge-node,3
2415,1254.8919999999998,Konnichiwa from hello-edge-node-e1zri in edge-node,10
2416,101.825,Konnichiwa from hello-edge-node-e1zri in edge-node,3
2417,1154.663,Konnichiwa from hello-edge-node-e1zri in edge-node,6
2418,102.85600000000001,Konnichiwa from hello-edge-node-e1zri in edge-node,10
2419,1255.08,Konnichiwa from hello-edge-node-e1zri in edge-node,3
2420,651.304,Konnichiwa from hello-edge-node-e1zri in edge-node,10
2421,784.822,Konnichiwa from hello-edge-node-e1zri in edge-node,6
2422,472.781,Konnichiwa from hello-edge-node-e1zri in edge-node,3
2423,1433.413,Konnichiwa from hello-edge-node-e1zri in edge-node,10
2424,102.99600000000001,Konnichiwa from hello-edge-node-e1zri in edge-node,3
2425,1434.1770000000001,Konnichiwa from hello-edge-node-e1zri in edge-node,6
2426,139.066,Konnichiwa from hello-edge-node-e1zri in edge-node,3
2427,1433.724,Konnichiwa from hello-edge-node-e1zri in edge-node,10
2428,103.187,Konnichiwa from hello-edge-node-e1zri in edge-node,3
2429,1433.994,Konnichiwa from hello-edge-node-e1zri in edge-node,6
2430,138.74900000000002,Konnichiwa from hello-edge-node-e1zri in edge-node,3
2431,1434.104,Konnichiwa from hello-edge-node-e1zri in edge-node,10
2432,103.17999999999999,Konnichiwa from hello-edge-node-e1zri in edge-node,3
2433,1437.67,Konnichiwa from hello-edge-node-e1zri in edge-node,6
2434,138.59199999999998,Konnichiwa from hello-edge-node-e1zri in edge-node,3
2435,1539.453,Konnichiwa from hello-edge-node-e1zri in edge-node,10
2436,469.117,Konnichiwa from hello-edge-node-e1zri in edge-node,6
2437,1204.673,Konnichiwa from hello-edge-node-e1zri in edge-node,3
2438,468.494,Konnichiwa from hello-edge-node-e1zri in edge-node,10
2439,1538.488,Konnichiwa from hello-edge-node-e1zri in edge-node,6
2440,970.1469999999999,Konnichiwa from hello-edge-node-e1zri in edge-node,3
2441,2006.249,Konnichiwa from hello-edge-node-e1zri in edge-node,10
2442,365.82,Konnichiwa from hello-edge-node-e1zri in edge-node,3
2443,2006.1939999999997,Konnichiwa from hello-edge-node-e1zri in edge-node,6
2444,137.275,Konnichiwa from hello-edge-node-e1zri in edge-node,3
2445,2505.232,Konnichiwa from hello-edge-node-e1zri in edge-node,10
2446,700.47,Konnichiwa from hello-edge-node-e1zri in edge-node,3
2447,1806.744,Konnichiwa from hello-edge-node-e1zri in edge-node,6
2448,700.716,Konnichiwa from hello-edge-node-e1zri in edge-node,10
2449,306.842,Konnichiwa from hello-edge-node-e1zri in edge-node,3
2450,1368.1509999999998,Konnichiwa from hello-edge-node-e1zri in edge-node,6
2451,1006.4900000000001,Konnichiwa from hello-edge-node-e1zri in edge-node,10
2452,136.97500000000002,Konnichiwa from hello-edge-node-e1zri in edge-node,6
2453,1006.521,Konnichiwa from hello-edge-node-e1zri in edge-node,3
2454,534.288,Konnichiwa from hello-edge-node-e1zri in edge-node,6
2455,1004.597,Konnichiwa from hello-edge-node-e1zri in edge-node,10
2456,969.971,Konnichiwa from hello-edge-node-e1zri in edge-node,6
2457,703.507,Konnichiwa from hello-edge-node-e1zri in edge-node,3
2458,303.77700000000004,Konnichiwa from hello-edge-node-e1zri in edge-node,10
2459,1671.821,Konnichiwa from hello-edge-node-e1zri in edge-node,6
2460,1004.929,Konnichiwa from hello-edge-node-e1zri in edge-node,10
2461,364.77799999999996,Konnichiwa from hello-edge-node-e1zri in edge-node,6
2462,1309.991,Konnichiwa from hello-edge-node-e1zri in edge-node,3
2463,3339.3559999999998,Konnichiwa from hello-edge-node-e1zri in edge-node,10
2464,361.242,Konnichiwa from hello-edge-node-e1zri in edge-node,3
2465,2146.924,Konnichiwa from hello-edge-node-e1zri in edge-node,6
2466,1194.537,Konnichiwa from hello-edge-node-e1zri in edge-node,10
2467,2506.157,Konnichiwa from hello-edge-node-e1zri in edge-node,3
2468,1307.585,Konnichiwa from hello-edge-node-e1zri in edge-node,10
2469,1200.487,Konnichiwa from hello-edge-node-e1zri in edge-node,6
2470,1307.727,Konnichiwa from hello-edge-node-e1zri in edge-node,3
2471,2505.81,Konnichiwa from hello-edge-node-e1zri in edge-node,10
2472,3339.629,Konnichiwa from hello-edge-node-e1zri in edge-node,3
2473,2505.632,Konnichiwa from hello-edge-node-e1zri in edge-node,10
2474,354.827,Konnichiwa from hello-edge-node-e1zri in edge-node,3
2475,2506.2479999999996,Konnichiwa from hello-edge-node-e1zri in edge-node,6
2476,481.60900000000004,Konnichiwa from hello-edge-node-e1zri in edge-node,3
2477,527.505,Konnichiwa from hello-edge-node-e1zri in edge-node,10
2478,1979.393,Konnichiwa from hello-edge-node-e1zri in edge-node,6
2479,1004.9010000000001,Konnichiwa from hello-edge-node-e1zri in edge-node,3
2480,359.195,Konnichiwa from hello-edge-node-e1zri in edge-node,6
2481,1006.0690000000001,Konnichiwa from hello-edge-node-e1zri in edge-node,10
2482,1144.924,Konnichiwa from hello-edge-node-e1zri in edge-node,6
2483,1004.78,Konnichiwa from hello-edge-node-e1zri in edge-node,3
2484,361.58099999999996,Konnichiwa from hello-edge-node-e1zri in edge-node,6
2485,1005.489,Konnichiwa from hello-edge-node-e1zri in edge-node,10
2486,1142.4730000000002,Konnichiwa from hello-edge-node-e1zri in edge-node,6
2487,1006.0910000000001,Konnichiwa from hello-edge-node-e1zri in edge-node,3
2488,360.9,Konnichiwa from hello-edge-node-e1zri in edge-node,6
2489,2007.0480000000002,Konnichiwa from hello-edge-node-e1zri in edge-node,10
2490,975.673,Konnichiwa from hello-edge-node-e1zri in edge-node,6
2491,1531.8639999999998,Konnichiwa from hello-edge-node-e1zri in edge-node,3
2492,475.731,Konnichiwa from hello-edge-node-e1zri in edge-node,10
2493,2865.3849999999998,Konnichiwa from hello-edge-node-e1zri in edge-node,6
2494,2005.3269999999998,Konnichiwa from hello-edge-node-e1zri in edge-node,3
2495,1264.076,Konnichiwa from hello-edge-node-e1zri in edge-node,6
2496,3885.008,Konnichiwa from hello-edge-node-e1zri in edge-node,3
2497,1131.55,Konnichiwa from hello-edge-node-e1zri in edge-node,10
2498,126.751,Konnichiwa from hello-edge-node-e1zri in edge-node,6
2499,1132.4,Konnichiwa from hello-edge-node-e1zri in edge-node,3
2500,1255.6860000000001,Konnichiwa from hello-edge-node-e1zri in edge-node,10
2501,1256.1970000000001,Konnichiwa from hello-edge-node-e1zri in edge-node,3
2502,1368.145,Konnichiwa from hello-edge-node-e1zri in edge-node,10
2503,1255.155,Konnichiwa from hello-edge-node-e1zri in edge-node,6
2504,720.182,Konnichiwa from hello-edge-node-e1zri in edge-node,10
2505,1254.9850000000001,Konnichiwa from hello-edge-node-e1zri in edge-node,3
2506,534.6619999999999,Konnichiwa from hello-edge-node-e1zri in edge-node,10
2507,1256.018,Konnichiwa from hello-edge-node-e1zri in edge-node,6
2508,1551.55,Konnichiwa from hello-edge-node-e1zri in edge-node,10
2509,955.643,Konnichiwa from hello-edge-node-e1zri in edge-node,3
2510,719.249,Konnichiwa from hello-edge-node-e1zri in edge-node,6
2511,2505.8940000000002,Konnichiwa from hello-edge-node-e1zri in edge-node,10
2512,117.794,Konnichiwa from hello-edge-node-e1zri in edge-node,6
2513,1555.832,Konnichiwa from hello-edge-node-e1zri in edge-node,3
2514,951.02,Konnichiwa from hello-edge-node-e1zri in edge-node,10
2515,1056.421,Konnichiwa from hello-edge-node-e1zri in edge-node,6
2516,618.4399999999999,Konnichiwa from hello-edge-node-e1zri in edge-node,3
2517,1889.5420000000001,Konnichiwa from hello-edge-node-e1zri in edge-node,10
2518,118.093,Konnichiwa from hello-edge-node-e1zri in edge-node,6
2519,1889.7269999999999,Konnichiwa from hello-edge-node-e1zri in edge-node,3
2520,617.191,Konnichiwa from hello-edge-node-e1zri in edge-node,10
2521,1389.4759999999999,Konnichiwa from hello-edge-node-e1zri in edge-node,6
2522,618.2339999999999,Konnichiwa from hello-edge-node-e1zri in edge-node,3
2523,1888.963,Konnichiwa from hello-edge-node-e1zri in edge-node,10
2524,118.248,Konnichiwa from hello-edge-node-e1zri in edge-node,6
2525,1888.106,Konnichiwa from hello-edge-node-e1zri in edge-node,3
2526,619.433,Konnichiwa from hello-edge-node-e1zri in edge-node,10
2527,1888.056,Konnichiwa from hello-edge-node-e1zri in edge-node,6
2528,119.311,Konnichiwa from hello-edge-node-e1zri in edge-node,3
2529,2504.992,Konnichiwa from hello-edge-node-e1zri in edge-node,10
2530,718.761,Konnichiwa from hello-edge-node-e1zri in edge-node,3
2531,1289.952,Konnichiwa from hello-edge-node-e1zri in edge-node,6
2532,1217.11,Konnichiwa from hello-edge-node-e1zri in edge-node,10
2533,2005.168,Konnichiwa from hello-edge-node-e1zri in edge-node,3
2534,120.785,Konnichiwa from hello-edge-node-e1zri in edge-node,10
2535,2005.087,Konnichiwa from hello-edge-node-e1zri in edge-node,6
2536,1217.442,Konnichiwa from hello-edge-node-e1zri in edge-node,10
2537,2006.1840000000002,Konnichiwa from hello-edge-node-e1zri in edge-node,3
2538,118.961,Konnichiwa from hello-edge-node-e1zri in edge-node,10
2539,2006.847,Konnichiwa from hello-edge-node-e1zri in edge-node,6
2540,1217.4,Konnichiwa from hello-edge-node-e1zri in edge-node,10
2541,1290.8029999999999,Konnichiwa from hello-edge-node-e1zri in edge-node,3
2542,716.5780000000001,Konnichiwa from hello-edge-node-e1zri in edge-node,6
2543,2506.0750000000003,Konnichiwa from hello-edge-node-e1zri in edge-node,10
2544,120.174,Konnichiwa from hello-edge-node-e1zri in edge-node,6
2545,1888.9689999999998,Konnichiwa from hello-edge-node-e1zri in edge-node,3
2546,620.3689999999999,Konnichiwa from hello-edge-node-e1zri in edge-node,10
2547,2722.121,Konnichiwa from hello-edge-node-e1zri in edge-node,6
2548,2286.84,Konnichiwa from hello-edge-node-e1zri in edge-node,3
2549,1054.908,Konnichiwa from hello-edge-node-e1zri in edge-node,10
2550,2285.844,Konnichiwa from hello-edge-node-e1zri in edge-node,6
2551,2721.5440000000003,Konnichiwa from hello-edge-node-e1zri in edge-node,3
2552,618.66,Konnichiwa from hello-edge-node-e1zri in edge-node,10
2553,1389.318,Konnichiwa from hello-edge-node-e1zri in edge-node,6
2554,618.402,Konnichiwa from hello-edge-node-e1zri in edge-node,3
2555,2005.0780000000002,Konnichiwa from hello-edge-node-e1zri in edge-node,10
2556,2004.651,Konnichiwa from hello-edge-node-e1zri in edge-node,3
2557,383.09,Konnichiwa from hello-edge-node-e1zri in edge-node,10
2558,1623.7649999999999,Konnichiwa from hello-edge-node-e1zri in edge-node,6
2559,383.19,Konnichiwa from hello-edge-node-e1zri in edge-node,3
2560,2005.5740000000003,Konnichiwa from hello-edge-node-e1zri in edge-node,10
2561,2006.274,Konnichiwa from hello-edge-node-e1zri in edge-node,3
2562,616.0609999999999,Konnichiwa from hello-edge-node-e1zri in edge-node,10
2563,1391.909,Konnichiwa from hello-edge-node-e1zri in edge-node,6
2564,614.665,Konnichiwa from hello-edge-node-e1zri in edge-node,3
2565,2005.2620000000002,Konnichiwa from hello-edge-node-e1zri in edge-node,10
2566,2005.1760000000002,Konnichiwa from hello-edge-node-e1zri in edge-node,3
2567,2005.128,Konnichiwa from hello-edge-node-e1zri in edge-node,10
2568,2005.691,Konnichiwa from hello-edge-node-e1zri in edge-node,3
2569,1379.8120000000001,Konnichiwa from hello-edge-node-e1zri in edge-node,10
2570,1961.9470000000001,Konnichiwa from hello-edge-node-e1zri in edge-node,6
2571,46.541,Konnichiwa from hello-edge-node-e1zri in edge-node,3
2572,1391.533,Konnichiwa from hello-edge-node-e1zri in edge-node,10
2573,1949.656,Konnichiwa from hello-edge-node-e1zri in edge-node,6
2574,57.487,Konnichiwa from hello-edge-node-e1zri in edge-node,3
2575,1378.757,Konnichiwa from hello-edge-node-e1zri in edge-node,10
2576,915.57,Konnichiwa from hello-edge-node-e1zri in edge-node,6
2577,1047.863,Konnichiwa from hello-edge-node-e1zri in edge-node,10
2578,387.96500000000003,Konnichiwa from hello-edge-node-e1zri in edge-node,3
2579,527.4060000000001,Konnichiwa from hello-edge-node-e1zri in edge-node,6
2580,1434.0720000000001,Konnichiwa from hello-edge-node-e1zri in edge-node,10
2581,914.26,Konnichiwa from hello-edge-node-e1zri in edge-node,6
2582,1672.793,Konnichiwa from hello-edge-node-e1zri in edge-node,10
2583,914.4290000000001,Konnichiwa from hello-edge-node-e1zri in edge-node,6
2584,1672.586,Konnichiwa from hello-edge-node-e1zri in edge-node,10
2585,914.755,Konnichiwa from hello-edge-node-e1zri in edge-node,6
2586,1672.2740000000001,Konnichiwa from hello-edge-node-e1zri in edge-node,10
2587,298.921,Konnichiwa from hello-edge-node-e1zri in edge-node,6
2588,1672.806,Konnichiwa from hello-edge-node-e1zri in edge-node,3
2589,38.268,Konnichiwa from hello-edge-node-e1zri in edge-node,6
2590,1674.0459999999998,Konnichiwa from hello-edge-node-e1zri in edge-node,10
2591,298.61199999999997,Konnichiwa from hello-edge-node-e1zri in edge-node,6
2592,1117.8310000000001,Konnichiwa from hello-edge-node-e1zri in edge-node,3
2593,594.208,Konnichiwa from hello-edge-node-e1zri in edge-node,6
2594,1116.2369999999999,Konnichiwa from hello-edge-node-e1zri in edge-node,10
2595,298.906,Konnichiwa from hello-edge-node-e1zri in edge-node,6
2596,1117.69,Konnichiwa from hello-edge-node-e1zri in edge-node,3
2597,592.6,Konnichiwa from hello-edge-node-e1zri in edge-node,6
2598,1116.6119999999999,Konnichiwa from hello-edge-node-e1zri in edge-node,10
2599,300.181,Konnichiwa from hello-edge-node-e1zri in edge-node,6
2600,1116.244,Konnichiwa from hello-edge-node-e1zri in edge-node,3
2601,592.552,Konnichiwa from hello-edge-node-e1zri in edge-node,6
2602,1117.317,Konnichiwa from hello-edge-node-e1zri in edge-node,10
2603,298.801,Konnichiwa from hello-edge-node-e1zri in edge-node,6
2604,1116.962,Konnichiwa from hello-edge-node-e1zri in edge-node,3
2605,594.686,Konnichiwa from hello-edge-node-e1zri in edge-node,6
2606,1435.634,Konnichiwa from hello-edge-node-e1zri in edge-node,10
2607,1312.609,Konnichiwa from hello-edge-node-e1zri in edge-node,6
2608,695.49,Konnichiwa from hello-edge-node-e1zri in edge-node,3
2609,741.15,Konnichiwa from hello-edge-node-e1zri in edge-node,10
2610,2005.239,Konnichiwa from hello-edge-node-e1zri in edge-node,6
2611,596.113,Konnichiwa from hello-edge-node-e1zri in edge-node,10
2612,840.933,Konnichiwa from hello-edge-node-e1zri in edge-node,3
2613,1166.15,Konnichiwa from hello-edge-node-e1zri in edge-node,6
2614,1434.1280000000002,Konnichiwa from hello-edge-node-e1zri in edge-node,10
2615,742.5899999999999,Konnichiwa from hello-edge-node-e1zri in edge-node,6
2616,839.858,Konnichiwa from hello-edge-node-e1zri in edge-node,3
2617,428.36800000000005,Konnichiwa from hello-edge-node-e1zri in edge-node,6
2618,839.253,Konnichiwa from hello-edge-node-e1zri in edge-node,10
2619,741.9630000000001,Konnichiwa from hello-edge-node-e1zri in edge-node,6
2620,839.554,Konnichiwa from hello-edge-node-e1zri in edge-node,3
2621,429.65799999999996,Konnichiwa from hello-edge-node-e1zri in edge-node,6
2622,838.529,Konnichiwa from hello-edge-node-e1zri in edge-node,10
2623,743.853,Konnichiwa from hello-edge-node-e1zri in edge-node,6
2624,839.1370000000001,Konnichiwa from hello-edge-node-e1zri in edge-node,3
2625,426.308,Konnichiwa from hello-edge-node-e1zri in edge-node,6
2626,839.529,Konnichiwa from hello-edge-node-e1zri in edge-node,10
2627,743.497,Konnichiwa from hello-edge-node-e1zri in edge-node,6
2628,838.641,Konnichiwa from hello-edge-node-e1zri in edge-node,3
2629,427.051,Konnichiwa from hello-edge-node-e1zri in edge-node,6
2630,839.368,Konnichiwa from hello-edge-node-e1zri in edge-node,10
2631,742.7479999999999,Konnichiwa from hello-edge-node-e1zri in edge-node,6
2632,1255.325,Konnichiwa from hello-edge-node-e1zri in edge-node,3
2633,1672.509,Konnichiwa from hello-edge-node-e1zri in edge-node,6
2634,1256.285,Konnichiwa from hello-edge-node-e1zri in edge-node,3
2635,1672.19,Konnichiwa from hello-edge-node-e1zri in edge-node,6
2636,1255.673,Konnichiwa from hello-edge-node-e1zri in edge-node,3
2637,1672.832,Konnichiwa from hello-edge-node-e1zri in edge-node,6
2638,1255.527,Konnichiwa from hello-edge-node-e1zri in edge-node,3
2639,1672.885,Konnichiwa from hello-edge-node-e1zri in edge-node,6
2640,70.37599999999999,Konnichiwa from hello-edge-node-e1zri in edge-node,3
2641,1434.545,Konnichiwa from hello-edge-node-e1zri in edge-node,10
2642,504.66599999999994,Konnichiwa from hello-edge-node-e1zri in edge-node,3
2643,1433.815,Konnichiwa from hello-edge-node-e1zri in edge-node,6
2644,570.036,Konnichiwa from hello-edge-node-e1zri in edge-node,3
2645,1434.98,Konnichiwa from hello-edge-node-e1zri in edge-node,10
2646,3.821,Konnichiwa from hello-edge-node-e1zri in edge-node,3
2647,1433.3700000000001,Konnichiwa from hello-edge-node-e1zri in edge-node,6
2648,1073.1280000000002,Konnichiwa from hello-edge-node-e1zri in edge-node,3
2649,933.779,Konnichiwa from hello-edge-node-e1zri in edge-node,10
2650,501.88,Konnichiwa from hello-edge-node-e1zri in edge-node,6
2651,2005.4599999999998,Konnichiwa from hello-edge-node-e1zri in edge-node,3
2652,835.446,Konnichiwa from hello-edge-node-e1zri in edge-node,6
2653,600.78,Konnichiwa from hello-edge-node-e1zri in edge-node,10
2654,835.76,Konnichiwa from hello-edge-node-e1zri in edge-node,3
2655,1433.318,Konnichiwa from hello-edge-node-e1zri in edge-node,6
2656,1073.701,Konnichiwa from hello-edge-node-e1zri in edge-node,3
2657,362.648,Konnichiwa from hello-edge-node-e1zri in edge-node,10
2658,1074.922,Konnichiwa from hello-edge-node-e1zri in edge-node,6
2659,1434.464,Konnichiwa from hello-edge-node-e1zri in edge-node,3
2660,833.2239999999999,Konnichiwa from hello-edge-node-e1zri in edge-node,6
2661,602.789,Konnichiwa from hello-edge-node-e1zri in edge-node,10
2662,833.493,Konnichiwa from hello-edge-node-e1zri in edge-node,3
2663,841.668,Konnichiwa from hello-edge-node-e1zri in edge-node,6
2664,595.1189999999999,Konnichiwa from hello-edge-node-e1zri in edge-node,10
2665,841.5129999999999,Konnichiwa from hello-edge-node-e1zri in edge-node,3
2666,832.896,Konnichiwa from hello-edge-node-e1zri in edge-node,6
2667,174.289,Konnichiwa from hello-edge-node-e1zri in edge-node,10
2668,743.418,Konnichiwa from hello-edge-node-e1zri in edge-node,3
2669,931.2669999999999,Konnichiwa from hello-edge-node-e1zri in edge-node,6
2670,75.553,Konnichiwa from hello-edge-node-e1zri in edge-node,10
2671,841.13,Konnichiwa from hello-edge-node-e1zri in edge-node,3
2672,832.6080000000001,Konnichiwa from hello-edge-node-e1zri in edge-node,6
2673,174.799,Konnichiwa from hello-edge-node-e1zri in edge-node,10
2674,741.14,Konnichiwa from hello-edge-node-e1zri in edge-node,3
2675,932.5219999999999,Konnichiwa from hello-edge-node-e1zri in edge-node,6
2676,74.687,Konnichiwa from hello-edge-node-e1zri in edge-node,10
2677,842.383,Konnichiwa from hello-edge-node-e1zri in edge-node,3
2678,831.644,Konnichiwa from hello-edge-node-e1zri in edge-node,6
2679,176.165,Konnichiwa from hello-edge-node-e1zri in edge-node,10
2680,740.655,Konnichiwa from hello-edge-node-e1zri in edge-node,3
2681,1006.1210000000001,Konnichiwa from hello-edge-node-e1zri in edge-node,6
2682,262.586,Konnichiwa from hello-edge-node-e1zri in edge-node,3
2683,653.4910000000001,Konnichiwa from hello-edge-node-e1zri in edge-node,10
2684,1855.142,Konnichiwa from hello-edge-node-e1zri in edge-node,6
2685,151.68300000000002,Konnichiwa from hello-edge-node-e1zri in edge-node,3
2686,2357.316,Konnichiwa from hello-edge-node-e1zri in edge-node,10
2687,149.761,Konnichiwa from hello-edge-node-e1zri in edge-node,6
2688,1858.86,Konnichiwa from hello-edge-node-e1zri in edge-node,3
2689,648.396,Konnichiwa from hello-edge-node-e1zri in edge-node,10
2690,1859.062,Konnichiwa from hello-edge-node-e1zri in edge-node,6
2691,148.26,Konnichiwa from hello-edge-node-e1zri in edge-node,3
2692,2359.784,Konnichiwa from hello-edge-node-e1zri in edge-node,10
2693,147.22299999999998,Konnichiwa from hello-edge-node-e1zri in edge-node,6
2694,2507.753,Konnichiwa from hello-edge-node-e1zri in edge-node,3
2695,2357.317,Konnichiwa from hello-edge-node-e1zri in edge-node,6
2696,2652.9660000000003,Konnichiwa from hello-edge-node-e1zri in edge-node,10
2697,689.083,Konnichiwa from hello-edge-node-e1zri in edge-node,3
2698,4319.216,Konnichiwa from hello-edge-node-e1zri in edge-node,6
2699,688.222,Konnichiwa from hello-edge-node-e1zri in edge-node,10
2700,1674.172,Konnichiwa from hello-edge-node-e1zri in edge-node,3
2701,980.654,Konnichiwa from hello-edge-node-e1zri in edge-node,10
2702,137.90099999999998,Konnichiwa from hello-edge-node-e1zri in edge-node,6
2703,1434.8780000000002,Konnichiwa from hello-edge-node-e1zri in edge-node,3
2704,103.332,Konnichiwa from hello-edge-node-e1zri in edge-node,6
2705,1016.03,Konnichiwa from hello-edge-node-e1zri in edge-node,10
2706,420.234,Konnichiwa from hello-edge-node-e1zri in edge-node,3
2707,1116.175,Konnichiwa from hello-edge-node-e1zri in edge-node,6
2708,138.929,Konnichiwa from hello-edge-node-e1zri in edge-node,3
2709,1117.157,Konnichiwa from hello-edge-node-e1zri in edge-node,10
2710,181.838,Konnichiwa from hello-edge-node-e1zri in edge-node,3
2711,1116.555,Konnichiwa from hello-edge-node-e1zri in edge-node,6
2712,377.378,Konnichiwa from hello-edge-node-e1zri in edge-node,3
2713,1058.5240000000001,Konnichiwa from hello-edge-node-e1zri in edge-node,10
2714,59.912,Konnichiwa from hello-edge-node-e1zri in edge-node,6
2715,1433.5549999999998,Konnichiwa from hello-edge-node-e1zri in edge-node,3
2716,1016.5889999999999,Konnichiwa from hello-edge-node-e1zri in edge-node,6
2717,419.259,Konnichiwa from hello-edge-node-e1zri in edge-node,10
2718,1255.346,Konnichiwa from hello-edge-node-e1zri in edge-node,3
2719,1252.4109999999998,Konnichiwa from hello-edge-node-e1zri in edge-node,6
2720,183.963,Konnichiwa from hello-edge-node-e1zri in edge-node,10
2721,1491.676,Konnichiwa from hello-edge-node-e1zri in edge-node,3
2722,1016.7109999999999,Konnichiwa from hello-edge-node-e1zri in edge-node,6
2723,420.073,Konnichiwa from hello-edge-node-e1zri in edge-node,10
2724,1254.0439999999999,Konnichiwa from hello-edge-node-e1zri in edge-node,3
2725,1252.567,Konnichiwa from hello-edge-node-e1zri in edge-node,6
2726,182.738,Konnichiwa from hello-edge-node-e1zri in edge-node,10
2727,1491.924,Konnichiwa from hello-edge-node-e1zri in edge-node,3
2728,515.892,Konnichiwa from hello-edge-node-e1zri in edge-node,6
2729,1158.6970000000001,Konnichiwa from hello-edge-node-e1zri in edge-node,10
2730,1350.399,Konnichiwa from hello-edge-node-e1zri in edge-node,3
2731,657.6149999999999,Konnichiwa from hello-edge-node-e1zri in edge-node,6
2732,1017.231,Konnichiwa from hello-edge-node-e1zri in edge-node,10
2733,1489.676,Konnichiwa from hello-edge-node-e1zri in edge-node,3
2734,517.317,Konnichiwa from hello-edge-node-e1zri in edge-node,6
2735,1156.381,Konnichiwa from hello-edge-node-e1zri in edge-node,10
2736,1350.2559999999999,Konnichiwa from hello-edge-node-e1zri in edge-node,3
2737,656.956,Konnichiwa from hello-edge-node-e1zri in edge-node,6
2738,1017.895,Konnichiwa from hello-edge-node-e1zri in edge-node,10
2739,1489.978,Konnichiwa from hello-edge-node-e1zri in edge-node,3
2740,915.114,Konnichiwa from hello-edge-node-e1zri in edge-node,6
2741,106.69,Konnichiwa from hello-edge-node-e1zri in edge-node,3
2742,915.534,Konnichiwa from hello-edge-node-e1zri in edge-node,10
2743,2322.061,Konnichiwa from hello-edge-node-e1zri in edge-node,3
2744,186.001,Konnichiwa from hello-edge-node-e1zri in edge-node,6
2745,729.734,Konnichiwa from hello-edge-node-e1zri in edge-node,10
2746,2506.728,Konnichiwa from hello-edge-node-e1zri in edge-node,3
2747,106.192,Konnichiwa from hello-edge-node-e1zri in edge-node,10
2748,811.2080000000001,Konnichiwa from hello-edge-node-e1zri in edge-node,6
2749,1696.0910000000001,Konnichiwa from hello-edge-node-e1zri in edge-node,3
2750,1644.895,Konnichiwa from hello-edge-node-e1zri in edge-node,10
2751,1257.348,Konnichiwa from hello-edge-node-e1zri in edge-node,6
2752,2107.846,Konnichiwa from hello-edge-node-e1zri in edge-node,10
2753,1233.979,Konnichiwa from hello-edge-node-e1zri in edge-node,3
2754,22.485000000000003,Konnichiwa from hello-edge-node-e1zri in edge-node,6
2755,3338.514,Konnichiwa from hello-edge-node-e1zri in edge-node,10
2756,1255.4879999999998,Konnichiwa from hello-edge-node-e1zri in edge-node,6
2757,393.971,Konnichiwa from hello-edge-node-e1zri in edge-node,10
2758,1256.5049999999999,Konnichiwa from hello-edge-node-e1zri in edge-node,3
2759,1434.416,Konnichiwa from hello-edge-node-e1zri in edge-node,10
2760,259.326,Konnichiwa from hello-edge-node-e1zri in edge-node,3
2761,859.494,Konnichiwa from hello-edge-node-e1zri in edge-node,6
2762,576.27,Konnichiwa from hello-edge-node-e1zri in edge-node,10
2763,682.212,Konnichiwa from hello-edge-node-e1zri in edge-node,3
2764,435.533,Konnichiwa from hello-edge-node-e1zri in edge-node,6
2765,1000.844,Konnichiwa from hello-edge-node-e1zri in edge-node,10
2766,256.20300000000003,Konnichiwa from hello-edge-node-e1zri in edge-node,3
2767,862.244,Konnichiwa from hello-edge-node-e1zri in edge-node,6
2768,574.196,Konnichiwa from hello-edge-node-e1zri in edge-node,10
2769,683.119,Konnichiwa from hello-edge-node-e1zri in edge-node,3
2770,434.74600000000004,Konnichiwa from hello-edge-node-e1zri in edge-node,6
2771,1001.309,Konnichiwa from hello-edge-node-e1zri in edge-node,10
2772,255.877,Konnichiwa from hello-edge-node-e1zri in edge-node,3
2773,862.607,Konnichiwa from hello-edge-node-e1zri in edge-node,6
2774,573.311,Konnichiwa from hello-edge-node-e1zri in edge-node,10
2775,684.335,Konnichiwa from hello-edge-node-e1zri in edge-node,3
2776,434.936,Konnichiwa from hello-edge-node-e1zri in edge-node,6
2777,1255.748,Konnichiwa from hello-edge-node-e1zri in edge-node,10
2778,3319.0029999999997,Konnichiwa from hello-edge-node-e1zri in edge-node,6
2779,22.246,Konnichiwa from hello-edge-node-e1zri in edge-node,3
2780,5004.999,Konnichiwa from hello-edge-node-e1zri in edge-node,10
2781,3339.422,Konnichiwa from hello-edge-node-e1zri in edge-node,3
2782,1434.024,Konnichiwa from hello-edge-node-e1zri in edge-node,10
2783,212.376,Konnichiwa from hello-edge-node-e1zri in edge-node,3
2784,1433.781,Konnichiwa from hello-edge-node-e1zri in edge-node,6
2785,863.837,Konnichiwa from hello-edge-node-e1zri in edge-node,3
2786,573.0699999999999,Konnichiwa from hello-edge-node-e1zri in edge-node,10
2787,862.7629999999999,Konnichiwa from hello-edge-node-e1zri in edge-node,6
2788,1434.3429999999998,Konnichiwa from hello-edge-node-e1zri in edge-node,3
2789,211.543,Konnichiwa from hello-edge-node-e1zri in edge-node,6
2790,1225.195,Konnichiwa from hello-edge-node-e1zri in edge-node,10
2791,210.399,Konnichiwa from hello-edge-node-e1zri in edge-node,3
2792,1434.5349999999999,Konnichiwa from hello-edge-node-e1zri in edge-node,6
2793,864.212,Konnichiwa from hello-edge-node-e1zri in edge-node,3
2794,572.926,Konnichiwa from hello-edge-node-e1zri in edge-node,10
2795,685.882,Konnichiwa from hello-edge-node-e1zri in edge-node,6
2796,1434.402,Konnichiwa from hello-edge-node-e1zri in edge-node,3
2797,389.20500000000004,Konnichiwa from hello-edge-node-e1zri in edge-node,6
2798,867.757,Konnichiwa from hello-edge-node-e1zri in edge-node,10
2799,1139.944,Konnichiwa from hello-edge-node-e1zri in edge-node,3
2800,1255.5449999999998,Konnichiwa from hello-edge-node-e1zri in edge-node,6
2801,115.21000000000001,Konnichiwa from hello-edge-node-e1zri in edge-node,3
2802,1255.357,Konnichiwa from hello-edge-node-e1zri in edge-node,10
2803,639.411,Konnichiwa from hello-edge-node-e1zri in edge-node,3
2804,1256.143,Konnichiwa from hello-edge-node-e1zri in edge-node,6
2805,613.884,Konnichiwa from hello-edge-node-e1zri in edge-node,3
2806,1393.508,Konnichiwa from hello-edge-node-e1zri in edge-node,10
2807,614.567,Konnichiwa from hello-edge-node-e1zri in edge-node,6
2808,1892.864,Konnichiwa from hello-edge-node-e1zri in edge-node,3
2809,115.334,Konnichiwa from hello-edge-node-e1zri in edge-node,10
2810,1435.2849999999999,Konnichiwa from hello-edge-node-e1zri in edge-node,6
2811,458.98699999999997,Konnichiwa from hello-edge-node-e1zri in edge-node,10
2812,1435.066,Konnichiwa from hello-edge-node-e1zri in edge-node,3
2813,116.169,Konnichiwa from hello-edge-node-e1zri in edge-node,10
2814,1434.774,Konnichiwa from hello-edge-node-e1zri in edge-node,6
2815,458.818,Konnichiwa from hello-edge-node-e1zri in edge-node,10
2816,1434.567,Konnichiwa from hello-edge-node-e1zri in edge-node,3
2817,116.22300000000001,Konnichiwa from hello-edge-node-e1zri in edge-node,10
2818,1434.371,Konnichiwa from hello-edge-node-e1zri in edge-node,6
2819,958.996,Konnichiwa from hello-edge-node-e1zri in edge-node,10
2820,1049.1399999999999,Konnichiwa from hello-edge-node-e1zri in edge-node,3
2821,386.158,Konnichiwa from hello-edge-node-e1zri in edge-node,6
2822,2004.7440000000001,Konnichiwa from hello-edge-node-e1zri in edge-node,10
2823,118.247,Konnichiwa from hello-edge-node-e1zri in edge-node,6
2824,1673.1860000000001,Konnichiwa from hello-edge-node-e1zri in edge-node,3
2825,718.724,Konnichiwa from hello-edge-node-e1zri in edge-node,6
2826,1672.031,Konnichiwa from hello-edge-node-e1zri in edge-node,10
2827,117.657,Konnichiwa from hello-edge-node-e1zri in edge-node,6
2828,1671.683,Konnichiwa from hello-edge-node-e1zri in edge-node,3
2829,720.388,Konnichiwa from hello-edge-node-e1zri in edge-node,6
2830,952.926,Konnichiwa from hello-edge-node-e1zri in edge-node,10
2831,720.811,Konnichiwa from hello-edge-node-e1zri in edge-node,3
2832,1671.88,Konnichiwa from hello-edge-node-e1zri in edge-node,6
2833,116.8,Konnichiwa from hello-edge-node-e1zri in edge-node,3
2834,1558.307,Konnichiwa from hello-edge-node-e1zri in edge-node,10
2835,115.40899999999999,Konnichiwa from hello-edge-node-e1zri in edge-node,6
2836,1116.1080000000002,Konnichiwa from hello-edge-node-e1zri in edge-node,3
2837,1278.646,Konnichiwa from hello-edge-node-e1zri in edge-node,6
2838,395.171,Konnichiwa from hello-edge-node-e1zri in edge-node,10
2839,723.599,Konnichiwa from hello-edge-node-e1zri in edge-node,3
2840,1672.8639999999998,Konnichiwa from hello-edge-node-e1zri in edge-node,6
2841,112.536,Konnichiwa from hello-edge-node-e1zri in edge-node,3
2842,1006.32,Konnichiwa from hello-edge-node-e1zri in edge-node,10
2843,1500.928,Konnichiwa from hello-edge-node-e1zri in edge-node,6
2844,1007.4749999999999,Konnichiwa from hello-edge-node-e1zri in edge-node,3
2845,111.62700000000001,Konnichiwa from hello-edge-node-e1zri in edge-node,10
2846,2396.7290000000003,Konnichiwa from hello-edge-node-e1zri in edge-node,6
2847,111.688,Konnichiwa from hello-edge-node-e1zri in edge-node,3
2848,1325.2930000000001,Konnichiwa from hello-edge-node-e1zri in edge-node,10
2849,1181.598,Konnichiwa from hello-edge-node-e1zri in edge-node,6
2850,827.335,Konnichiwa from hello-edge-node-e1zri in edge-node,3
2851,608.248,Konnichiwa from hello-edge-node-e1zri in edge-node,10
2852,1899.28,Konnichiwa from hello-edge-node-e1zri in edge-node,6
2853,108.926,Konnichiwa from hello-edge-node-e1zri in edge-node,3
2854,1328.489,Konnichiwa from hello-edge-node-e1zri in edge-node,10
2855,2007.0079999999998,Konnichiwa from hello-edge-node-e1zri in edge-node,6
2856,1433.91,Konnichiwa from hello-edge-node-e1zri in edge-node,10
2857,243.654,Konnichiwa from hello-edge-node-e1zri in edge-node,6
2858,1762.845,Konnichiwa from hello-edge-node-e1zri in edge-node,3
2859,5005.4,Konnichiwa from hello-edge-node-e1zri in edge-node,10
2860,2506.573,Konnichiwa from hello-edge-node-e1zri in edge-node,3
2861,737.239,Konnichiwa from hello-edge-node-e1zri in edge-node,10
2862,1270.596,Konnichiwa from hello-edge-node-e1zri in edge-node,6
2863,1236.773,Konnichiwa from hello-edge-node-e1zri in edge-node,3
2864,2005.7710000000002,Konnichiwa from hello-edge-node-e1zri in edge-node,10
2865,100.816,Konnichiwa from hello-edge-node-e1zri in edge-node,3
2866,2006.335,Konnichiwa from hello-edge-node-e1zri in edge-node,6
2867,402.48,Konnichiwa from hello-edge-node-e1zri in edge-node,3
2868,2005.5269999999998,Konnichiwa from hello-edge-node-e1zri in edge-node,10
2869,935.331,Konnichiwa from hello-edge-node-e1zri in edge-node,3
2870,1118.06,Konnichiwa from hello-edge-node-e1zri in edge-node,6
2871,457.63599999999997,Konnichiwa from hello-edge-node-e1zri in edge-node,3
2872,1116.955,Konnichiwa from hello-edge-node-e1zri in edge-node,10
2873,1768.199,Konnichiwa from hello-edge-node-e1zri in edge-node,3
2874,739.294,Konnichiwa from hello-edge-node-e1zri in edge-node,6
2875,379.62600000000003,Konnichiwa from hello-edge-node-e1zri in edge-node,10
2876,1296.056,Konnichiwa from hello-edge-node-e1zri in edge-node,3
2877,1116.517,Konnichiwa from hello-edge-node-e1zri in edge-node,6
2878,96.679,Konnichiwa from hello-edge-node-e1zri in edge-node,3
2879,1116.595,Konnichiwa from hello-edge-node-e1zri in edge-node,10
2880,462.75600000000003,Konnichiwa from hello-edge-node-e1zri in edge-node,3
2881,1115.8619999999999,Konnichiwa from hello-edge-node-e1zri in edge-node,6
2882,431.55199999999996,Konnichiwa from hello-edge-node-e1zri in edge-node,3
2883,1243.5700000000002,Konnichiwa from hello-edge-node-e1zri in edge-node,10
2884,193.395,Konnichiwa from hello-edge-node-e1zri in edge-node,6
2885,1672.561,Konnichiwa from hello-edge-node-e1zri in edge-node,3
2886,144.13500000000002,Konnichiwa from hello-edge-node-e1zri in edge-node,6
2887,1291.858,Konnichiwa from hello-edge-node-e1zri in edge-node,10
2888,383.12600000000003,Konnichiwa from hello-edge-node-e1zri in edge-node,3
2889,1434.483,Konnichiwa from hello-edge-node-e1zri in edge-node,6
2890,191.409,Konnichiwa from hello-edge-node-e1zri in edge-node,3
2891,1434.749,Konnichiwa from hello-edge-node-e1zri in edge-node,10
2892,1716.134,Konnichiwa from hello-edge-node-e1zri in edge-node,3
2893,290.79,Konnichiwa from hello-edge-node-e1zri in edge-node,6
2894,1144.833,Konnichiwa from hello-edge-node-e1zri in edge-node,10
2895,2006.8959999999997,Konnichiwa from hello-edge-node-e1zri in edge-node,3
2896,190.654,Konnichiwa from hello-edge-node-e1zri in edge-node,10
2897,1484.705,Konnichiwa from hello-edge-node-e1zri in edge-node,6
2898,523.9169999999999,Konnichiwa from hello-edge-node-e1zri in edge-node,3
2899,1672.614,Konnichiwa from hello-edge-node-e1zri in edge-node,10
2900,1147.467,Konnichiwa from hello-edge-node-e1zri in edge-node,3
2901,859.745,Konnichiwa from hello-edge-node-e1zri in edge-node,6
2902,814.787,Konnichiwa from hello-edge-node-e1zri in edge-node,10
2903,1693.533,Konnichiwa from hello-edge-node-e1zri in edge-node,3
2904,313.908,Konnichiwa from hello-edge-node-e1zri in edge-node,6
2905,1360.1160000000002,Konnichiwa from hello-edge-node-e1zri in edge-node,10
2906,1148.6019999999999,Konnichiwa from hello-edge-node-e1zri in edge-node,3
2907,2193.066,Konnichiwa from hello-edge-node-e1zri in edge-node,6
2908,2505.6549999999997,Konnichiwa from hello-edge-node-e1zri in edge-node,10
2909,311.236,Konnichiwa from hello-edge-node-e1zri in edge-node,6
2910,1118.554,Konnichiwa from hello-edge-node-e1zri in edge-node,3
2911,1914.28,Konnichiwa from hello-edge-node-e1zri in edge-node,6
2912,1116.689,Konnichiwa from hello-edge-node-e1zri in edge-node,10
2913,1978.479,Konnichiwa from hello-edge-node-e1zri in edge-node,6
2914,1117.696,Konnichiwa from hello-edge-node-e1zri in edge-node,3
2915,246.79899999999998,Konnichiwa from hello-edge-node-e1zri in edge-node,6
2916,1116.817,Konnichiwa from hello-edge-node-e1zri in edge-node,10
2917,3339.698,Konnichiwa from hello-edge-node-e1zri in edge-node,6
2918,1672.75,Konnichiwa from hello-edge-node-e1zri in edge-node,10
2919,3338.804,Konnichiwa from hello-edge-node-e1zri in edge-node,6
2920,299.692,Konnichiwa from hello-edge-node-e1zri in edge-node,10
2921,1374.069,Konnichiwa from hello-edge-node-e1zri in edge-node,3
2922,62.118,Konnichiwa from hello-edge-node-e1zri in edge-node,6
2923,1671.6409999999998,Konnichiwa from hello-edge-node-e1zri in edge-node,10
2924,1433.9409999999998,Konnichiwa from hello-edge-node-e1zri in edge-node,6
2925,176.612,Konnichiwa from hello-edge-node-e1zri in edge-node,10
2926,1433.522,Konnichiwa from hello-edge-node-e1zri in edge-node,3
2927,65.68,Konnichiwa from hello-edge-node-e1zri in edge-node,10
2928,1434.518,Konnichiwa from hello-edge-node-e1zri in edge-node,6
2929,1842.351,Konnichiwa from hello-edge-node-e1zri in edge-node,10
2930,165.833,Konnichiwa from hello-edge-node-e1zri in edge-node,3
2931,1270.509,Konnichiwa from hello-edge-node-e1zri in edge-node,6
2932,2005.788,Konnichiwa from hello-edge-node-e1zri in edge-node,10
2933,66.221,Konnichiwa from hello-edge-node-e1zri in edge-node,6
2934,943.842,Konnichiwa from hello-edge-node-e1zri in edge-node,3
2935,1064.08,Konnichiwa from hello-edge-node-e1zri in edge-node,10
2936,1006.4,Konnichiwa from hello-edge-node-e1zri in edge-node,6
2937,1273.597,Konnichiwa from hello-edge-node-e1zri in edge-node,10
2938,734.229,Konnichiwa from hello-edge-node-e1zri in edge-node,3
2939,273.16,Konnichiwa from hello-edge-node-e1zri in edge-node,6
2940,2506.876,Konnichiwa from hello-edge-node-e1zri in edge-node,10
2941,563.4010000000001,Konnichiwa from hello-edge-node-e1zri in edge-node,6
2942,444.531,Konnichiwa from hello-edge-node-e1zri in edge-node,3
2943,2063.451,Konnichiwa from hello-edge-node-e1zri in edge-node,10
2944,1277.961,Konnichiwa from hello-edge-node-e1zri in edge-node,6
2945,1232.268,Konnichiwa from hello-edge-node-e1zri in edge-node,3
2946,1277.749,Konnichiwa from hello-edge-node-e1zri in edge-node,10
2947,1231.682,Konnichiwa from hello-edge-node-e1zri in edge-node,6
2948,1275.9769999999999,Konnichiwa from hello-edge-node-e1zri in edge-node,3
2949,2506.051,Konnichiwa from hello-edge-node-e1zri in edge-node,10
2950,1227.963,Konnichiwa from hello-edge-node-e1zri in edge-node,3
2951,1279.327,Konnichiwa from hello-edge-node-e1zri in edge-node,6
2952,1228.487,Konnichiwa from hello-edge-node-e1zri in edge-node,10
2953,1674.1779999999999,Konnichiwa from hello-edge-node-e1zri in edge-node,3
2954,1434.0159999999998,Konnichiwa from hello-edge-node-e1zri in edge-node,10
2955,674.421,Konnichiwa from hello-edge-node-e1zri in edge-node,3
2956,999.1759999999999,Konnichiwa from hello-edge-node-e1zri in edge-node,6
2957,436.61499999999995,Konnichiwa from hello-edge-node-e1zri in edge-node,10
2958,1671.872,Konnichiwa from hello-edge-node-e1zri in edge-node,3
2959,1433.829,Konnichiwa from hello-edge-node-e1zri in edge-node,10
2960,1469.578,Konnichiwa from hello-edge-node-e1zri in edge-node,3
2961,220.267,Konnichiwa from hello-edge-node-e1zri in edge-node,6
2962,1217.845,Konnichiwa from hello-edge-node-e1zri in edge-node,10
2963,3791.969,Konnichiwa from hello-edge-node-e1zri in edge-node,3
2964,1216.481,Konnichiwa from hello-edge-node-e1zri in edge-node,6
2965,791.344,Konnichiwa from hello-edge-node-e1zri in edge-node,10
2966,466.565,Konnichiwa from hello-edge-node-e1zri in edge-node,3
2967,2005.4050000000002,Konnichiwa from hello-edge-node-e1zri in edge-node,6
2968,1255.5449999999998,Konnichiwa from hello-edge-node-e1zri in edge-node,3
2969,1283.6909999999998,Konnichiwa from hello-edge-node-e1zri in edge-node,6
2970,723.587,Konnichiwa from hello-edge-node-e1zri in edge-node,10
2971,533.597,Konnichiwa from hello-edge-node-e1zri in edge-node,3
2972,2005.3220000000001,Konnichiwa from hello-edge-node-e1zri in edge-node,6
2973,1257.259,Konnichiwa from hello-edge-node-e1zri in edge-node,3
2974,1216.698,Konnichiwa from hello-edge-node-e1zri in edge-node,6
2975,458.53,Konnichiwa from hello-edge-node-e1zri in edge-node,10
2976,2882.674,Konnichiwa from hello-edge-node-e1zri in edge-node,3
2977,1672.385,Konnichiwa from hello-edge-node-e1zri in edge-node,6
2978,453.97900000000004,Konnichiwa from hello-edge-node-e1zri in edge-node,3
2979,1671.392,Konnichiwa from hello-edge-node-e1zri in edge-node,10
2980,1217.337,Konnichiwa from hello-edge-node-e1zri in edge-node,3
2981,1291.2140000000002,Konnichiwa from hello-edge-node-e1zri in edge-node,6
2982,382.62,Konnichiwa from hello-edge-node-e1zri in edge-node,10
2983,2505.1169999999997,Konnichiwa from hello-edge-node-e1zri in edge-node,3
2984,454.808,Konnichiwa from hello-edge-node-e1zri in edge-node,10
2985,2504.967,Konnichiwa from hello-edge-node-e1zri in edge-node,6
2986,2006.0539999999999,Konnichiwa from hello-edge-node-e1zri in edge-node,10
2987,45.748,Konnichiwa from hello-edge-node-e1zri in edge-node,6
2988,2005.526,Konnichiwa from hello-edge-node-e1zri in edge-node,3
2989,1292.8919999999998,Konnichiwa from hello-edge-node-e1zri in edge-node,6
2990,2005.5819999999999,Konnichiwa from hello-edge-node-e1zri in edge-node,10
2991,1711.156,Konnichiwa from hello-edge-node-e1zri in edge-node,6
2992,1629.359,Konnichiwa from hello-edge-node-e1zri in edge-node,3
2993,378.634,Konnichiwa from hello-edge-node-e1zri in edge-node,10
2994,2129.883,Konnichiwa from hello-edge-node-e1zri in edge-node,6
2995,1211.4089999999999,Konnichiwa from hello-edge-node-e1zri in edge-node,3
2996,2505.953,Konnichiwa from hello-edge-node-e1zri in edge-node,10
2997,3340.537,Konnichiwa from hello-edge-node-e1zri in edge-node,3
2998,2505.2,Konnichiwa from hello-edge-node-e1zri in edge-node,10
2999,2119.564,Konnichiwa from hello-edge-node-e1zri in edge-node,3
3000,1221.286,Konnichiwa from hello-edge-node-e1zri in edge-node,6
3001,215.327,Konnichiwa from hello-edge-node-e1zri in edge-node,10
3002,1458.542,Konnichiwa from hello-edge-node-e1zri in edge-node,3
3003,1434.7289999999998,Konnichiwa from hello-edge-node-e1zri in edge-node,6
3004,449.07599999999996,Konnichiwa from hello-edge-node-e1zri in edge-node,3
3005,1224.886,Konnichiwa from hello-edge-node-e1zri in edge-node,10
3006,210.574,Konnichiwa from hello-edge-node-e1zri in edge-node,6
3007,1671.496,Konnichiwa from hello-edge-node-e1zri in edge-node,3
3008,628.839,Konnichiwa from hello-edge-node-e1zri in edge-node,6
3009,807.703,Konnichiwa from hello-edge-node-e1zri in edge-node,10
3010,1200.4589999999998,Konnichiwa from hello-edge-node-e1zri in edge-node,3
3011,1306.688,Konnichiwa from hello-edge-node-e1zri in edge-node,6
3012,368.226,Konnichiwa from hello-edge-node-e1zri in edge-node,10
3013,1639.327,Konnichiwa from hello-edge-node-e1zri in edge-node,3
3014,869.4079999999999,Konnichiwa from hello-edge-node-e1zri in edge-node,6
3015,804.237,Konnichiwa from hello-edge-node-e1zri in edge-node,10
3016,1202.816,Konnichiwa from hello-edge-node-e1zri in edge-node,3
3017,1304.225,Konnichiwa from hello-edge-node-e1zri in edge-node,6
3018,370.41200000000003,Konnichiwa from hello-edge-node-e1zri in edge-node,10
3019,1435.692,Konnichiwa from hello-edge-node-e1zri in edge-node,3
3020,204.261,Konnichiwa from hello-edge-node-e1zri in edge-node,10
3021,1433.595,Konnichiwa from hello-edge-node-e1zri in edge-node,6
3022,38.428999999999995,Konnichiwa from hello-edge-node-e1zri in edge-node,10
3023,1433.837,Konnichiwa from hello-edge-node-e1zri in edge-node,3
3024,203.793,Konnichiwa from hello-edge-node-e1zri in edge-node,10
3025,1433.817,Konnichiwa from hello-edge-node-e1zri in edge-node,6
3026,871.565,Konnichiwa from hello-edge-node-e1zri in edge-node,10
3027,802.147,Konnichiwa from hello-edge-node-e1zri in edge-node,3
3028,633.617,Konnichiwa from hello-edge-node-e1zri in edge-node,6
3029,1672.431,Konnichiwa from hello-edge-node-e1zri in edge-node,10
3030,202.89,Konnichiwa from hello-edge-node-e1zri in edge-node,6
3031,1472.394,Konnichiwa from hello-edge-node-e1zri in edge-node,3
3032,201.139,Konnichiwa from hello-edge-node-e1zri in edge-node,10
3033,1671.9440000000002,Konnichiwa from hello-edge-node-e1zri in edge-node,6
3034,637.1949999999999,Konnichiwa from hello-edge-node-e1zri in edge-node,10
3035,1673.334,Konnichiwa from hello-edge-node-e1zri in edge-node,3
3036,1672.255,Konnichiwa from hello-edge-node-e1zri in edge-node,10
3037,1029.645,Konnichiwa from hello-edge-node-e1zri in edge-node,3
3038,645.06,Konnichiwa from hello-edge-node-e1zri in edge-node,6
3039,1030.448,Konnichiwa from hello-edge-node-e1zri in edge-node,10
3040,1674.469,Konnichiwa from hello-edge-node-e1zri in edge-node,3
3041,1673.649,Konnichiwa from hello-edge-node-e1zri in edge-node,10
3042,634.011,Konnichiwa from hello-edge-node-e1zri in edge-node,3
3043,1039.541,Konnichiwa from hello-edge-node-e1zri in edge-node,6
3044,634.28,Konnichiwa from hello-edge-node-e1zri in edge-node,10
3045,1373.858,Konnichiwa from hello-edge-node-e1zri in edge-node,3
3046,303.37199999999996,Konnichiwa from hello-edge-node-e1zri in edge-node,6
3047,2007.854,Konnichiwa from hello-edge-node-e1zri in edge-node,10
3048,1034.3709999999999,Konnichiwa from hello-edge-node-e1zri in edge-node,6
3049,639.832,Konnichiwa from hello-edge-node-e1zri in edge-node,3
3050,1367.422,Konnichiwa from hello-edge-node-e1zri in edge-node,10
3051,1435.12,Konnichiwa from hello-edge-node-e1zri in edge-node,6
3052,540.323,Konnichiwa from hello-edge-node-e1zri in edge-node,10
3053,1433.2769999999998,Konnichiwa from hello-edge-node-e1zri in edge-node,3
3054,35.839000000000006,Konnichiwa from hello-edge-node-e1zri in edge-node,10
3055,1432.9389999999999,Konnichiwa from hello-edge-node-e1zri in edge-node,6
3056,1673.343,Konnichiwa from hello-edge-node-e1zri in edge-node,10
3057,201.995,Konnichiwa from hello-edge-node-e1zri in edge-node,6
3058,1233.958,Konnichiwa from hello-edge-node-e1zri in edge-node,3
3059,440.97700000000003,Konnichiwa from hello-edge-node-e1zri in edge-node,10
3060,1433.948,Konnichiwa from hello-edge-node-e1zri in edge-node,6
3061,1672.682,Konnichiwa from hello-edge-node-e1zri in edge-node,10
3062,1464.1589999999999,Konnichiwa from hello-edge-node-e1zri in edge-node,6
3063,544.0500000000001,Konnichiwa from hello-edge-node-e1zri in edge-node,3
3064,1130.388,Konnichiwa from hello-edge-node-e1zri in edge-node,10
3065,2004.85,Konnichiwa from hello-edge-node-e1zri in edge-node,6
3066,1434.739,Konnichiwa from hello-edge-node-e1zri in edge-node,10
3067,440.99899999999997,Konnichiwa from hello-edge-node-e1zri in edge-node,6
3068,1433.7040000000002,Konnichiwa from hello-edge-node-e1zri in edge-node,3
3069,134.42299999999997,Konnichiwa from hello-edge-node-e1zri in edge-node,6
3070,985.1220000000001,Konnichiwa from hello-edge-node-e1zri in edge-node,10
3071,451.762,Konnichiwa from hello-edge-node-e1zri in edge-node,3
3072,1116.3970000000002,Konnichiwa from hello-edge-node-e1zri in edge-node,6
3073,442.083,Konnichiwa from hello-edge-node-e1zri in edge-node,3
3074,994.187,Konnichiwa from hello-edge-node-e1zri in edge-node,10
3075,125.26200000000001,Konnichiwa from hello-edge-node-e1zri in edge-node,6
3076,1433.995,Konnichiwa from hello-edge-node-e1zri in edge-node,3
3077,118.936,Konnichiwa from hello-edge-node-e1zri in edge-node,6
3078,1000.585,Konnichiwa from hello-edge-node-e1zri in edge-node,10
3079,436.397,Konnichiwa from hello-edge-node-e1zri in edge-node,3
3080,1117.8570000000002,Konnichiwa from hello-edge-node-e1zri in edge-node,6
3081,122.485,Konnichiwa from hello-edge-node-e1zri in edge-node,3
3082,1118.0939999999998,Konnichiwa from hello-edge-node-e1zri in edge-node,10
3083,1672.262,Konnichiwa from hello-edge-node-e1zri in edge-node,3
3084,432.65500000000003,Konnichiwa from hello-edge-node-e1zri in edge-node,10
3085,826.0150000000001,Konnichiwa from hello-edge-node-e1zri in edge-node,6
3086,849.4580000000001,Konnichiwa from hello-edge-node-e1zri in edge-node,3
3087,1256.9470000000001,Konnichiwa from hello-edge-node-e1zri in edge-node,10
3088,1120.474,Konnichiwa from hello-edge-node-e1zri in edge-node,3
3089,119.25099999999999,Konnichiwa from hello-edge-node-e1zri in edge-node,10
3090,1116.484,Konnichiwa from hello-edge-node-e1zri in edge-node,6
3091,23.128,Konnichiwa from hello-edge-node-e1zri in edge-node,10
3092,1116.696,Konnichiwa from hello-edge-node-e1zri in edge-node,3
3093,1255.482,Konnichiwa from hello-edge-node-e1zri in edge-node,10
3094,949.4050000000001,Konnichiwa from hello-edge-node-e1zri in edge-node,3
3095,168.81099999999998,Konnichiwa from hello-edge-node-e1zri in edge-node,6
3096,1087.697,Konnichiwa from hello-edge-node-e1zri in edge-node,10
3097,1117.087,Konnichiwa from hello-edge-node-e1zri in edge-node,3
3098,2508.6569999999997,Konnichiwa from hello-edge-node-e1zri in edge-node,10
3099,298.28900000000004,Konnichiwa from hello-edge-node-e1zri in edge-node,3
3100,1710.1660000000002,Konnichiwa from hello-edge-node-e1zri in edge-node,6
3101,796.692,Konnichiwa from hello-edge-node-e1zri in edge-node,10
3102,2005.8229999999999,Konnichiwa from hello-edge-node-e1zri in edge-node,3
3103,2206.183,Konnichiwa from hello-edge-node-e1zri in edge-node,10
3104,300.913,Konnichiwa from hello-edge-node-e1zri in edge-node,6
3105,1706.519,Konnichiwa from hello-edge-node-e1zri in edge-node,3
3106,301.593,Konnichiwa from hello-edge-node-e1zri in edge-node,10
3107,955.894,Konnichiwa from hello-edge-node-e1zri in edge-node,6
3108,1051.28,Konnichiwa from hello-edge-node-e1zri in edge-node,3
3109,955.646,Konnichiwa from hello-edge-node-e1zri in edge-node,10
3110,301.66900000000004,Konnichiwa from hello-edge-node-e1zri in edge-node,6
3111,1372.536,Konnichiwa from hello-edge-node-e1zri in edge-node,3
3112,636.505,Konnichiwa from hello-edge-node-e1zri in edge-node,10
3113,621.989,Konnichiwa from hello-edge-node-e1zri in edge-node,6
3114,1052.928,Konnichiwa from hello-edge-node-e1zri in edge-node,3
3115,954.056,Konnichiwa from hello-edge-node-e1zri in edge-node,10
3116,303.66900000000004,Konnichiwa from hello-edge-node-e1zri in edge-node,6
3117,1370.577,Konnichiwa from hello-edge-node-e1zri in edge-node,3
3118,1137.31,Konnichiwa from hello-edge-node-e1zri in edge-node,10
3119,119.544,Konnichiwa from hello-edge-node-e1zri in edge-node,6
3120,1554.308,Konnichiwa from hello-edge-node-e1zri in edge-node,3
3121,952.144,Konnichiwa from hello-edge-node-e1zri in edge-node,10
3122,722.211,Konnichiwa from hello-edge-node-e1zri in edge-node,6
3123,715.037,Konnichiwa from hello-edge-node-e1zri in edge-node,3
3124,1685.843,Konnichiwa from hello-edge-node-e1zri in edge-node,10
3125,121.45,Konnichiwa from hello-edge-node-e1zri in edge-node,3
3126,1329.677,Konnichiwa from hello-edge-node-e1zri in edge-node,6
3127,343.746,Konnichiwa from hello-edge-node-e1zri in edge-node,10
3128,1433.5629999999999,Konnichiwa from hello-edge-node-e1zri in edge-node,3
3129,733.12,Konnichiwa from hello-edge-node-e1zri in edge-node,10
3130,942.169,Konnichiwa from hello-edge-node-e1zri in edge-node,6
3131,496.216,Konnichiwa from hello-edge-node-e1zri in edge-node,3
3132,1671.7900000000002,Konnichiwa from hello-edge-node-e1zri in edge-node,10
3133,2506.775,Konnichiwa from hello-edge-node-e1zri in edge-node,3
3134,337.46700000000004,Konnichiwa from hello-edge-node-e1zri in edge-node,10
3135,2170.285,Konnichiwa from hello-edge-node-e1zri in edge-node,6
3136,337.649,Konnichiwa from hello-edge-node-e1zri in edge-node,3
3137,2505.2059999999997,Konnichiwa from hello-edge-node-e1zri in edge-node,10
3138,2166.059,Konnichiwa from hello-edge-node-e1zri in edge-node,3
3139,342.053,Konnichiwa from hello-edge-node-e1zri in edge-node,6
3140,2165.3630000000003,Konnichiwa from hello-edge-node-e1zri in edge-node,10
3141,342.03499999999997,Konnichiwa from hello-edge-node-e1zri in edge-node,3
3142,1332.366,Konnichiwa from hello-edge-node-e1zri in edge-node,6
3143,342.41700000000003,Konnichiwa from hello-edge-node-e1zri in edge-node,10
3144,1673.119,Konnichiwa from hello-edge-node-e1zri in edge-node,3
3145,494.358,Konnichiwa from hello-edge-node-e1zri in edge-node,10
3146,1179.973,Konnichiwa from hello-edge-node-e1zri in edge-node,6
3147,493.93399999999997,Konnichiwa from hello-edge-node-e1zri in edge-node,3
3148,1671.341,Konnichiwa from hello-edge-node-e1zri in edge-node,10
3149,343.619,Konnichiwa from hello-edge-node-e1zri in edge-node,3
3150,1331.064,Konnichiwa from hello-edge-node-e1zri in edge-node,6
3151,343.278,Konnichiwa from hello-edge-node-e1zri in edge-node,10
3152,1095.104,Konnichiwa from hello-edge-node-e1zri in edge-node,3
3153,579.467,Konnichiwa from hello-edge-node-e1zri in edge-node,6
3154,1433.347,Konnichiwa from hello-edge-node-e1zri in edge-node,10
3155,497.085,Konnichiwa from hello-edge-node-e1zri in edge-node,6
3156,1433.1119999999999,Konnichiwa from hello-edge-node-e1zri in edge-node,3
3157,79.55900000000001,Konnichiwa from hello-edge-node-e1zri in edge-node,6
3158,1434.021,Konnichiwa from hello-edge-node-e1zri in edge-node,10
3159,995.52,Konnichiwa from hello-edge-node-e1zri in edge-node,6
3160,1013.1179999999999,Konnichiwa from hello-edge-node-e1zri in edge-node,3
3161,423.748,Konnichiwa from hello-edge-node-e1zri in edge-node,10
3162,2008.255,Konnichiwa from hello-edge-node-e1zri in edge-node,6
3163,80.31,Konnichiwa from hello-edge-node-e1zri in edge-node,10
3164,1930.582,Konnichiwa from hello-edge-node-e1zri in edge-node,3
3165,76.585,Konnichiwa from hello-edge-node-e1zri in edge-node,6
3166,2004.8720000000003,Konnichiwa from hello-edge-node-e1zri in edge-node,10
3167,427.96,Konnichiwa from hello-edge-node-e1zri in edge-node,6
3168,2006.097,Konnichiwa from hello-edge-node-e1zri in edge-node,3
3169,2505.2889999999998,Konnichiwa from hello-edge-node-e1zri in edge-node,6
3170,72.32900000000001,Konnichiwa from hello-edge-node-e1zri in edge-node,3
3171,1934.887,Konnichiwa from hello-edge-node-e1zri in edge-node,10
3172,572.6419999999999,Konnichiwa from hello-edge-node-e1zri in edge-node,6
3173,2006.011,Konnichiwa from hello-edge-node-e1zri in edge-node,3
3174,2429.7,Konnichiwa from hello-edge-node-e1zri in edge-node,6
3175,911.8389999999999,Konnichiwa from hello-edge-node-e1zri in edge-node,10
3176,1094.6229999999998,Konnichiwa from hello-edge-node-e1zri in edge-node,3
3177,580.6759999999999,Konnichiwa from hello-edge-node-e1zri in edge-node,6
3178,2005.5200000000002,Konnichiwa from hello-edge-node-e1zri in edge-node,10
3179,756.06,Konnichiwa from hello-edge-node-e1zri in edge-node,6
3180,917.079,Konnichiwa from hello-edge-node-e1zri in edge-node,3
3181,1090.2160000000001,Konnichiwa from hello-edge-node-e1zri in edge-node,10
3182,1672.712,Konnichiwa from hello-edge-node-e1zri in edge-node,6
3183,580.069,Konnichiwa from hello-edge-node-e1zri in edge-node,10
3184,1671.8519999999999,Konnichiwa from hello-edge-node-e1zri in edge-node,3
3185,258.307,Konnichiwa from hello-edge-node-e1zri in edge-node,10
3186,1416.0919999999999,Konnichiwa from hello-edge-node-e1zri in edge-node,6
3187,1092.049,Konnichiwa from hello-edge-node-e1zri in edge-node,3
3188,1414.8400000000001,Konnichiwa from hello-edge-node-e1zri in edge-node,10
3189,258.488,Konnichiwa from hello-edge-node-e1zri in edge-node,6
3190,2248.404,Konnichiwa from hello-edge-node-e1zri in edge-node,3
3191,259.502,Konnichiwa from hello-edge-node-e1zri in edge-node,10
3192,1414.582,Konnichiwa from hello-edge-node-e1zri in edge-node,6
3193,1092.438,Konnichiwa from hello-edge-node-e1zri in edge-node,3
3194,1671.442,Konnichiwa from hello-edge-node-e1zri in edge-node,10
3195,2507.424,Konnichiwa from hello-edge-node-e1zri in edge-node,3
3196,1434.857,Konnichiwa from hello-edge-node-e1zri in edge-node,10
3197,2504.806,Konnichiwa from hello-edge-node-e1zri in edge-node,3
3198,805.1049999999999,Konnichiwa from hello-edge-node-e1zri in edge-node,10
3199,630.562,Konnichiwa from hello-edge-node-e1zri in edge-node,6
3200,1117.975,Konnichiwa from hello-edge-node-e1zri in edge-node,3
3201,760.615,Konnichiwa from hello-edge-node-e1zri in edge-node,6
3202,675.691,Konnichiwa from hello-edge-node-e1zri in edge-node,10
3203,442.985,Konnichiwa from hello-edge-node-e1zri in edge-node,3
3204,1434.6950000000002,Konnichiwa from hello-edge-node-e1zri in edge-node,6
3205,133.059,Konnichiwa from hello-edge-node-e1zri in edge-node,3
3206,986.49,Konnichiwa from hello-edge-node-e1zri in edge-node,10
3207,449.492,Konnichiwa from hello-edge-node-e1zri in edge-node,6
3208,1117.206,Konnichiwa from hello-edge-node-e1zri in edge-node,3
3209,444.083,Konnichiwa from hello-edge-node-e1zri in edge-node,6
3210,1117.3,Konnichiwa from hello-edge-node-e1zri in edge-node,10
3211,2005.349,Konnichiwa from hello-edge-node-e1zri in edge-node,6
3212,1445.1290000000001,Konnichiwa from hello-edge-node-e1zri in edge-node,10
3213,1896.825,Konnichiwa from hello-edge-node-e1zri in edge-node,3
3214,110.54700000000001,Konnichiwa from hello-edge-node-e1zri in edge-node,6
3215,3339.966,Konnichiwa from hello-edge-node-e1zri in edge-node,10
3216,1558.861,Konnichiwa from hello-edge-node-e1zri in edge-node,6
3217,117.015,Konnichiwa from hello-edge-node-e1zri in edge-node,3
3218,1434.3490000000002,Konnichiwa from hello-edge-node-e1zri in edge-node,10
3219,1671.8139999999999,Konnichiwa from hello-edge-node-e1zri in edge-node,3
3220,120.822,Konnichiwa from hello-edge-node-e1zri in edge-node,10
3221,1314.3780000000002,Konnichiwa from hello-edge-node-e1zri in edge-node,6
3222,359.608,Konnichiwa from hello-edge-node-e1zri in edge-node,3
3223,1434.736,Konnichiwa from hello-edge-node-e1zri in edge-node,10
3224,216.226,Konnichiwa from hello-edge-node-e1zri in edge-node,3
3225,1434.315,Konnichiwa from hello-edge-node-e1zri in edge-node,6
3226,26.386,Konnichiwa from hello-edge-node-e1zri in edge-node,3
3227,1434.391,Konnichiwa from hello-edge-node-e1zri in edge-node,10
3228,548.275,Konnichiwa from hello-edge-node-e1zri in edge-node,3
3229,1433.376,Konnichiwa from hello-edge-node-e1zri in edge-node,6
3230,528.402,Konnichiwa from hello-edge-node-e1zri in edge-node,3
3231,1479.617,Konnichiwa from hello-edge-node-e1zri in edge-node,10
3232,194.767,Konnichiwa from hello-edge-node-e1zri in edge-node,6
3233,2006.8549999999998,Konnichiwa from hello-edge-node-e1zri in edge-node,3
3234,307.90299999999996,Konnichiwa from hello-edge-node-e1zri in edge-node,6
3235,1366.0110000000002,Konnichiwa from hello-edge-node-e1zri in edge-node,10
3236,1975.743,Konnichiwa from hello-edge-node-e1zri in edge-node,3
3237,531.732,Konnichiwa from hello-edge-node-e1zri in edge-node,6
3238,1141.8919999999998,Konnichiwa from hello-edge-node-e1zri in edge-node,10
3239,1673.964,Konnichiwa from hello-edge-node-e1zri in edge-node,3
3240,526.263,Konnichiwa from hello-edge-node-e1zri in edge-node,10
3241,1672.342,Konnichiwa from hello-edge-node-e1zri in edge-node,6
3242,311.32599999999996,Konnichiwa from hello-edge-node-e1zri in edge-node,10
3243,1671.315,Konnichiwa from hello-edge-node-e1zri in edge-node,3
3244,1360.1319999999998,Konnichiwa from hello-edge-node-e1zri in edge-node,10
3245,1147.5089999999998,Konnichiwa from hello-edge-node-e1zri in edge-node,6
3246,527.037,Konnichiwa from hello-edge-node-e1zri in edge-node,3
3247,2505.74,Konnichiwa from hello-edge-node-e1zri in edge-node,10
3248,1977.69,Konnichiwa from hello-edge-node-e1zri in edge-node,3
3249,530.477,Konnichiwa from hello-edge-node-e1zri in edge-node,6
3250,1977.554,Konnichiwa from hello-edge-node-e1zri in edge-node,10
3251,2505.237,Konnichiwa from hello-edge-node-e1zri in edge-node,3
3252,526.381,Konnichiwa from hello-edge-node-e1zri in edge-node,10
3253,1980.9460000000001,Konnichiwa from hello-edge-node-e1zri in edge-node,6
3254,526.359,Konnichiwa from hello-edge-node-e1zri in edge-node,3
3255,1981.7359999999999,Konnichiwa from hello-edge-node-e1zri in edge-node,10
3256,525.135,Konnichiwa from hello-edge-node-e1zri in edge-node,6
3257,1150.227,Konnichiwa from hello-edge-node-e1zri in edge-node,3
3258,1117.996,Konnichiwa from hello-edge-node-e1zri in edge-node,10
3259,241.43800000000002,Konnichiwa from hello-edge-node-e1zri in edge-node,3
3260,1116.646,Konnichiwa from hello-edge-node-e1zri in edge-node,6
3261,317.55100000000004,Konnichiwa from hello-edge-node-e1zri in edge-node,3
3262,1115.827,Konnichiwa from hello-edge-node-e1zri in edge-node,10
3263,1075.6209999999999,Konnichiwa from hello-edge-node-e1zri in edge-node,3
3264,598.463,Konnichiwa from hello-edge-node-e1zri in edge-node,6
3265,519.12,Konnichiwa from hello-edge-node-e1zri in edge-node,10
3266,1672.3909999999998,Konnichiwa from hello-edge-node-e1zri in edge-node,3
3267,317.594,Konnichiwa from hello-edge-node-e1zri in edge-node,10
3268,801.4689999999999,Konnichiwa from hello-edge-node-e1zri in edge-node,6
3269,873.388,Konnichiwa from hello-edge-node-e1zri in edge-node,3
3270,1117.1930000000002,Konnichiwa from hello-edge-node-e1zri in edge-node,10
3271,20.271,Konnichiwa from hello-edge-node-e1zri in edge-node,3
3272,1098.902,Konnichiwa from hello-edge-node-e1zri in edge-node,6
3273,337.809,Konnichiwa from hello-edge-node-e1zri in edge-node,10
3274,1115.9969999999998,Konnichiwa from hello-edge-node-e1zri in edge-node,3
3275,555.74,Konnichiwa from hello-edge-node-e1zri in edge-node,10
3276,879.4250000000001,Konnichiwa from hello-edge-node-e1zri in edge-node,6
3277,239.048,Konnichiwa from hello-edge-node-e1zri in edge-node,3
3278,1434.645,Konnichiwa from hello-edge-node-e1zri in edge-node,10
3279,335.966,Konnichiwa from hello-edge-node-e1zri in edge-node,3
3280,783.534,Konnichiwa from hello-edge-node-e1zri in edge-node,6
3281,653.01,Konnichiwa from hello-edge-node-e1zri in edge-node,10
3282,1116.757,Konnichiwa from hello-edge-node-e1zri in edge-node,3
3283,238.781,Konnichiwa from hello-edge-node-e1zri in edge-node,10
3284,1117.1930000000002,Konnichiwa from hello-edge-node-e1zri in edge-node,6
3285,82.22699999999999,Konnichiwa from hello-edge-node-e1zri in edge-node,10
3286,1116.822,Konnichiwa from hello-edge-node-e1zri in edge-node,3
3287,61.258,Konnichiwa from hello-edge-node-e1zri in edge-node,10
3288,1375.287,Konnichiwa from hello-edge-node-e1zri in edge-node,6
3289,632.919,Konnichiwa from hello-edge-node-e1zri in edge-node,3
3290,624.14,Konnichiwa from hello-edge-node-e1zri in edge-node,10
3291,812.163,Konnichiwa from hello-edge-node-e1zri in edge-node,6
3292,1196.081,Konnichiwa from hello-edge-node-e1zri in edge-node,3
3293,60.862,Konnichiwa from hello-edge-node-e1zri in edge-node,10
3294,1374.481,Konnichiwa from hello-edge-node-e1zri in edge-node,6
3295,632.3140000000001,Konnichiwa from hello-edge-node-e1zri in edge-node,3
3296,625.445,Konnichiwa from hello-edge-node-e1zri in edge-node,10
3297,810.669,Konnichiwa from hello-edge-node-e1zri in edge-node,6
3298,1197.433,Konnichiwa from hello-edge-node-e1zri in edge-node,3
3299,60.431,Konnichiwa from hello-edge-node-e1zri in edge-node,10
3300,1376.972,Konnichiwa from hello-edge-node-e1zri in edge-node,6
3301,631.3910000000001,Konnichiwa from hello-edge-node-e1zri in edge-node,3
3302,1672.825,Konnichiwa from hello-edge-node-e1zri in edge-node,10
3303,1040.615,Konnichiwa from hello-edge-node-e1zri in edge-node,3
3304,1672.326,Konnichiwa from hello-edge-node-e1zri in edge-node,6
3305,2297.4990000000003,Konnichiwa from hello-edge-node-e1zri in edge-node,3
3306,1043.5829999999999,Konnichiwa from hello-edge-node-e1zri in edge-node,10
3307,630.6220000000001,Konnichiwa from hello-edge-node-e1zri in edge-node,6
3308,3338.664,Konnichiwa from hello-edge-node-e1zri in edge-node,3
3309,1040.926,Konnichiwa from hello-edge-node-e1zri in edge-node,6
3310,1467.682,Konnichiwa from hello-edge-node-e1zri in edge-node,10
3311,541.53,Konnichiwa from hello-edge-node-e1zri in edge-node,3
3312,1132.393,Konnichiwa from hello-edge-node-e1zri in edge-node,6
3313,1375.0359999999998,Konnichiwa from hello-edge-node-e1zri in edge-node,10
3314,632.923,Konnichiwa from hello-edge-node-e1zri in edge-node,3
3315,1040.962,Konnichiwa from hello-edge-node-e1zri in edge-node,6
3316,1466.3999999999999,Konnichiwa from hello-edge-node-e1zri in edge-node,10
3317,540.9549999999999,Konnichiwa from hello-edge-node-e1zri in edge-node,3
3318,1133.121,Konnichiwa from hello-edge-node-e1zri in edge-node,6
3319,1374.837,Konnichiwa from hello-edge-node-e1zri in edge-node,10
3320,633.164,Konnichiwa from hello-edge-node-e1zri in edge-node,3
3321,1041.156,Konnichiwa from hello-edge-node-e1zri in edge-node,6
3322,1117.8349999999998,Konnichiwa from hello-edge-node-e1zri in edge-node,10
3323,350.629,Konnichiwa from hello-edge-node-e1zri in edge-node,6
3324,1115.964,Konnichiwa from hello-edge-node-e1zri in edge-node,3
3325,1043.019,Konnichiwa from hello-edge-node-e1zri in edge-node,6
3326,1116.752,Konnichiwa from hello-edge-node-e1zri in edge-node,10
3327,349.77599999999995,Konnichiwa from hello-edge-node-e1zri in edge-node,6
3328,1116.9309999999998,Konnichiwa from hello-edge-node-e1zri in edge-node,3
3329,1042.848,Konnichiwa from hello-edge-node-e1zri in edge-node,6
3330,1115.863,Konnichiwa from hello-edge-node-e1zri in edge-node,10
3331,350.306,Konnichiwa from hello-edge-node-e1zri in edge-node,6
3332,1116.2920000000001,Konnichiwa from hello-edge-node-e1zri in edge-node,3
3333,1042.319,Konnichiwa from hello-edge-node-e1zri in edge-node,6
3334,1672.714,Konnichiwa from hello-edge-node-e1zri in edge-node,10
3335,2506.313,Konnichiwa from hello-edge-node-e1zri in edge-node,6
3336,1672.57,Konnichiwa from hello-edge-node-e1zri in edge-node,10
3337,2505.608,Konnichiwa from hello-edge-node-e1zri in edge-node,6
3338,615.579,Konnichiwa from hello-edge-node-e1zri in edge-node,10
3339,1058.206,Konnichiwa from hello-edge-node-e1zri in edge-node,3
3340,1450.307,Konnichiwa from hello-edge-node-e1zri in edge-node,6
3341,223.925,Konnichiwa from hello-edge-node-e1zri in edge-node,10
3342,1450.5339999999999,Konnichiwa from hello-edge-node-e1zri in edge-node,3
3343,557.528,Konnichiwa from hello-edge-node-e1zri in edge-node,6
3344,1117.495,Konnichiwa from hello-edge-node-e1zri in edge-node,10
3345,557.5400000000001,Konnichiwa from hello-edge-node-e1zri in edge-node,3
3346,1450.046,Konnichiwa from hello-edge-node-e1zri in edge-node,6
3347,224.136,Konnichiwa from hello-edge-node-e1zri in edge-node,10
3348,1450.8529999999998,Konnichiwa from hello-edge-node-e1zri in edge-node,3
3349,556.701,Konnichiwa from hello-edge-node-e1zri in edge-node,6
3350,1117.2040000000002,Konnichiwa from hello-edge-node-e1zri in edge-node,10
3351,556.098,Konnichiwa from hello-edge-node-e1zri in edge-node,3
3352,1451.823,Konnichiwa from hello-edge-node-e1zri in edge-node,6
3353,556.355,Konnichiwa from hello-edge-node-e1zri in edge-node,10
3354,1673.087,Konnichiwa from hello-edge-node-e1zri in edge-node,3
3355,280.943,Konnichiwa from hello-edge-node-e1zri in edge-node,10
3356,1672.032,Konnichiwa from hello-edge-node-e1zri in edge-node,6
3357,55.814,Konnichiwa from hello-edge-node-e1zri in edge-node,10
3358,1672.413,Konnichiwa from hello-edge-node-e1zri in edge-node,3
3359,780.648,Konnichiwa from hello-edge-node-e1zri in edge-node,10
3360,1226.266,Konnichiwa from hello-edge-node-e1zri in edge-node,6
3361,446.766,Konnichiwa from hello-edge-node-e1zri in edge-node,3
3362,2005.874,Konnichiwa from hello-edge-node-e1zri in edge-node,10
3363,55.719,Konnichiwa from hello-edge-node-e1zri in edge-node,3
3364,1617.842,Konnichiwa from hello-edge-node-e1zri in edge-node,6
3365,889.893,Konnichiwa from hello-edge-node-e1zri in edge-node,10
3366,547.381,Konnichiwa from hello-edge-node-e1zri in edge-node,3
3367,1961.5240000000001,Konnichiwa from hello-edge-node-e1zri in edge-node,6
3368,546.397,Konnichiwa from hello-edge-node-e1zri in edge-node,10
3369,889.81,Konnichiwa from hello-edge-node-e1zri in edge-node,3
3370,1617.394,Konnichiwa from hello-edge-node-e1zri in edge-node,6
3371,889.885,Konnichiwa from hello-edge-node-e1zri in edge-node,10
3372,546.0840000000001,Konnichiwa from hello-edge-node-e1zri in edge-node,3
3373,1960.893,Konnichiwa from hello-edge-node-e1zri in edge-node,6
3374,546.329,Konnichiwa from hello-edge-node-e1zri in edge-node,10
3375,888.89,Konnichiwa from hello-edge-node-e1zri in edge-node,3
3376,1255.449,Konnichiwa from hello-edge-node-e1zri in edge-node,6
3377,364.342,Konnichiwa from hello-edge-node-e1zri in edge-node,3
3378,1255.359,Konnichiwa from hello-edge-node-e1zri in edge-node,10
3379,889.2959999999999,Konnichiwa from hello-edge-node-e1zri in edge-node,3
3380,1119.229,Konnichiwa from hello-edge-node-e1zri in edge-node,6
3381,137.242,Konnichiwa from hello-edge-node-e1zri in edge-node,10
3382,2006.032,Konnichiwa from hello-edge-node-e1zri in edge-node,3
3383,365.716,Konnichiwa from hello-edge-node-e1zri in edge-node,10
3384,891.986,Konnichiwa from hello-edge-node-e1zri in edge-node,6
3385,1114.77,Konnichiwa from hello-edge-node-e1zri in edge-node,3
3386,1256.317,Konnichiwa from hello-edge-node-e1zri in edge-node,10
3387,138.19600000000003,Konnichiwa from hello-edge-node-e1zri in edge-node,3
3388,1869.55,Konnichiwa from hello-edge-node-e1zri in edge-node,6
3389,1473.219,Konnichiwa from hello-edge-node-e1zri in edge-node,10
3390,202.83399999999997,Konnichiwa from hello-edge-node-e1zri in edge-node,3
3391,1235.7,Konnichiwa from hello-edge-node-e1zri in edge-node,6
3392,1671.935,Konnichiwa from hello-edge-node-e1zri in edge-node,10
3393,435.222,Konnichiwa from hello-edge-node-e1zri in edge-node,6
3394,1000.0409999999999,Konnichiwa from hello-edge-node-e1zri in edge-node,3
3395,673.421,Konnichiwa from hello-edge-node-e1zri in edge-node,10
3396,1434.6490000000001,Konnichiwa from hello-edge-node-e1zri in edge-node,6
3397,1234.255,Konnichiwa from hello-edge-node-e1zri in edge-node,10
3398,439.52599999999995,Konnichiwa from hello-edge-node-e1zri in edge-node,3
3399,996.499,Konnichiwa from hello-edge-node-e1zri in edge-node,6
3400,678.079,Konnichiwa from hello-edge-node-e1zri in edge-node,10
3401,1330.466,Konnichiwa from hello-edge-node-e1zri in edge-node,3
3402,106.585,Konnichiwa from hello-edge-node-e1zri in edge-node,6
3403,1568.501,Konnichiwa from hello-edge-node-e1zri in edge-node,10
3404,439.331,Konnichiwa from hello-edge-node-e1zri in edge-node,3
3405,680.192,Konnichiwa from hello-edge-node-e1zri in edge-node,6
3406,994.261,Konnichiwa from hello-edge-node-e1zri in edge-node,10
3407,1014.251,Konnichiwa from hello-edge-node-e1zri in edge-node,3
3408,103.799,Konnichiwa from hello-edge-node-e1zri in edge-node,6
3409,1570.614,Konnichiwa from hello-edge-node-e1zri in edge-node,10
3410,436.064,Konnichiwa from hello-edge-node-e1zri in edge-node,3
3411,682.48,Konnichiwa from hello-edge-node-e1zri in edge-node,6
3412,991.502,Konnichiwa from hello-edge-node-e1zri in edge-node,10
3413,1015.7940000000001,Konnichiwa from hello-edge-node-e1zri in edge-node,3
3414,102.40100000000001,Konnichiwa from hello-edge-node-e1zri in edge-node,6
3415,1672.308,Konnichiwa from hello-edge-node-e1zri in edge-node,10
3416,1116.654,Konnichiwa from hello-edge-node-e1zri in edge-node,6
3417,453.613,Konnichiwa from hello-edge-node-e1zri in edge-node,10
3418,1006.1569999999999,Konnichiwa from hello-edge-node-e1zri in edge-node,3
3419,215.695,Konnichiwa from hello-edge-node-e1zri in edge-node,10
3420,1004.8459999999999,Konnichiwa from hello-edge-node-e1zri in edge-node,6
3421,1671.177,Konnichiwa from hello-edge-node-e1zri in edge-node,10
3422,451.991,Konnichiwa from hello-edge-node-e1zri in edge-node,6
3423,555.197,Konnichiwa from hello-edge-node-e1zri in edge-node,3
3424,1118.768,Konnichiwa from hello-edge-node-e1zri in edge-node,10
3425,1005.415,Konnichiwa from hello-edge-node-e1zri in edge-node,6
3426,1117.126,Konnichiwa from hello-edge-node-e1zri in edge-node,10
3427,102.70899999999999,Konnichiwa from hello-edge-node-e1zri in edge-node,6
3428,904.597,Konnichiwa from hello-edge-node-e1zri in edge-node,3
3429,214.82000000000002,Konnichiwa from hello-edge-node-e1zri in edge-node,10
3430,1005.2160000000001,Konnichiwa from hello-edge-node-e1zri in edge-node,6
3431,218.994,Konnichiwa from hello-edge-node-e1zri in edge-node,10
3432,899.867,Konnichiwa from hello-edge-node-e1zri in edge-node,3
3433,774.75,Konnichiwa from hello-edge-node-e1zri in edge-node,6
3434,661.3820000000001,Konnichiwa from hello-edge-node-e1zri in edge-node,10
3435,458.117,Konnichiwa from hello-edge-node-e1zri in edge-node,3
3436,1216.57,Konnichiwa from hello-edge-node-e1zri in edge-node,6
3437,219.453,Konnichiwa from hello-edge-node-e1zri in edge-node,10
3438,899.374,Konnichiwa from hello-edge-node-e1zri in edge-node,3
3439,775.257,Konnichiwa from hello-edge-node-e1zri in edge-node,6
3440,660.817,Konnichiwa from hello-edge-node-e1zri in edge-node,10
3441,457.61899999999997,Konnichiwa from hello-edge-node-e1zri in edge-node,3
3442,1216.401,Konnichiwa from hello-edge-node-e1zri in edge-node,6
3443,219.051,Konnichiwa from hello-edge-node-e1zri in edge-node,10
3444,1672.376,Konnichiwa from hello-edge-node-e1zri in edge-node,3
3445,2505.263,Konnichiwa from hello-edge-node-e1zri in edge-node,10
3446,2006.6350000000002,Konnichiwa from hello-edge-node-e1zri in edge-node,3
3447,2506.19,Konnichiwa from hello-edge-node-e1zri in edge-node,10
3448,1105.87,Konnichiwa from hello-edge-node-e1zri in edge-node,3
3449,902.9509999999999,Konnichiwa from hello-edge-node-e1zri in edge-node,6
3450,1434.321,Konnichiwa from hello-edge-node-e1zri in edge-node,10
3451,171.827,Konnichiwa from hello-edge-node-e1zri in edge-node,6
3452,1434.218,Konnichiwa from hello-edge-node-e1zri in edge-node,3
3453,402.778,Konnichiwa from hello-edge-node-e1zri in edge-node,6
3454,1434.0230000000001,Konnichiwa from hello-edge-node-e1zri in edge-node,10
3455,672.297,Konnichiwa from hello-edge-node-e1zri in edge-node,6
3456,1336.132,Konnichiwa from hello-edge-node-e1zri in edge-node,3
3457,98.961,Konnichiwa from hello-edge-node-e1zri in edge-node,10
3458,2006.789,Konnichiwa from hello-edge-node-e1zri in edge-node,6
3459,403.858,Konnichiwa from hello-edge-node-e1zri in edge-node,10
3460,1031.982,Konnichiwa from hello-edge-node-e1zri in edge-node,3
3461,974.908,Konnichiwa from hello-edge-node-e1zri in edge-node,6
3462,1532.1370000000002,Konnichiwa from hello-edge-node-e1zri in edge-node,10
3463,476.034,Konnichiwa from hello-edge-node-e1zri in edge-node,3
3464,1531.4920000000002,Konnichiwa from hello-edge-node-e1zri in edge-node,6
3465,475.934,Konnichiwa from hello-edge-node-e1zri in edge-node,10
3466,1531.044,Konnichiwa from hello-edge-node-e1zri in edge-node,3
3467,1810.248,Konnichiwa from hello-edge-node-e1zri in edge-node,6
3468,197.785,Konnichiwa from hello-edge-node-e1zri in edge-node,10
3469,1810.143,Konnichiwa from hello-edge-node-e1zri in edge-node,3
3470,1531.54,Konnichiwa from hello-edge-node-e1zri in edge-node,6
3471,475.78999999999996,Konnichiwa from hello-edge-node-e1zri in edge-node,10
3472,782.084,Konnichiwa from hello-edge-node-e1zri in edge-node,3
3473,2559.247,Konnichiwa from hello-edge-node-e1zri in edge-node,6
3474,1255.205,Konnichiwa from hello-edge-node-e1zri in edge-node,10
3475,3338.7250000000004,Konnichiwa from hello-edge-node-e1zri in edge-node,6
3476,1255.696,Konnichiwa from hello-edge-node-e1zri in edge-node,10
3477,1604.725,Konnichiwa from hello-edge-node-e1zri in edge-node,6
3478,1737.454,Konnichiwa from hello-edge-node-e1zri in edge-node,3
3479,270.3,Konnichiwa from hello-edge-node-e1zri in edge-node,10
3480,2237.908,Konnichiwa from hello-edge-node-e1zri in edge-node,6
3481,1102.529,Konnichiwa from hello-edge-node-e1zri in edge-node,3
3482,905.362,Konnichiwa from hello-edge-node-e1zri in edge-node,10
3483,1601.6999999999998,Konnichiwa from hello-edge-node-e1zri in edge-node,6
3484,406.281,Konnichiwa from hello-edge-node-e1zri in edge-node,3
3485,1600.822,Konnichiwa from hello-edge-node-e1zri in edge-node,10
3486,907.246,Konnichiwa from hello-edge-node-e1zri in edge-node,6
3487,1100.2179999999998,Konnichiwa from hello-edge-node-e1zri in edge-node,3
3488,1407.26,Konnichiwa from hello-edge-node-e1zri in edge-node,10
3489,2005.397,Konnichiwa from hello-edge-node-e1zri in edge-node,6
3490,1597.336,Konnichiwa from hello-edge-node-e1zri in edge-node,10
3491,910.643,Konnichiwa from hello-edge-node-e1zri in edge-node,3
3492,2432.442,Konnichiwa from hello-edge-node-e1zri in edge-node,6
3493,2505.369,Konnichiwa from hello-edge-node-e1zri in edge-node,10
3494,71.725,Konnichiwa from hello-edge-node-e1zri in edge-node,6
3495,3268.732,Konnichiwa from hello-edge-node-e1zri in edge-node,3
3496,72.17099999999999,Konnichiwa from hello-edge-node-e1zri in edge-node,10
3497,1046.507,Konnichiwa from hello-edge-node-e1zri in edge-node,6
3498,2294.181,Konnichiwa from hello-edge-node-e1zri in edge-node,3
3499,1046.5729999999999,Konnichiwa from hello-edge-node-e1zri in edge-node,10
3500,71.346,Konnichiwa from hello-edge-node-e1zri in edge-node,6
3501,2438.3669999999997,Konnichiwa from hello-edge-node-e1zri in edge-node,3
3502,903.725,Konnichiwa from hello-edge-node-e1zri in edge-node,10
3503,216.447,Konnichiwa from hello-edge-node-e1zri in edge-node,6
3504,2006.4829999999997,Konnichiwa from hello-edge-node-e1zri in edge-node,3
3505,287.351,Konnichiwa from hello-edge-node-e1zri in edge-node,6
3506,2005.906,Konnichiwa from hello-edge-node-e1zri in edge-node,10
3507,2505.527,Konnichiwa from hello-edge-node-e1zri in edge-node,6
3508,2005.0590000000002,Konnichiwa from hello-edge-node-e1zri in edge-node,10
3509,1117.1709999999998,Konnichiwa from hello-edge-node-e1zri in edge-node,6
3510,2005.579,Konnichiwa from hello-edge-node-e1zri in edge-node,10
3511,1116.982,Konnichiwa from hello-edge-node-e1zri in edge-node,6
3512,405.874,Konnichiwa from hello-edge-node-e1zri in edge-node,10
3513,1117.779,Konnichiwa from hello-edge-node-e1zri in edge-node,3
3514,986.756,Konnichiwa from hello-edge-node-e1zri in edge-node,10
3515,449.295,Konnichiwa from hello-edge-node-e1zri in edge-node,6
3516,669.1890000000001,Konnichiwa from hello-edge-node-e1zri in edge-node,3
3517,1433.185,Konnichiwa from hello-edge-node-e1zri in edge-node,10
3518,406.501,Konnichiwa from hello-edge-node-e1zri in edge-node,3
3519,711.707,Konnichiwa from hello-edge-node-e1zri in edge-node,6
3520,724.2570000000001,Konnichiwa from hello-edge-node-e1zri in edge-node,10
3521,1784.4789999999998,Konnichiwa from hello-edge-node-e1zri in edge-node,3
3522,725.915,Konnichiwa from hello-edge-node-e1zri in edge-node,6
3523,710.255,Konnichiwa from hello-edge-node-e1zri in edge-node,10
3524,1796.742,Konnichiwa from hello-edge-node-e1zri in edge-node,3
3525,711.018,Konnichiwa from hello-edge-node-e1zri in edge-node,6
3526,1296.659,Konnichiwa from hello-edge-node-e1zri in edge-node,10
3527,2044.279,Konnichiwa from hello-edge-node-e1zri in edge-node,3
3528,464.351,Konnichiwa from hello-edge-node-e1zri in edge-node,6
3529,1543.174,Konnichiwa from hello-edge-node-e1zri in edge-node,10
3530,1798.107,Konnichiwa from hello-edge-node-e1zri in edge-node,3
3531,210.363,Konnichiwa from hello-edge-node-e1zri in edge-node,6
3532,1796.6770000000001,Konnichiwa from hello-edge-node-e1zri in edge-node,10
3533,1544.059,Konnichiwa from hello-edge-node-e1zri in edge-node,3
3534,463.113,Konnichiwa from hello-edge-node-e1zri in edge-node,6
3535,916.2379999999999,Konnichiwa from hello-edge-node-e1zri in edge-node,10
3536,630.4110000000001,Konnichiwa from hello-edge-node-e1zri in edge-node,6
3537,914.571,Konnichiwa from hello-edge-node-e1zri in edge-node,3
3538,465.432,Konnichiwa from hello-edge-node-e1zri in edge-node,6
3539,915.9399999999999,Konnichiwa from hello-edge-node-e1zri in edge-node,10
3540,629.255,Konnichiwa from hello-edge-node-e1zri in edge-node,6
3541,914.705,Konnichiwa from hello-edge-node-e1zri in edge-node,3
3542,466.479,Konnichiwa from hello-edge-node-e1zri in edge-node,6
3543,914.727,Konnichiwa from hello-edge-node-e1zri in edge-node,10
3544,628.461,Konnichiwa from hello-edge-node-e1zri in edge-node,6
3545,914.024,Konnichiwa from hello-edge-node-e1zri in edge-node,3
3546,467.08,Konnichiwa from hello-edge-node-e1zri in edge-node,6
3547,914.481,Konnichiwa from hello-edge-node-e1zri in edge-node,10
3548,627.816,Konnichiwa from hello-edge-node-e1zri in edge-node,6
3549,1379.502,Konnichiwa from hello-edge-node-e1zri in edge-node,3
3550,1128.624,Konnichiwa from hello-edge-node-e1zri in edge-node,10
3551,545.837,Konnichiwa from hello-edge-node-e1zri in edge-node,6
3552,1461.5549999999998,Konnichiwa from hello-edge-node-e1zri in edge-node,3
3553,1045.517,Konnichiwa from hello-edge-node-e1zri in edge-node,10
3554,628.425,Konnichiwa from hello-edge-node-e1zri in edge-node,6
3555,1379.7930000000001,Konnichiwa from hello-edge-node-e1zri in edge-node,3
3556,1128.419,Konnichiwa from hello-edge-node-e1zri in edge-node,10
3557,546.041,Konnichiwa from hello-edge-node-e1zri in edge-node,6
3558,1962.118,Konnichiwa from hello-edge-node-e1zri in edge-node,3
3559,544.624,Konnichiwa from hello-edge-node-e1zri in edge-node,10
3560,1129.458,Konnichiwa from hello-edge-node-e1zri in edge-node,6
3561,1377.237,Konnichiwa from hello-edge-node-e1zri in edge-node,3
3562,2506.107,Konnichiwa from hello-edge-node-e1zri in edge-node,10
3563,2505.636,Konnichiwa from hello-edge-node-e1zri in edge-node,3
3564,2505.9269999999997,Konnichiwa from hello-edge-node-e1zri in edge-node,10
3565,5006.231,Konnichiwa from hello-edge-node-e1zri in edge-node,3
3566,1116.208,Konnichiwa from hello-edge-node-e1zri in edge-node,10
3567,891.3299999999999,Konnichiwa from hello-edge-node-e1zri in edge-node,6
3568,4116.018999999999,Konnichiwa from hello-edge-node-e1zri in edge-node,3
3569,890.818,Konnichiwa from hello-edge-node-e1zri in edge-node,10
3570,1116.239,Konnichiwa from hello-edge-node-e1zri in edge-node,6
3571,2507.058,Konnichiwa from hello-edge-node-e1zri in edge-node,3
3572,1387.737,Konnichiwa from hello-edge-node-e1zri in edge-node,6
3573,2505.257,Konnichiwa from hello-edge-node-e1zri in edge-node,10
3574,1117.219,Konnichiwa from hello-edge-node-e1zri in edge-node,6
3575,2505.3269999999998,Konnichiwa from hello-edge-node-e1zri in edge-node,3
3576,1386.814,Konnichiwa from hello-edge-node-e1zri in edge-node,6
3577,2506.946,Konnichiwa from hello-edge-node-e1zri in edge-node,10
3578,1116.1129999999998,Konnichiwa from hello-edge-node-e1zri in edge-node,6
3579,2506.02,Konnichiwa from hello-edge-node-e1zri in edge-node,3
3580,5005.639999999999,Konnichiwa from hello-edge-node-e1zri in edge-node,6
3581,1384.9940000000001,Konnichiwa from hello-edge-node-e1zri in edge-node,3
3582,5006.159000000001,Konnichiwa from hello-edge-node-e1zri in edge-node,10
3583,5007.197999999999,Konnichiwa from hello-edge-node-e1zri in edge-node,3
3584,2006.706,Konnichiwa from hello-edge-node-e1zri in edge-node,10
3585,5009.686000000001,Konnichiwa from hello-edge-node-e1zri in edge-node,3
3586,2010.192,Konnichiwa from hello-edge-node-e1zri in edge-node,10
